"billing_id","customer_id","billing_month","units_consumed","bill_amount","payment_status","created_date","last_updated","due_date","payment_date"
"1","1","2026-01-01","710.54","4618.51","Paid","2026-01-01 00:00:00","2026-01-16 00:00:00","2026-01-16","2026-01-16"
"2","1","2026-02-01","519.69","3377.99","Paid","2026-02-01 00:00:00","2026-02-13 00:00:00","2026-02-16","2026-02-13"
"3","1","2026-03-01","190.75","1430.62","Paid","2026-03-02 00:00:00","2026-03-15 00:00:00","2026-03-16","2026-03-15"
"4","1","2026-04-01","81.37","569.59","Paid","2026-04-02 00:00:00","2026-04-15 00:00:00","2026-04-16","2026-04-15"
"5","1","2026-05-01","137.3","892.45","Overdue","2026-05-01 00:00:00","2026-05-23 00:00:00","2026-05-16","2026-05-23"
"6","1","2026-06-01","163.67","900.18","Pending","2026-06-03 00:00:00","2026-06-13 00:00:00","2026-06-16",""
"7","1","2026-07-01","727.86","4003.23","Paid","2026-07-01 00:00:00","2026-07-15 00:00:00","2026-07-16","2026-07-15"
"8","1","2026-08-01","550.19","3576.24","Pending","2026-08-02 00:00:00","2026-08-12 00:00:00","2026-08-16",""
"9","1","2026-09-01","361.64","2531.48","Paid","2026-09-02 00:00:00","2026-09-14 00:00:00","2026-09-16","2026-09-14"
"10","1","2026-10-01","543.15","3530.47","Overdue","2026-10-01 00:00:00","2026-10-25 00:00:00","2026-10-16","2026-10-25"
"11","1","2026-11-01","812.21","6091.58","Pending","2026-11-01 00:00:00","2026-11-11 00:00:00","2026-11-16",""
"12","1","2026-12-01","809.88","5669.16","Overdue","2026-12-02 00:00:00","2026-12-26 00:00:00","2026-12-16","2026-12-26"
"13","2","2026-01-01","387.11","2129.11","Pending","2026-01-03 00:00:00","2026-01-13 00:00:00","2026-01-16",""
"14","2","2026-02-01","752.56","5267.92","Paid","2026-02-03 00:00:00","2026-02-11 00:00:00","2026-02-16","2026-02-11"
"15","2","2026-03-01","354.62","2659.65","Paid","2026-03-03 00:00:00","2026-03-15 00:00:00","2026-03-16","2026-03-15"
"16","2","2026-04-01","454.55","3409.12","Paid","2026-04-02 00:00:00","2026-04-11 00:00:00","2026-04-16","2026-04-11"
"17","2","2026-05-01","560.69","3644.49","Paid","2026-05-02 00:00:00","2026-05-15 00:00:00","2026-05-16","2026-05-15"
"18","2","2026-06-01","412.69","3095.18","Paid","2026-06-01 00:00:00","2026-06-15 00:00:00","2026-06-16","2026-06-15"
"19","2","2026-07-01","315.92","2211.44","Paid","2026-07-03 00:00:00","2026-07-11 00:00:00","2026-07-16","2026-07-11"
"20","2","2026-08-01","476.73","2860.38","Paid","2026-08-03 00:00:00","2026-08-12 00:00:00","2026-08-16","2026-08-12"
"21","2","2026-09-01","390.44","2733.08","Overdue","2026-09-01 00:00:00","2026-09-24 00:00:00","2026-09-16","2026-09-24"
"22","2","2026-10-01","454.2","2498.1","Paid","2026-10-01 00:00:00","2026-10-15 00:00:00","2026-10-16","2026-10-15"
"23","2","2026-11-01","302.98","2120.86","Paid","2026-11-02 00:00:00","2026-11-11 00:00:00","2026-11-16","2026-11-11"
"24","2","2026-12-01","80.29","602.18","Pending","2026-12-03 00:00:00","2026-12-13 00:00:00","2026-12-16",""
"25","3","2026-01-01","659.78","3628.79","Overdue","2026-01-01 00:00:00","2026-01-22 00:00:00","2026-01-16","2026-01-22"
"26","3","2026-02-01","389.52","2921.4","Paid","2026-02-02 00:00:00","2026-02-12 00:00:00","2026-02-16","2026-02-12"
"27","3","2026-03-01","103.89","675.28","Pending","2026-03-03 00:00:00","2026-03-13 00:00:00","2026-03-16",""
"28","3","2026-04-01","107.09","803.18","Pending","2026-04-02 00:00:00","2026-04-12 00:00:00","2026-04-16",""
"29","3","2026-05-01","365.66","2193.96","Pending","2026-05-02 00:00:00","2026-05-12 00:00:00","2026-05-16",""
"30","3","2026-06-01","793.17","4759.02","Paid","2026-06-02 00:00:00","2026-06-11 00:00:00","2026-06-16","2026-06-11"
"31","3","2026-07-01","144.27","793.49","Paid","2026-07-02 00:00:00","2026-07-11 00:00:00","2026-07-16","2026-07-11"
"32","3","2026-08-01","520.78","3124.68","Pending","2026-08-03 00:00:00","2026-08-13 00:00:00","2026-08-16",""
"33","3","2026-09-01","382.16","2866.2","Paid","2026-09-03 00:00:00","2026-09-13 00:00:00","2026-09-16","2026-09-13"
"34","3","2026-10-01","596.29","4472.17","Overdue","2026-10-02 00:00:00","2026-10-18 00:00:00","2026-10-16","2026-10-18"
"35","3","2026-11-01","130.89","785.34","Pending","2026-11-02 00:00:00","2026-11-12 00:00:00","2026-11-16",""
"36","3","2026-12-01","448.77","3141.39","Paid","2026-12-02 00:00:00","2026-12-14 00:00:00","2026-12-16","2026-12-14"
"37","4","2026-01-01","728.71","4007.91","Pending","2026-01-02 00:00:00","2026-01-12 00:00:00","2026-01-16",""
"38","4","2026-02-01","794.54","5959.05","Overdue","2026-02-01 00:00:00","2026-02-22 00:00:00","2026-02-16","2026-02-22"
"39","4","2026-03-01","490.1","3675.75","Paid","2026-03-03 00:00:00","2026-03-14 00:00:00","2026-03-16","2026-03-14"
"40","4","2026-04-01","812.62","5282.03","Paid","2026-04-03 00:00:00","2026-04-15 00:00:00","2026-04-16","2026-04-15"
"41","4","2026-05-01","279.46","1816.49","Paid","2026-05-01 00:00:00","2026-05-12 00:00:00","2026-05-16","2026-05-12"
"42","4","2026-06-01","115.28","864.6","Pending","2026-06-02 00:00:00","2026-06-12 00:00:00","2026-06-16",""
"43","4","2026-07-01","243.59","1339.75","Paid","2026-07-01 00:00:00","2026-07-12 00:00:00","2026-07-16","2026-07-12"
"44","4","2026-08-01","269.36","2020.2","Paid","2026-08-01 00:00:00","2026-08-12 00:00:00","2026-08-16","2026-08-12"
"45","4","2026-09-01","534.72","3208.32","Paid","2026-09-02 00:00:00","2026-09-14 00:00:00","2026-09-16","2026-09-14"
"46","4","2026-10-01","483.68","3385.76","Paid","2026-10-03 00:00:00","2026-10-13 00:00:00","2026-10-16","2026-10-13"
"47","4","2026-11-01","762.88","5721.6","Paid","2026-11-01 00:00:00","2026-11-11 00:00:00","2026-11-16","2026-11-11"
"48","4","2026-12-01","829.89","6224.18","Paid","2026-12-02 00:00:00","2026-12-13 00:00:00","2026-12-16","2026-12-13"
"49","5","2026-01-01","816.58","6124.35","Overdue","2026-01-01 00:00:00","2026-01-17 00:00:00","2026-01-16","2026-01-17"
"50","5","2026-02-01","361.58","2711.85","Pending","2026-02-03 00:00:00","2026-02-13 00:00:00","2026-02-16",""
"51","5","2026-03-01","786.55","5112.57","Paid","2026-03-01 00:00:00","2026-03-14 00:00:00","2026-03-16","2026-03-14"
"52","5","2026-04-01","338.72","2032.32","Pending","2026-04-03 00:00:00","2026-04-13 00:00:00","2026-04-16",""
"53","5","2026-05-01","752.79","4516.74","Paid","2026-05-02 00:00:00","2026-05-15 00:00:00","2026-05-16","2026-05-15"
"54","5","2026-06-01","387.77","2520.51","Paid","2026-06-02 00:00:00","2026-06-13 00:00:00","2026-06-16","2026-06-13"
"55","5","2026-07-01","382.18","2484.17","Overdue","2026-07-01 00:00:00","2026-07-23 00:00:00","2026-07-16","2026-07-23"
"56","5","2026-08-01","752.24","4889.56","Paid","2026-08-01 00:00:00","2026-08-12 00:00:00","2026-08-16","2026-08-12"
"57","5","2026-09-01","122.32","856.24","Pending","2026-09-01 00:00:00","2026-09-11 00:00:00","2026-09-16",""
"58","5","2026-10-01","550.29","3576.88","Paid","2026-10-02 00:00:00","2026-10-13 00:00:00","2026-10-16","2026-10-13"
"59","5","2026-11-01","298.05","2086.35","Pending","2026-11-01 00:00:00","2026-11-11 00:00:00","2026-11-16",""
"60","5","2026-12-01","283.7","1985.9","Overdue","2026-12-03 00:00:00","2026-12-22 00:00:00","2026-12-16","2026-12-22"
"61","6","2026-01-01","356.49","1960.7","Overdue","2026-01-03 00:00:00","2026-01-21 00:00:00","2026-01-16","2026-01-21"
"62","6","2026-02-01","431.06","3017.42","Paid","2026-02-01 00:00:00","2026-02-16 00:00:00","2026-02-16","2026-02-16"
"63","6","2026-03-01","518.79","3631.53","Paid","2026-03-03 00:00:00","2026-03-13 00:00:00","2026-03-16","2026-03-13"
"64","6","2026-04-01","793.78","4762.68","Paid","2026-04-03 00:00:00","2026-04-14 00:00:00","2026-04-16","2026-04-14"
"65","6","2026-05-01","493.38","3700.35","Paid","2026-05-03 00:00:00","2026-05-13 00:00:00","2026-05-16","2026-05-13"
"66","6","2026-06-01","342.91","2400.37","Overdue","2026-06-02 00:00:00","2026-06-17 00:00:00","2026-06-16","2026-06-17"
"67","6","2026-07-01","313.78","2196.46","Paid","2026-07-01 00:00:00","2026-07-14 00:00:00","2026-07-16","2026-07-14"
"68","6","2026-08-01","115.59","635.75","Pending","2026-08-02 00:00:00","2026-08-12 00:00:00","2026-08-16",""
"69","6","2026-09-01","118.23","886.73","Paid","2026-09-02 00:00:00","2026-09-15 00:00:00","2026-09-16","2026-09-15"
"70","6","2026-10-01","328.26","2297.82","Overdue","2026-10-01 00:00:00","2026-10-20 00:00:00","2026-10-16","2026-10-20"
"71","6","2026-11-01","155.57","1088.99","Paid","2026-11-01 00:00:00","2026-11-12 00:00:00","2026-11-16","2026-11-12"
"72","6","2026-12-01","309.03","1854.18","Overdue","2026-12-03 00:00:00","2026-12-25 00:00:00","2026-12-16","2026-12-25"
"73","7","2026-01-01","850.3","5952.1","Paid","2026-01-03 00:00:00","2026-01-11 00:00:00","2026-01-16","2026-01-11"
"74","7","2026-02-01","547.41","3831.87","Paid","2026-02-02 00:00:00","2026-02-16 00:00:00","2026-02-16","2026-02-16"
"75","7","2026-03-01","484.44","2906.64","Paid","2026-03-03 00:00:00","2026-03-15 00:00:00","2026-03-16","2026-03-15"
"76","7","2026-04-01","280.47","1682.82","Paid","2026-04-01 00:00:00","2026-04-16 00:00:00","2026-04-16","2026-04-16"
"77","7","2026-05-01","840.25","4621.38","Pending","2026-05-01 00:00:00","2026-05-11 00:00:00","2026-05-16",""
"78","7","2026-06-01","104.56","627.36","Paid","2026-06-02 00:00:00","2026-06-12 00:00:00","2026-06-16","2026-06-12"
"79","7","2026-07-01","653.04","3918.24","Pending","2026-07-03 00:00:00","2026-07-13 00:00:00","2026-07-16",""
"80","7","2026-08-01","630.18","4096.17","Paid","2026-08-02 00:00:00","2026-08-14 00:00:00","2026-08-16","2026-08-14"
"81","7","2026-09-01","693.9","4163.4","Overdue","2026-09-01 00:00:00","2026-09-17 00:00:00","2026-09-16","2026-09-17"
"82","7","2026-10-01","262.08","1834.56","Paid","2026-10-02 00:00:00","2026-10-13 00:00:00","2026-10-16","2026-10-13"
"83","7","2026-11-01","399.87","2799.09","Overdue","2026-11-02 00:00:00","2026-11-20 00:00:00","2026-11-16","2026-11-20"
"84","7","2026-12-01","470.03","2585.16","Paid","2026-12-01 00:00:00","2026-12-15 00:00:00","2026-12-16","2026-12-15"
"85","8","2026-01-01","839.71","5458.11","Paid","2026-01-01 00:00:00","2026-01-13 00:00:00","2026-01-16","2026-01-13"
"86","8","2026-02-01","444.93","2892.05","Overdue","2026-02-03 00:00:00","2026-02-17 00:00:00","2026-02-16","2026-02-17"
"87","8","2026-03-01","400.28","2201.54","Paid","2026-03-02 00:00:00","2026-03-15 00:00:00","2026-03-16","2026-03-15"
"88","8","2026-04-01","566.12","3679.78","Overdue","2026-04-01 00:00:00","2026-04-18 00:00:00","2026-04-16","2026-04-18"
"89","8","2026-05-01","248.88","1742.16","Paid","2026-05-03 00:00:00","2026-05-11 00:00:00","2026-05-16","2026-05-11"
"90","8","2026-06-01","183.44","1284.08","Pending","2026-06-01 00:00:00","2026-06-11 00:00:00","2026-06-16",""
"91","8","2026-07-01","726.84","3997.62","Paid","2026-07-01 00:00:00","2026-07-15 00:00:00","2026-07-16","2026-07-15"
"92","8","2026-08-01","200.06","1400.42","Paid","2026-08-02 00:00:00","2026-08-16 00:00:00","2026-08-16","2026-08-16"
"93","8","2026-09-01","411.83","2265.07","Paid","2026-09-02 00:00:00","2026-09-11 00:00:00","2026-09-16","2026-09-11"
"94","8","2026-10-01","650.47","3902.82","Paid","2026-10-01 00:00:00","2026-10-13 00:00:00","2026-10-16","2026-10-13"
"95","8","2026-11-01","440.37","2642.22","Paid","2026-11-03 00:00:00","2026-11-14 00:00:00","2026-11-16","2026-11-14"
"96","8","2026-12-01","360.0","2160.0","Paid","2026-12-01 00:00:00","2026-12-13 00:00:00","2026-12-16","2026-12-13"
"97","9","2026-01-01","348.45","2439.15","Paid","2026-01-01 00:00:00","2026-01-14 00:00:00","2026-01-16","2026-01-14"
"98","9","2026-02-01","127.52","701.36","Paid","2026-02-02 00:00:00","2026-02-16 00:00:00","2026-02-16","2026-02-16"
"99","9","2026-03-01","272.27","2042.02","Paid","2026-03-01 00:00:00","2026-03-14 00:00:00","2026-03-16","2026-03-14"
"100","9","2026-04-01","295.88","2071.16","Overdue","2026-04-01 00:00:00","2026-04-25 00:00:00","2026-04-16","2026-04-25"
"101","9","2026-05-01","593.39","4153.73","Paid","2026-05-03 00:00:00","2026-05-14 00:00:00","2026-05-16","2026-05-14"
"102","9","2026-06-01","366.88","2017.84","Overdue","2026-06-01 00:00:00","2026-06-21 00:00:00","2026-06-16","2026-06-21"
"103","9","2026-07-01","610.22","3356.21","Overdue","2026-07-02 00:00:00","2026-07-17 00:00:00","2026-07-16","2026-07-17"
"104","9","2026-08-01","347.02","1908.61","Paid","2026-08-02 00:00:00","2026-08-12 00:00:00","2026-08-16","2026-08-12"
"105","9","2026-09-01","242.95","1336.22","Overdue","2026-09-03 00:00:00","2026-09-25 00:00:00","2026-09-16","2026-09-25"
"106","9","2026-10-01","373.78","2616.46","Paid","2026-10-01 00:00:00","2026-10-11 00:00:00","2026-10-16","2026-10-11"
"107","9","2026-11-01","213.95","1176.72","Overdue","2026-11-02 00:00:00","2026-11-25 00:00:00","2026-11-16","2026-11-25"
"108","9","2026-12-01","631.42","3788.52","Paid","2026-12-02 00:00:00","2026-12-11 00:00:00","2026-12-16","2026-12-11"
"109","10","2026-01-01","191.83","1438.73","Paid","2026-01-02 00:00:00","2026-01-16 00:00:00","2026-01-16","2026-01-16"
"110","10","2026-02-01","812.07","4466.39","Paid","2026-02-01 00:00:00","2026-02-16 00:00:00","2026-02-16","2026-02-16"
"111","10","2026-03-01","376.14","2444.91","Paid","2026-03-02 00:00:00","2026-03-14 00:00:00","2026-03-16","2026-03-14"
"112","10","2026-04-01","293.19","2198.93","Paid","2026-04-02 00:00:00","2026-04-12 00:00:00","2026-04-16","2026-04-12"
"113","10","2026-05-01","879.63","5717.6","Overdue","2026-05-01 00:00:00","2026-05-18 00:00:00","2026-05-16","2026-05-18"
"114","10","2026-06-01","864.53","4754.91","Paid","2026-06-02 00:00:00","2026-06-13 00:00:00","2026-06-16","2026-06-13"
"115","10","2026-07-01","162.76","1139.32","Paid","2026-07-01 00:00:00","2026-07-12 00:00:00","2026-07-16","2026-07-12"
"116","10","2026-08-01","227.84","1367.04","Paid","2026-08-02 00:00:00","2026-08-11 00:00:00","2026-08-16","2026-08-11"
"117","10","2026-09-01","251.92","1385.56","Paid","2026-09-02 00:00:00","2026-09-13 00:00:00","2026-09-16","2026-09-13"
"118","10","2026-10-01","223.21","1450.87","Paid","2026-10-02 00:00:00","2026-10-16 00:00:00","2026-10-16","2026-10-16"
"119","10","2026-11-01","759.02","4174.61","Paid","2026-11-02 00:00:00","2026-11-13 00:00:00","2026-11-16","2026-11-13"
"120","10","2026-12-01","402.82","3021.15","Paid","2026-12-01 00:00:00","2026-12-12 00:00:00","2026-12-16","2026-12-12"
"121","11","2026-01-01","797.52","5183.88","Overdue","2026-01-01 00:00:00","2026-01-20 00:00:00","2026-01-16","2026-01-20"
"122","11","2026-02-01","894.31","5365.86","Overdue","2026-02-03 00:00:00","2026-02-22 00:00:00","2026-02-16","2026-02-22"
"123","11","2026-03-01","430.12","3010.84","Paid","2026-03-02 00:00:00","2026-03-15 00:00:00","2026-03-16","2026-03-15"
"124","11","2026-04-01","133.84","803.04","Pending","2026-04-01 00:00:00","2026-04-11 00:00:00","2026-04-16",""
"125","11","2026-05-01","262.35","1442.93","Paid","2026-05-01 00:00:00","2026-05-12 00:00:00","2026-05-16","2026-05-12"
"126","11","2026-06-01","408.59","2860.13","Overdue","2026-06-02 00:00:00","2026-06-20 00:00:00","2026-06-16","2026-06-20"
"127","11","2026-07-01","141.18","847.08","Overdue","2026-07-03 00:00:00","2026-07-22 00:00:00","2026-07-16","2026-07-22"
"128","11","2026-08-01","115.04","862.8","Pending","2026-08-01 00:00:00","2026-08-11 00:00:00","2026-08-16",""
"129","11","2026-09-01","633.67","3802.02","Paid","2026-09-02 00:00:00","2026-09-15 00:00:00","2026-09-16","2026-09-15"
"130","11","2026-10-01","882.11","4851.61","Overdue","2026-10-03 00:00:00","2026-10-18 00:00:00","2026-10-16","2026-10-18"
"131","11","2026-11-01","584.52","3799.38","Pending","2026-11-02 00:00:00","2026-11-12 00:00:00","2026-11-16",""
"132","11","2026-12-01","619.44","4336.08","Paid","2026-12-03 00:00:00","2026-12-11 00:00:00","2026-12-16","2026-12-11"
"133","12","2026-01-01","115.67","694.02","Paid","2026-01-03 00:00:00","2026-01-16 00:00:00","2026-01-16","2026-01-16"
"134","12","2026-02-01","622.29","4044.88","Paid","2026-02-03 00:00:00","2026-02-11 00:00:00","2026-02-16","2026-02-11"
"135","12","2026-03-01","658.75","4281.88","Overdue","2026-03-02 00:00:00","2026-03-23 00:00:00","2026-03-16","2026-03-23"
"136","12","2026-04-01","513.89","3854.17","Paid","2026-04-02 00:00:00","2026-04-12 00:00:00","2026-04-16","2026-04-12"
"137","12","2026-05-01","575.2","3451.2","Paid","2026-05-01 00:00:00","2026-05-12 00:00:00","2026-05-16","2026-05-12"
"138","12","2026-06-01","162.93","977.58","Overdue","2026-06-03 00:00:00","2026-06-26 00:00:00","2026-06-16","2026-06-26"
"139","12","2026-07-01","104.15","676.98","Overdue","2026-07-03 00:00:00","2026-07-24 00:00:00","2026-07-16","2026-07-24"
"140","12","2026-08-01","686.91","5151.82","Paid","2026-08-02 00:00:00","2026-08-11 00:00:00","2026-08-16","2026-08-11"
"141","12","2026-09-01","242.92","1336.06","Overdue","2026-09-03 00:00:00","2026-09-22 00:00:00","2026-09-16","2026-09-22"
"142","12","2026-10-01","159.4","1036.1","Paid","2026-10-02 00:00:00","2026-10-12 00:00:00","2026-10-16","2026-10-12"
"143","12","2026-11-01","881.06","6607.95","Paid","2026-11-02 00:00:00","2026-11-16 00:00:00","2026-11-16","2026-11-16"
"144","12","2026-12-01","394.63","2367.78","Paid","2026-12-01 00:00:00","2026-12-12 00:00:00","2026-12-16","2026-12-12"
"145","13","2026-01-01","845.17","5071.02","Paid","2026-01-03 00:00:00","2026-01-13 00:00:00","2026-01-16","2026-01-13"
"146","13","2026-02-01","354.9","2661.75","Overdue","2026-02-03 00:00:00","2026-02-24 00:00:00","2026-02-16","2026-02-24"
"147","13","2026-03-01","724.05","4706.32","Pending","2026-03-03 00:00:00","2026-03-13 00:00:00","2026-03-16",""
"148","13","2026-04-01","224.69","1235.8","Pending","2026-04-02 00:00:00","2026-04-12 00:00:00","2026-04-16",""
"149","13","2026-05-01","502.93","3017.58","Paid","2026-05-03 00:00:00","2026-05-11 00:00:00","2026-05-16","2026-05-11"
"150","13","2026-06-01","200.68","1204.08","Paid","2026-06-02 00:00:00","2026-06-15 00:00:00","2026-06-16","2026-06-15"
"151","13","2026-07-01","690.37","4142.22","Pending","2026-07-03 00:00:00","2026-07-13 00:00:00","2026-07-16",""
"152","13","2026-08-01","861.31","5167.86","Paid","2026-08-03 00:00:00","2026-08-12 00:00:00","2026-08-16","2026-08-12"
"153","13","2026-09-01","465.89","3028.28","Overdue","2026-09-02 00:00:00","2026-09-17 00:00:00","2026-09-16","2026-09-17"
"154","13","2026-10-01","264.34","1850.38","Overdue","2026-10-02 00:00:00","2026-10-24 00:00:00","2026-10-16","2026-10-24"
"155","13","2026-11-01","404.97","2227.34","Pending","2026-11-03 00:00:00","2026-11-13 00:00:00","2026-11-16",""
"156","13","2026-12-01","789.13","4340.22","Pending","2026-12-03 00:00:00","2026-12-13 00:00:00","2026-12-16",""
"157","14","2026-01-01","460.35","2531.93","Pending","2026-01-02 00:00:00","2026-01-12 00:00:00","2026-01-16",""
"158","14","2026-02-01","342.66","2055.96","Paid","2026-02-01 00:00:00","2026-02-14 00:00:00","2026-02-16","2026-02-14"
"159","14","2026-03-01","470.41","3528.08","Overdue","2026-03-03 00:00:00","2026-03-25 00:00:00","2026-03-16","2026-03-25"
"160","14","2026-04-01","271.52","1629.12","Paid","2026-04-03 00:00:00","2026-04-11 00:00:00","2026-04-16","2026-04-11"
"161","14","2026-05-01","245.91","1721.37","Pending","2026-05-01 00:00:00","2026-05-11 00:00:00","2026-05-16",""
"162","14","2026-06-01","855.77","5134.62","Paid","2026-06-02 00:00:00","2026-06-14 00:00:00","2026-06-16","2026-06-14"
"163","14","2026-07-01","334.82","1841.51","Paid","2026-07-02 00:00:00","2026-07-12 00:00:00","2026-07-16","2026-07-12"
"164","14","2026-08-01","176.84","1061.04","Paid","2026-08-02 00:00:00","2026-08-16 00:00:00","2026-08-16","2026-08-16"
"165","14","2026-09-01","478.58","3350.06","Paid","2026-09-03 00:00:00","2026-09-12 00:00:00","2026-09-16","2026-09-12"
"166","14","2026-10-01","132.57","795.42","Pending","2026-10-02 00:00:00","2026-10-12 00:00:00","2026-10-16",""
"167","14","2026-11-01","349.85","2448.95","Paid","2026-11-01 00:00:00","2026-11-15 00:00:00","2026-11-16","2026-11-15"
"168","14","2026-12-01","175.91","967.5","Pending","2026-12-03 00:00:00","2026-12-13 00:00:00","2026-12-16",""
"169","15","2026-01-01","164.06","1066.39","Overdue","2026-01-02 00:00:00","2026-01-23 00:00:00","2026-01-16","2026-01-23"
"170","15","2026-02-01","223.43","1228.87","Paid","2026-02-01 00:00:00","2026-02-14 00:00:00","2026-02-16","2026-02-14"
"171","15","2026-03-01","750.86","5256.02","Pending","2026-03-01 00:00:00","2026-03-11 00:00:00","2026-03-16",""
"172","15","2026-04-01","858.61","4722.36","Pending","2026-04-03 00:00:00","2026-04-13 00:00:00","2026-04-16",""
"173","15","2026-05-01","847.67","6357.52","Paid","2026-05-02 00:00:00","2026-05-16 00:00:00","2026-05-16","2026-05-16"
"174","15","2026-06-01","763.23","4960.99","Pending","2026-06-02 00:00:00","2026-06-12 00:00:00","2026-06-16",""
"175","15","2026-07-01","353.15","2118.9","Paid","2026-07-02 00:00:00","2026-07-16 00:00:00","2026-07-16","2026-07-16"
"176","15","2026-08-01","401.31","2608.51","Paid","2026-08-01 00:00:00","2026-08-13 00:00:00","2026-08-16","2026-08-13"
"177","15","2026-09-01","339.18","2204.67","Paid","2026-09-01 00:00:00","2026-09-14 00:00:00","2026-09-16","2026-09-14"
"178","15","2026-10-01","466.78","2800.68","Paid","2026-10-01 00:00:00","2026-10-12 00:00:00","2026-10-16","2026-10-12"
"179","15","2026-11-01","466.14","2796.84","Paid","2026-11-03 00:00:00","2026-11-12 00:00:00","2026-11-16","2026-11-12"
"180","15","2026-12-01","654.2","4906.5","Paid","2026-12-01 00:00:00","2026-12-15 00:00:00","2026-12-16","2026-12-15"
"181","16","2026-01-01","241.45","1690.15","Paid","2026-01-01 00:00:00","2026-01-15 00:00:00","2026-01-16","2026-01-15"
"182","16","2026-02-01","593.68","4155.76","Pending","2026-02-02 00:00:00","2026-02-12 00:00:00","2026-02-16",""
"183","16","2026-03-01","670.14","4355.91","Pending","2026-03-02 00:00:00","2026-03-12 00:00:00","2026-03-16",""
"184","16","2026-04-01","790.41","4347.26","Pending","2026-04-01 00:00:00","2026-04-11 00:00:00","2026-04-16",""
"185","16","2026-05-01","544.31","4082.32","Paid","2026-05-03 00:00:00","2026-05-13 00:00:00","2026-05-16","2026-05-13"
"186","16","2026-06-01","714.87","4289.22","Paid","2026-06-03 00:00:00","2026-06-15 00:00:00","2026-06-16","2026-06-15"
"187","16","2026-07-01","727.75","5094.25","Pending","2026-07-03 00:00:00","2026-07-13 00:00:00","2026-07-16",""
"188","16","2026-08-01","578.07","3757.46","Overdue","2026-08-03 00:00:00","2026-08-21 00:00:00","2026-08-16","2026-08-21"
"189","16","2026-09-01","824.59","5772.13","Overdue","2026-09-01 00:00:00","2026-09-20 00:00:00","2026-09-16","2026-09-20"
"190","16","2026-10-01","396.17","2178.93","Paid","2026-10-03 00:00:00","2026-10-12 00:00:00","2026-10-16","2026-10-12"
"191","16","2026-11-01","649.26","3895.56","Pending","2026-11-02 00:00:00","2026-11-12 00:00:00","2026-11-16",""
"192","16","2026-12-01","562.08","3372.48","Paid","2026-12-01 00:00:00","2026-12-11 00:00:00","2026-12-16","2026-12-11"
"193","17","2026-01-01","206.68","1446.76","Pending","2026-01-02 00:00:00","2026-01-12 00:00:00","2026-01-16",""
"194","17","2026-02-01","582.87","3497.22","Overdue","2026-02-02 00:00:00","2026-02-20 00:00:00","2026-02-16","2026-02-20"
"195","17","2026-03-01","567.15","3686.47","Paid","2026-03-02 00:00:00","2026-03-12 00:00:00","2026-03-16","2026-03-12"
"196","17","2026-04-01","101.11","606.66","Overdue","2026-04-01 00:00:00","2026-04-24 00:00:00","2026-04-16","2026-04-24"
"197","17","2026-05-01","347.14","1909.27","Overdue","2026-05-02 00:00:00","2026-05-19 00:00:00","2026-05-16","2026-05-19"
"198","17","2026-06-01","256.73","1540.38","Paid","2026-06-01 00:00:00","2026-06-14 00:00:00","2026-06-16","2026-06-14"
"199","17","2026-07-01","221.07","1658.02","Pending","2026-07-02 00:00:00","2026-07-12 00:00:00","2026-07-16",""
"200","17","2026-08-01","618.8","3403.4","Paid","2026-08-03 00:00:00","2026-08-12 00:00:00","2026-08-16","2026-08-12"
"201","17","2026-09-01","630.96","3785.76","Paid","2026-09-02 00:00:00","2026-09-15 00:00:00","2026-09-16","2026-09-15"
"202","17","2026-10-01","382.41","2676.87","Paid","2026-10-02 00:00:00","2026-10-12 00:00:00","2026-10-16","2026-10-12"
"203","17","2026-11-01","334.95","2344.65","Overdue","2026-11-01 00:00:00","2026-11-24 00:00:00","2026-11-16","2026-11-24"
"204","17","2026-12-01","829.83","4978.98","Overdue","2026-12-03 00:00:00","2026-12-19 00:00:00","2026-12-16","2026-12-19"
"205","18","2026-01-01","690.09","4830.63","Paid","2026-01-01 00:00:00","2026-01-14 00:00:00","2026-01-16","2026-01-14"
"206","18","2026-02-01","561.79","3370.74","Paid","2026-02-03 00:00:00","2026-02-11 00:00:00","2026-02-16","2026-02-11"
"207","18","2026-03-01","270.56","1488.08","Overdue","2026-03-01 00:00:00","2026-03-19 00:00:00","2026-03-16","2026-03-19"
"208","18","2026-04-01","225.32","1239.26","Paid","2026-04-01 00:00:00","2026-04-11 00:00:00","2026-04-16","2026-04-11"
"209","18","2026-05-01","269.67","1618.02","Pending","2026-05-02 00:00:00","2026-05-12 00:00:00","2026-05-16",""
"210","18","2026-06-01","834.07","4587.39","Pending","2026-06-03 00:00:00","2026-06-13 00:00:00","2026-06-16",""
"211","18","2026-07-01","323.6","1941.6","Paid","2026-07-02 00:00:00","2026-07-12 00:00:00","2026-07-16","2026-07-12"
"212","18","2026-08-01","885.11","4868.11","Overdue","2026-08-01 00:00:00","2026-08-20 00:00:00","2026-08-16","2026-08-20"
"213","18","2026-09-01","500.61","3504.27","Paid","2026-09-03 00:00:00","2026-09-13 00:00:00","2026-09-16","2026-09-13"
"214","18","2026-10-01","345.02","1897.61","Paid","2026-10-01 00:00:00","2026-10-13 00:00:00","2026-10-16","2026-10-13"
"215","18","2026-11-01","158.59","1110.13","Overdue","2026-11-02 00:00:00","2026-11-21 00:00:00","2026-11-16","2026-11-21"
"216","18","2026-12-01","297.35","1784.1","Paid","2026-12-03 00:00:00","2026-12-15 00:00:00","2026-12-16","2026-12-15"
"217","19","2026-01-01","777.57","4276.64","Pending","2026-01-02 00:00:00","2026-01-12 00:00:00","2026-01-16",""
"218","19","2026-02-01","473.46","3077.49","Pending","2026-02-03 00:00:00","2026-02-13 00:00:00","2026-02-16",""
"219","19","2026-03-01","879.11","5714.22","Paid","2026-03-02 00:00:00","2026-03-15 00:00:00","2026-03-16","2026-03-15"
"220","19","2026-04-01","155.66","856.13","Overdue","2026-04-02 00:00:00","2026-04-25 00:00:00","2026-04-16","2026-04-25"
"221","19","2026-05-01","763.78","5346.46","Paid","2026-05-03 00:00:00","2026-05-14 00:00:00","2026-05-16","2026-05-14"
"222","19","2026-06-01","277.02","1800.63","Paid","2026-06-02 00:00:00","2026-06-15 00:00:00","2026-06-16","2026-06-15"
"223","19","2026-07-01","699.77","5248.27","Pending","2026-07-01 00:00:00","2026-07-11 00:00:00","2026-07-16",""
"224","19","2026-08-01","384.96","2309.76","Pending","2026-08-01 00:00:00","2026-08-11 00:00:00","2026-08-16",""
"225","19","2026-09-01","765.44","5358.08","Overdue","2026-09-02 00:00:00","2026-09-22 00:00:00","2026-09-16","2026-09-22"
"226","19","2026-10-01","643.57","3539.64","Pending","2026-10-03 00:00:00","2026-10-13 00:00:00","2026-10-16",""
"227","19","2026-11-01","264.87","1986.53","Paid","2026-11-03 00:00:00","2026-11-13 00:00:00","2026-11-16","2026-11-13"
"228","19","2026-12-01","361.99","2714.93","Paid","2026-12-01 00:00:00","2026-12-12 00:00:00","2026-12-16","2026-12-12"
"229","20","2026-01-01","462.33","3236.31","Paid","2026-01-02 00:00:00","2026-01-11 00:00:00","2026-01-16","2026-01-11"
"230","20","2026-02-01","98.74","592.44","Paid","2026-02-03 00:00:00","2026-02-15 00:00:00","2026-02-16","2026-02-15"
"231","20","2026-03-01","229.49","1376.94","Paid","2026-03-02 00:00:00","2026-03-13 00:00:00","2026-03-16","2026-03-13"
"232","20","2026-04-01","221.92","1442.48","Overdue","2026-04-01 00:00:00","2026-04-19 00:00:00","2026-04-16","2026-04-19"
"233","20","2026-05-01","126.15","946.12","Overdue","2026-05-02 00:00:00","2026-05-24 00:00:00","2026-05-16","2026-05-24"
"234","20","2026-06-01","621.68","3730.08","Paid","2026-06-02 00:00:00","2026-06-11 00:00:00","2026-06-16","2026-06-11"
"235","20","2026-07-01","710.57","4618.7","Paid","2026-07-01 00:00:00","2026-07-11 00:00:00","2026-07-16","2026-07-11"
"236","20","2026-08-01","870.87","5660.65","Paid","2026-08-01 00:00:00","2026-08-15 00:00:00","2026-08-16","2026-08-15"
"237","20","2026-09-01","587.7","3232.35","Overdue","2026-09-02 00:00:00","2026-09-24 00:00:00","2026-09-16","2026-09-24"
"238","20","2026-10-01","710.14","4260.84","Paid","2026-10-01 00:00:00","2026-10-13 00:00:00","2026-10-16","2026-10-13"
"239","20","2026-11-01","113.39","850.42","Overdue","2026-11-01 00:00:00","2026-11-24 00:00:00","2026-11-16","2026-11-24"
"240","20","2026-12-01","857.21","5143.26","Paid","2026-12-03 00:00:00","2026-12-15 00:00:00","2026-12-16","2026-12-15"
"241","21","2026-01-01","498.61","3739.58","Paid","2026-01-01 00:00:00","2026-01-16 00:00:00","2026-01-16","2026-01-16"
"242","21","2026-02-01","318.67","1912.02","Overdue","2026-02-02 00:00:00","2026-02-24 00:00:00","2026-02-16","2026-02-24"
"243","21","2026-03-01","740.76","4444.56","Pending","2026-03-02 00:00:00","2026-03-12 00:00:00","2026-03-16",""
"244","21","2026-04-01","757.76","4167.68","Overdue","2026-04-03 00:00:00","2026-04-20 00:00:00","2026-04-16","2026-04-20"
"245","21","2026-05-01","593.58","3858.27","Overdue","2026-05-03 00:00:00","2026-05-20 00:00:00","2026-05-16","2026-05-20"
"246","21","2026-06-01","315.29","2364.68","Pending","2026-06-02 00:00:00","2026-06-12 00:00:00","2026-06-16",""
"247","21","2026-07-01","282.76","1555.18","Paid","2026-07-02 00:00:00","2026-07-15 00:00:00","2026-07-16","2026-07-15"
"248","21","2026-08-01","167.21","1170.47","Paid","2026-08-02 00:00:00","2026-08-14 00:00:00","2026-08-16","2026-08-14"
"249","21","2026-09-01","583.57","4376.78","Paid","2026-09-01 00:00:00","2026-09-14 00:00:00","2026-09-16","2026-09-14"
"250","21","2026-10-01","863.48","5612.62","Overdue","2026-10-01 00:00:00","2026-10-23 00:00:00","2026-10-16","2026-10-23"
"251","21","2026-11-01","600.97","3906.31","Paid","2026-11-03 00:00:00","2026-11-15 00:00:00","2026-11-16","2026-11-15"
"252","21","2026-12-01","281.69","2112.68","Pending","2026-12-03 00:00:00","2026-12-13 00:00:00","2026-12-16",""
"253","22","2026-01-01","562.85","3658.53","Paid","2026-01-03 00:00:00","2026-01-15 00:00:00","2026-01-16","2026-01-15"
"254","22","2026-02-01","826.9","5788.3","Overdue","2026-02-02 00:00:00","2026-02-21 00:00:00","2026-02-16","2026-02-21"
"255","22","2026-03-01","381.05","2667.35","Overdue","2026-03-02 00:00:00","2026-03-26 00:00:00","2026-03-16","2026-03-26"
"256","22","2026-04-01","609.55","3657.3","Overdue","2026-04-02 00:00:00","2026-04-18 00:00:00","2026-04-16","2026-04-18"
"257","22","2026-05-01","687.11","4466.22","Pending","2026-05-03 00:00:00","2026-05-13 00:00:00","2026-05-16",""
"258","22","2026-06-01","608.13","3648.78","Pending","2026-06-02 00:00:00","2026-06-12 00:00:00","2026-06-16",""
"259","22","2026-07-01","613.48","3680.88","Paid","2026-07-02 00:00:00","2026-07-15 00:00:00","2026-07-16","2026-07-15"
"260","22","2026-08-01","282.97","1697.82","Paid","2026-08-03 00:00:00","2026-08-14 00:00:00","2026-08-16","2026-08-14"
"261","22","2026-09-01","390.39","2342.34","Overdue","2026-09-03 00:00:00","2026-09-23 00:00:00","2026-09-16","2026-09-23"
"262","22","2026-10-01","875.85","6568.88","Paid","2026-10-01 00:00:00","2026-10-11 00:00:00","2026-10-16","2026-10-11"
"263","22","2026-11-01","863.86","5183.16","Overdue","2026-11-03 00:00:00","2026-11-20 00:00:00","2026-11-16","2026-11-20"
"264","22","2026-12-01","359.88","2159.28","Paid","2026-12-01 00:00:00","2026-12-13 00:00:00","2026-12-16","2026-12-13"
"265","23","2026-01-01","405.79","2231.85","Pending","2026-01-03 00:00:00","2026-01-13 00:00:00","2026-01-16",""
"266","23","2026-02-01","715.11","4290.66","Paid","2026-02-03 00:00:00","2026-02-11 00:00:00","2026-02-16","2026-02-11"
"267","23","2026-03-01","223.29","1339.74","Pending","2026-03-03 00:00:00","2026-03-13 00:00:00","2026-03-16",""
"268","23","2026-04-01","558.12","3069.66","Overdue","2026-04-02 00:00:00","2026-04-26 00:00:00","2026-04-16","2026-04-26"
"269","23","2026-05-01","604.13","4228.91","Pending","2026-05-01 00:00:00","2026-05-11 00:00:00","2026-05-16",""
"270","23","2026-06-01","488.11","3660.83","Paid","2026-06-03 00:00:00","2026-06-16 00:00:00","2026-06-16","2026-06-16"
"271","23","2026-07-01","131.4","722.7","Paid","2026-07-03 00:00:00","2026-07-13 00:00:00","2026-07-16","2026-07-13"
"272","23","2026-08-01","236.12","1534.78","Paid","2026-08-01 00:00:00","2026-08-11 00:00:00","2026-08-16","2026-08-11"
"273","23","2026-09-01","442.74","2435.07","Paid","2026-09-01 00:00:00","2026-09-15 00:00:00","2026-09-16","2026-09-15"
"274","23","2026-10-01","471.15","3533.62","Overdue","2026-10-01 00:00:00","2026-10-20 00:00:00","2026-10-16","2026-10-20"
"275","23","2026-11-01","861.95","6033.65","Paid","2026-11-01 00:00:00","2026-11-11 00:00:00","2026-11-16","2026-11-11"
"276","23","2026-12-01","174.27","958.49","Overdue","2026-12-03 00:00:00","2026-12-20 00:00:00","2026-12-16","2026-12-20"
"277","24","2026-01-01","688.8","3788.4","Paid","2026-01-02 00:00:00","2026-01-11 00:00:00","2026-01-16","2026-01-11"
"278","24","2026-02-01","559.22","3355.32","Pending","2026-02-01 00:00:00","2026-02-11 00:00:00","2026-02-16",""
"279","24","2026-03-01","262.83","1576.98","Paid","2026-03-03 00:00:00","2026-03-15 00:00:00","2026-03-16","2026-03-15"
"280","24","2026-04-01","331.27","1987.62","Paid","2026-04-01 00:00:00","2026-04-12 00:00:00","2026-04-16","2026-04-12"
"281","24","2026-05-01","290.84","1890.46","Paid","2026-05-01 00:00:00","2026-05-11 00:00:00","2026-05-16","2026-05-11"
"282","24","2026-06-01","831.91","4575.51","Paid","2026-06-01 00:00:00","2026-06-12 00:00:00","2026-06-16","2026-06-12"
"283","24","2026-07-01","713.12","5348.4","Paid","2026-07-01 00:00:00","2026-07-16 00:00:00","2026-07-16","2026-07-16"
"284","24","2026-08-01","281.09","1827.08","Overdue","2026-08-03 00:00:00","2026-08-23 00:00:00","2026-08-16","2026-08-23"
"285","24","2026-09-01","535.68","3749.76","Overdue","2026-09-02 00:00:00","2026-09-20 00:00:00","2026-09-16","2026-09-20"
"286","24","2026-10-01","765.91","4212.51","Paid","2026-10-01 00:00:00","2026-10-16 00:00:00","2026-10-16","2026-10-16"
"287","24","2026-11-01","241.49","1811.18","Pending","2026-11-02 00:00:00","2026-11-12 00:00:00","2026-11-16",""
"288","24","2026-12-01","674.54","4047.24","Paid","2026-12-03 00:00:00","2026-12-12 00:00:00","2026-12-16","2026-12-12"
"289","25","2026-01-01","861.93","6464.47","Paid","2026-01-02 00:00:00","2026-01-15 00:00:00","2026-01-16","2026-01-15"
"290","25","2026-02-01","605.65","3936.72","Overdue","2026-02-01 00:00:00","2026-02-26 00:00:00","2026-02-16","2026-02-26"
"291","25","2026-03-01","94.95","522.23","Paid","2026-03-02 00:00:00","2026-03-13 00:00:00","2026-03-16","2026-03-13"
"292","25","2026-04-01","294.71","2062.97","Overdue","2026-04-02 00:00:00","2026-04-18 00:00:00","2026-04-16","2026-04-18"
"293","25","2026-05-01","460.96","2765.76","Paid","2026-05-02 00:00:00","2026-05-15 00:00:00","2026-05-16","2026-05-15"
"294","25","2026-06-01","585.88","4394.1","Overdue","2026-06-03 00:00:00","2026-06-26 00:00:00","2026-06-16","2026-06-26"
"295","25","2026-07-01","804.87","6036.52","Overdue","2026-07-03 00:00:00","2026-07-22 00:00:00","2026-07-16","2026-07-22"
"296","25","2026-08-01","717.83","5024.81","Paid","2026-08-02 00:00:00","2026-08-15 00:00:00","2026-08-16","2026-08-15"
"297","25","2026-09-01","466.38","2798.28","Paid","2026-09-02 00:00:00","2026-09-16 00:00:00","2026-09-16","2026-09-16"
"298","25","2026-10-01","272.4","1906.8","Pending","2026-10-02 00:00:00","2026-10-12 00:00:00","2026-10-16",""
"299","25","2026-11-01","701.63","5262.23","Paid","2026-11-02 00:00:00","2026-11-12 00:00:00","2026-11-16","2026-11-12"
"300","25","2026-12-01","799.77","5998.27","Paid","2026-12-03 00:00:00","2026-12-11 00:00:00","2026-12-16","2026-12-11"
"301","26","2026-01-01","512.71","3588.97","Paid","2026-01-03 00:00:00","2026-01-11 00:00:00","2026-01-16","2026-01-11"
"302","26","2026-02-01","473.98","3317.86","Paid","2026-02-03 00:00:00","2026-02-15 00:00:00","2026-02-16","2026-02-15"
"303","26","2026-03-01","672.62","3699.41","Pending","2026-03-01 00:00:00","2026-03-11 00:00:00","2026-03-16",""
"304","26","2026-04-01","149.81","1123.58","Paid","2026-04-02 00:00:00","2026-04-15 00:00:00","2026-04-16","2026-04-15"
"305","26","2026-05-01","192.26","1345.82","Paid","2026-05-03 00:00:00","2026-05-14 00:00:00","2026-05-16","2026-05-14"
"306","26","2026-06-01","830.4","6228.0","Paid","2026-06-02 00:00:00","2026-06-15 00:00:00","2026-06-16","2026-06-15"
"307","26","2026-07-01","402.53","2817.71","Paid","2026-07-03 00:00:00","2026-07-12 00:00:00","2026-07-16","2026-07-12"
"308","26","2026-08-01","787.86","4727.16","Paid","2026-08-03 00:00:00","2026-08-14 00:00:00","2026-08-16","2026-08-14"
"309","26","2026-09-01","629.5","3777.0","Pending","2026-09-02 00:00:00","2026-09-12 00:00:00","2026-09-16",""
"310","26","2026-10-01","258.67","1552.02","Paid","2026-10-02 00:00:00","2026-10-15 00:00:00","2026-10-16","2026-10-15"
"311","26","2026-11-01","337.13","2191.34","Paid","2026-11-03 00:00:00","2026-11-15 00:00:00","2026-11-16","2026-11-15"
"312","26","2026-12-01","372.32","2233.92","Pending","2026-12-01 00:00:00","2026-12-11 00:00:00","2026-12-16",""
"313","27","2026-01-01","696.85","3832.68","Pending","2026-01-02 00:00:00","2026-01-12 00:00:00","2026-01-16",""
"314","27","2026-02-01","86.32","517.92","Overdue","2026-02-02 00:00:00","2026-02-26 00:00:00","2026-02-16","2026-02-26"
"315","27","2026-03-01","220.25","1431.62","Pending","2026-03-02 00:00:00","2026-03-12 00:00:00","2026-03-16",""
"316","27","2026-04-01","675.32","4051.92","Paid","2026-04-02 00:00:00","2026-04-16 00:00:00","2026-04-16","2026-04-16"
"317","27","2026-05-01","781.25","5078.12","Paid","2026-05-02 00:00:00","2026-05-16 00:00:00","2026-05-16","2026-05-16"
"318","27","2026-06-01","812.34","6092.55","Paid","2026-06-02 00:00:00","2026-06-13 00:00:00","2026-06-16","2026-06-13"
"319","27","2026-07-01","760.54","4182.97","Paid","2026-07-01 00:00:00","2026-07-13 00:00:00","2026-07-16","2026-07-13"
"320","27","2026-08-01","199.12","1493.4","Paid","2026-08-03 00:00:00","2026-08-16 00:00:00","2026-08-16","2026-08-16"
"321","27","2026-09-01","85.28","469.04","Overdue","2026-09-03 00:00:00","2026-09-25 00:00:00","2026-09-16","2026-09-25"
"322","27","2026-10-01","855.97","6419.78","Pending","2026-10-01 00:00:00","2026-10-11 00:00:00","2026-10-16",""
"323","27","2026-11-01","648.95","4542.65","Paid","2026-11-03 00:00:00","2026-11-15 00:00:00","2026-11-16","2026-11-15"
"324","27","2026-12-01","881.95","6614.62","Paid","2026-12-01 00:00:00","2026-12-11 00:00:00","2026-12-16","2026-12-11"
"325","28","2026-01-01","394.64","2565.16","Paid","2026-01-02 00:00:00","2026-01-11 00:00:00","2026-01-16","2026-01-11"
"326","28","2026-02-01","95.53","573.18","Overdue","2026-02-03 00:00:00","2026-02-26 00:00:00","2026-02-16","2026-02-26"
"327","28","2026-03-01","724.55","5071.85","Paid","2026-03-01 00:00:00","2026-03-14 00:00:00","2026-03-16","2026-03-14"
"328","28","2026-04-01","775.46","5040.49","Pending","2026-04-01 00:00:00","2026-04-11 00:00:00","2026-04-16",""
"329","28","2026-05-01","723.26","5424.45","Pending","2026-05-03 00:00:00","2026-05-13 00:00:00","2026-05-16",""
"330","28","2026-06-01","738.06","4428.36","Paid","2026-06-02 00:00:00","2026-06-15 00:00:00","2026-06-16","2026-06-15"
"331","28","2026-07-01","655.54","3605.47","Pending","2026-07-03 00:00:00","2026-07-13 00:00:00","2026-07-16",""
"332","28","2026-08-01","672.14","4032.84","Paid","2026-08-01 00:00:00","2026-08-11 00:00:00","2026-08-16","2026-08-11"
"333","28","2026-09-01","864.11","6048.77","Pending","2026-09-02 00:00:00","2026-09-12 00:00:00","2026-09-16",""
"334","28","2026-10-01","452.31","2713.86","Overdue","2026-10-01 00:00:00","2026-10-24 00:00:00","2026-10-16","2026-10-24"
"335","28","2026-11-01","532.36","3726.52","Paid","2026-11-02 00:00:00","2026-11-12 00:00:00","2026-11-16","2026-11-12"
"336","28","2026-12-01","235.98","1297.89","Paid","2026-12-02 00:00:00","2026-12-11 00:00:00","2026-12-16","2026-12-11"
"337","29","2026-01-01","838.35","5030.1","Overdue","2026-01-01 00:00:00","2026-01-25 00:00:00","2026-01-16","2026-01-25"
"338","29","2026-02-01","314.65","1887.9","Paid","2026-02-01 00:00:00","2026-02-13 00:00:00","2026-02-16","2026-02-13"
"339","29","2026-03-01","335.84","2182.96","Paid","2026-03-03 00:00:00","2026-03-16 00:00:00","2026-03-16","2026-03-16"
"340","29","2026-04-01","347.54","2432.78","Paid","2026-04-02 00:00:00","2026-04-16 00:00:00","2026-04-16","2026-04-16"
"341","29","2026-05-01","546.11","3822.77","Overdue","2026-05-02 00:00:00","2026-05-22 00:00:00","2026-05-16","2026-05-22"
"342","29","2026-06-01","205.08","1230.48","Pending","2026-06-02 00:00:00","2026-06-12 00:00:00","2026-06-16",""
"343","29","2026-07-01","631.0","4101.5","Pending","2026-07-01 00:00:00","2026-07-11 00:00:00","2026-07-16",""
"344","29","2026-08-01","778.56","4282.08","Paid","2026-08-01 00:00:00","2026-08-11 00:00:00","2026-08-16","2026-08-11"
"345","29","2026-09-01","614.58","3380.19","Paid","2026-09-02 00:00:00","2026-09-12 00:00:00","2026-09-16","2026-09-12"
"346","29","2026-10-01","380.16","2471.04","Paid","2026-10-01 00:00:00","2026-10-11 00:00:00","2026-10-16","2026-10-11"
"347","29","2026-11-01","519.53","3896.47","Paid","2026-11-03 00:00:00","2026-11-14 00:00:00","2026-11-16","2026-11-14"
"348","29","2026-12-01","327.02","2125.63","Overdue","2026-12-02 00:00:00","2026-12-17 00:00:00","2026-12-16","2026-12-17"
"349","30","2026-01-01","132.55","729.03","Paid","2026-01-02 00:00:00","2026-01-11 00:00:00","2026-01-16","2026-01-11"
"350","30","2026-02-01","823.69","6177.68","Paid","2026-02-02 00:00:00","2026-02-14 00:00:00","2026-02-16","2026-02-14"
"351","30","2026-03-01","871.71","6537.83","Paid","2026-03-01 00:00:00","2026-03-12 00:00:00","2026-03-16","2026-03-12"
"352","30","2026-04-01","505.11","3030.66","Overdue","2026-04-03 00:00:00","2026-04-24 00:00:00","2026-04-16","2026-04-24"
"353","30","2026-05-01","528.17","3433.1","Paid","2026-05-02 00:00:00","2026-05-14 00:00:00","2026-05-16","2026-05-14"
"354","30","2026-06-01","236.14","1416.84","Paid","2026-06-03 00:00:00","2026-06-12 00:00:00","2026-06-16","2026-06-12"
"355","30","2026-07-01","880.24","5281.44","Pending","2026-07-03 00:00:00","2026-07-13 00:00:00","2026-07-16",""
"356","30","2026-08-01","420.68","2944.76","Paid","2026-08-01 00:00:00","2026-08-14 00:00:00","2026-08-16","2026-08-14"
"357","30","2026-09-01","506.03","2783.16","Paid","2026-09-01 00:00:00","2026-09-14 00:00:00","2026-09-16","2026-09-14"
"358","30","2026-10-01","190.23","1236.49","Pending","2026-10-01 00:00:00","2026-10-11 00:00:00","2026-10-16",""
"359","30","2026-11-01","345.11","2588.33","Paid","2026-11-03 00:00:00","2026-11-14 00:00:00","2026-11-16","2026-11-14"
"360","30","2026-12-01","175.0","1312.5","Overdue","2026-12-02 00:00:00","2026-12-17 00:00:00","2026-12-16","2026-12-17"
"361","31","2026-01-01","236.23","1535.49","Paid","2026-01-01 00:00:00","2026-01-14 00:00:00","2026-01-16","2026-01-14"
"362","31","2026-02-01","314.18","2356.35","Paid","2026-02-03 00:00:00","2026-02-13 00:00:00","2026-02-16","2026-02-13"
"363","31","2026-03-01","795.56","5171.14","Overdue","2026-03-03 00:00:00","2026-03-20 00:00:00","2026-03-16","2026-03-20"
"364","31","2026-04-01","706.35","4591.28","Pending","2026-04-03 00:00:00","2026-04-13 00:00:00","2026-04-16",""
"365","31","2026-05-01","652.83","4569.81","Pending","2026-05-03 00:00:00","2026-05-13 00:00:00","2026-05-16",""
"366","31","2026-06-01","585.19","3218.55","Paid","2026-06-02 00:00:00","2026-06-12 00:00:00","2026-06-16","2026-06-12"
"367","31","2026-07-01","516.49","3357.18","Overdue","2026-07-02 00:00:00","2026-07-19 00:00:00","2026-07-16","2026-07-19"
"368","31","2026-08-01","315.39","1734.64","Paid","2026-08-02 00:00:00","2026-08-14 00:00:00","2026-08-16","2026-08-14"
"369","31","2026-09-01","372.98","2424.37","Pending","2026-09-01 00:00:00","2026-09-11 00:00:00","2026-09-16",""
"370","31","2026-10-01","731.39","4388.34","Paid","2026-10-03 00:00:00","2026-10-11 00:00:00","2026-10-16","2026-10-11"
"371","31","2026-11-01","170.8","1195.6","Paid","2026-11-02 00:00:00","2026-11-13 00:00:00","2026-11-16","2026-11-13"
"372","31","2026-12-01","864.79","5188.74","Pending","2026-12-01 00:00:00","2026-12-11 00:00:00","2026-12-16",""
"373","32","2026-01-01","892.66","6694.95","Paid","2026-01-03 00:00:00","2026-01-16 00:00:00","2026-01-16","2026-01-16"
"374","32","2026-02-01","609.07","3349.89","Paid","2026-02-01 00:00:00","2026-02-16 00:00:00","2026-02-16","2026-02-16"
"375","32","2026-03-01","281.43","1547.87","Paid","2026-03-03 00:00:00","2026-03-16 00:00:00","2026-03-16","2026-03-16"
"376","32","2026-04-01","743.24","4831.06","Paid","2026-04-03 00:00:00","2026-04-13 00:00:00","2026-04-16","2026-04-13"
"377","32","2026-05-01","194.48","1166.88","Paid","2026-05-01 00:00:00","2026-05-16 00:00:00","2026-05-16","2026-05-16"
"378","32","2026-06-01","581.09","3196.0","Paid","2026-06-03 00:00:00","2026-06-14 00:00:00","2026-06-16","2026-06-14"
"379","32","2026-07-01","94.53","708.98","Overdue","2026-07-03 00:00:00","2026-07-18 00:00:00","2026-07-16","2026-07-18"
"380","32","2026-08-01","635.8","4450.6","Paid","2026-08-01 00:00:00","2026-08-15 00:00:00","2026-08-16","2026-08-15"
"381","32","2026-09-01","452.42","2488.31","Pending","2026-09-03 00:00:00","2026-09-13 00:00:00","2026-09-16",""
"382","32","2026-10-01","216.28","1513.96","Paid","2026-10-01 00:00:00","2026-10-11 00:00:00","2026-10-16","2026-10-11"
"383","32","2026-11-01","701.69","3859.3","Paid","2026-11-01 00:00:00","2026-11-12 00:00:00","2026-11-16","2026-11-12"
"384","32","2026-12-01","408.66","3064.95","Overdue","2026-12-02 00:00:00","2026-12-17 00:00:00","2026-12-16","2026-12-17"
"385","33","2026-01-01","335.47","1845.09","Pending","2026-01-02 00:00:00","2026-01-12 00:00:00","2026-01-16",""
"386","33","2026-02-01","478.37","2870.22","Pending","2026-02-01 00:00:00","2026-02-11 00:00:00","2026-02-16",""
"387","33","2026-03-01","367.55","2205.3","Overdue","2026-03-01 00:00:00","2026-03-23 00:00:00","2026-03-16","2026-03-23"
"388","33","2026-04-01","189.34","1041.37","Paid","2026-04-02 00:00:00","2026-04-14 00:00:00","2026-04-16","2026-04-14"
"389","33","2026-05-01","689.97","4829.79","Paid","2026-05-03 00:00:00","2026-05-13 00:00:00","2026-05-16","2026-05-13"
"390","33","2026-06-01","385.22","2696.54","Paid","2026-06-03 00:00:00","2026-06-12 00:00:00","2026-06-16","2026-06-12"
"391","33","2026-07-01","361.84","1990.12","Paid","2026-07-03 00:00:00","2026-07-12 00:00:00","2026-07-16","2026-07-12"
"392","33","2026-08-01","413.13","2891.91","Pending","2026-08-01 00:00:00","2026-08-11 00:00:00","2026-08-16",""
"393","33","2026-09-01","508.99","3308.43","Pending","2026-09-03 00:00:00","2026-09-13 00:00:00","2026-09-16",""
"394","33","2026-10-01","809.65","6072.38","Overdue","2026-10-02 00:00:00","2026-10-24 00:00:00","2026-10-16","2026-10-24"
"395","33","2026-11-01","389.32","2530.58","Paid","2026-11-02 00:00:00","2026-11-11 00:00:00","2026-11-16","2026-11-11"
"396","33","2026-12-01","710.92","4265.52","Paid","2026-12-02 00:00:00","2026-12-15 00:00:00","2026-12-16","2026-12-15"
"397","34","2026-01-01","551.45","3860.15","Overdue","2026-01-03 00:00:00","2026-01-22 00:00:00","2026-01-16","2026-01-22"
"398","34","2026-02-01","700.69","4904.83","Paid","2026-02-03 00:00:00","2026-02-13 00:00:00","2026-02-16","2026-02-13"
"399","34","2026-03-01","451.45","2934.42","Paid","2026-03-02 00:00:00","2026-03-16 00:00:00","2026-03-16","2026-03-16"
"400","34","2026-04-01","503.59","3273.34","Pending","2026-04-01 00:00:00","2026-04-11 00:00:00","2026-04-16",""
"401","34","2026-05-01","840.65","4623.57","Paid","2026-05-01 00:00:00","2026-05-11 00:00:00","2026-05-16","2026-05-11"
"402","34","2026-06-01","138.16","898.04","Paid","2026-06-03 00:00:00","2026-06-12 00:00:00","2026-06-16","2026-06-12"
"403","34","2026-07-01","583.75","4086.25","Paid","2026-07-03 00:00:00","2026-07-12 00:00:00","2026-07-16","2026-07-12"
"404","34","2026-08-01","150.31","977.01","Paid","2026-08-02 00:00:00","2026-08-12 00:00:00","2026-08-16","2026-08-12"
"405","34","2026-09-01","303.0","1666.5","Pending","2026-09-01 00:00:00","2026-09-11 00:00:00","2026-09-16",""
"406","34","2026-10-01","588.73","3238.02","Paid","2026-10-01 00:00:00","2026-10-15 00:00:00","2026-10-16","2026-10-15"
"407","34","2026-11-01","614.08","4605.6","Paid","2026-11-01 00:00:00","2026-11-13 00:00:00","2026-11-16","2026-11-13"
"408","34","2026-12-01","176.49","970.7","Paid","2026-12-01 00:00:00","2026-12-13 00:00:00","2026-12-16","2026-12-13"
"409","35","2026-01-01","221.9","1664.25","Overdue","2026-01-01 00:00:00","2026-01-20 00:00:00","2026-01-16","2026-01-20"
"410","35","2026-02-01","554.1","3878.7","Paid","2026-02-02 00:00:00","2026-02-14 00:00:00","2026-02-16","2026-02-14"
"411","35","2026-03-01","299.33","1646.31","Pending","2026-03-03 00:00:00","2026-03-13 00:00:00","2026-03-16",""
"412","35","2026-04-01","323.08","1938.48","Pending","2026-04-01 00:00:00","2026-04-11 00:00:00","2026-04-16",""
"413","35","2026-05-01","210.76","1369.94","Paid","2026-05-03 00:00:00","2026-05-13 00:00:00","2026-05-16","2026-05-13"
"414","35","2026-06-01","219.98","1429.87","Paid","2026-06-02 00:00:00","2026-06-15 00:00:00","2026-06-16","2026-06-15"
"415","35","2026-07-01","448.76","2916.94","Paid","2026-07-02 00:00:00","2026-07-13 00:00:00","2026-07-16","2026-07-13"
"416","35","2026-08-01","830.79","5400.14","Overdue","2026-08-03 00:00:00","2026-08-25 00:00:00","2026-08-16","2026-08-25"
"417","35","2026-09-01","123.24","801.06","Overdue","2026-09-02 00:00:00","2026-09-20 00:00:00","2026-09-16","2026-09-20"
"418","35","2026-10-01","736.55","5155.85","Paid","2026-10-03 00:00:00","2026-10-15 00:00:00","2026-10-16","2026-10-15"
"419","35","2026-11-01","104.98","629.88","Paid","2026-11-01 00:00:00","2026-11-11 00:00:00","2026-11-16","2026-11-11"
"420","35","2026-12-01","452.96","2491.28","Paid","2026-12-01 00:00:00","2026-12-11 00:00:00","2026-12-16","2026-12-11"
"421","36","2026-01-01","807.73","4442.52","Paid","2026-01-03 00:00:00","2026-01-12 00:00:00","2026-01-16","2026-01-12"
"422","36","2026-02-01","738.87","4433.22","Overdue","2026-02-01 00:00:00","2026-02-25 00:00:00","2026-02-16","2026-02-25"
"423","36","2026-03-01","640.14","3840.84","Paid","2026-03-03 00:00:00","2026-03-13 00:00:00","2026-03-16","2026-03-13"
"424","36","2026-04-01","232.1","1276.55","Paid","2026-04-03 00:00:00","2026-04-13 00:00:00","2026-04-16","2026-04-13"
"425","36","2026-05-01","602.76","3616.56","Pending","2026-05-01 00:00:00","2026-05-11 00:00:00","2026-05-16",""
"426","36","2026-06-01","542.09","3794.63","Paid","2026-06-03 00:00:00","2026-06-11 00:00:00","2026-06-16","2026-06-11"
"427","36","2026-07-01","582.05","3201.27","Paid","2026-07-02 00:00:00","2026-07-14 00:00:00","2026-07-16","2026-07-14"
"428","36","2026-08-01","802.28","5214.82","Paid","2026-08-03 00:00:00","2026-08-11 00:00:00","2026-08-16","2026-08-11"
"429","36","2026-09-01","298.93","2092.51","Overdue","2026-09-03 00:00:00","2026-09-24 00:00:00","2026-09-16","2026-09-24"
"430","36","2026-10-01","348.6","2440.2","Overdue","2026-10-03 00:00:00","2026-10-25 00:00:00","2026-10-16","2026-10-25"
"431","36","2026-11-01","378.09","2646.63","Paid","2026-11-03 00:00:00","2026-11-14 00:00:00","2026-11-16","2026-11-14"
"432","36","2026-12-01","772.05","4246.27","Overdue","2026-12-02 00:00:00","2026-12-22 00:00:00","2026-12-16","2026-12-22"
"433","37","2026-01-01","875.88","6131.16","Paid","2026-01-02 00:00:00","2026-01-15 00:00:00","2026-01-16","2026-01-15"
"434","37","2026-02-01","691.11","4837.77","Pending","2026-02-01 00:00:00","2026-02-11 00:00:00","2026-02-16",""
"435","37","2026-03-01","425.0","2975.0","Overdue","2026-03-03 00:00:00","2026-03-19 00:00:00","2026-03-16","2026-03-19"
"436","37","2026-04-01","584.4","4090.8","Paid","2026-04-03 00:00:00","2026-04-11 00:00:00","2026-04-16","2026-04-11"
"437","37","2026-05-01","385.65","2892.38","Paid","2026-05-03 00:00:00","2026-05-14 00:00:00","2026-05-16","2026-05-14"
"438","37","2026-06-01","527.0","3952.5","Overdue","2026-06-02 00:00:00","2026-06-22 00:00:00","2026-06-16","2026-06-22"
"439","37","2026-07-01","695.13","5213.48","Pending","2026-07-02 00:00:00","2026-07-12 00:00:00","2026-07-16",""
"440","37","2026-08-01","104.18","625.08","Overdue","2026-08-01 00:00:00","2026-08-26 00:00:00","2026-08-16","2026-08-26"
"441","37","2026-09-01","717.97","5025.79","Paid","2026-09-03 00:00:00","2026-09-16 00:00:00","2026-09-16","2026-09-16"
"442","37","2026-10-01","324.82","2436.15","Paid","2026-10-03 00:00:00","2026-10-16 00:00:00","2026-10-16","2026-10-16"
"443","37","2026-11-01","880.25","5281.5","Paid","2026-11-01 00:00:00","2026-11-12 00:00:00","2026-11-16","2026-11-12"
"444","37","2026-12-01","83.72","544.18","Paid","2026-12-03 00:00:00","2026-12-14 00:00:00","2026-12-16","2026-12-14"
"445","38","2026-01-01","198.72","1391.04","Overdue","2026-01-01 00:00:00","2026-01-22 00:00:00","2026-01-16","2026-01-22"
"446","38","2026-02-01","687.17","5153.77","Paid","2026-02-03 00:00:00","2026-02-16 00:00:00","2026-02-16","2026-02-16"
"447","38","2026-03-01","591.11","3842.22","Paid","2026-03-02 00:00:00","2026-03-12 00:00:00","2026-03-16","2026-03-12"
"448","38","2026-04-01","246.87","1604.65","Paid","2026-04-01 00:00:00","2026-04-12 00:00:00","2026-04-16","2026-04-12"
"449","38","2026-05-01","373.21","2052.65","Paid","2026-05-02 00:00:00","2026-05-11 00:00:00","2026-05-16","2026-05-11"
"450","38","2026-06-01","589.32","4125.24","Pending","2026-06-01 00:00:00","2026-06-11 00:00:00","2026-06-16",""
"451","38","2026-07-01","446.08","2676.48","Paid","2026-07-03 00:00:00","2026-07-12 00:00:00","2026-07-16","2026-07-12"
"452","38","2026-08-01","349.09","2269.09","Paid","2026-08-03 00:00:00","2026-08-15 00:00:00","2026-08-16","2026-08-15"
"453","38","2026-09-01","415.95","2495.7","Pending","2026-09-03 00:00:00","2026-09-13 00:00:00","2026-09-16",""
"454","38","2026-10-01","385.44","2505.36","Paid","2026-10-02 00:00:00","2026-10-16 00:00:00","2026-10-16","2026-10-16"
"455","38","2026-11-01","265.3","1459.15","Overdue","2026-11-02 00:00:00","2026-11-21 00:00:00","2026-11-16","2026-11-21"
"456","38","2026-12-01","653.04","4244.76","Pending","2026-12-01 00:00:00","2026-12-11 00:00:00","2026-12-16",""
"457","39","2026-01-01","409.41","2865.87","Paid","2026-01-01 00:00:00","2026-01-12 00:00:00","2026-01-16","2026-01-12"
"458","39","2026-02-01","387.73","2132.52","Paid","2026-02-01 00:00:00","2026-02-13 00:00:00","2026-02-16","2026-02-13"
"459","39","2026-03-01","364.75","2006.12","Overdue","2026-03-01 00:00:00","2026-03-21 00:00:00","2026-03-16","2026-03-21"
"460","39","2026-04-01","703.8","4926.6","Paid","2026-04-03 00:00:00","2026-04-13 00:00:00","2026-04-16","2026-04-13"
"461","39","2026-05-01","887.57","6212.99","Pending","2026-05-03 00:00:00","2026-05-13 00:00:00","2026-05-16",""
"462","39","2026-06-01","472.09","3304.63","Paid","2026-06-03 00:00:00","2026-06-13 00:00:00","2026-06-16","2026-06-13"
"463","39","2026-07-01","182.95","1280.65","Paid","2026-07-02 00:00:00","2026-07-15 00:00:00","2026-07-16","2026-07-15"
"464","39","2026-08-01","505.8","3287.7","Overdue","2026-08-03 00:00:00","2026-08-24 00:00:00","2026-08-16","2026-08-24"
"465","39","2026-09-01","515.5","3866.25","Pending","2026-09-01 00:00:00","2026-09-11 00:00:00","2026-09-16",""
"466","39","2026-10-01","740.59","5554.43","Pending","2026-10-02 00:00:00","2026-10-12 00:00:00","2026-10-16",""
"467","39","2026-11-01","137.86","1033.95","Paid","2026-11-01 00:00:00","2026-11-13 00:00:00","2026-11-16","2026-11-13"
"468","39","2026-12-01","99.52","547.36","Paid","2026-12-02 00:00:00","2026-12-16 00:00:00","2026-12-16","2026-12-16"
"469","40","2026-01-01","516.53","2840.91","Paid","2026-01-02 00:00:00","2026-01-15 00:00:00","2026-01-16","2026-01-15"
"470","40","2026-02-01","124.51","747.06","Overdue","2026-02-01 00:00:00","2026-02-25 00:00:00","2026-02-16","2026-02-25"
"471","40","2026-03-01","598.87","4192.09","Pending","2026-03-03 00:00:00","2026-03-13 00:00:00","2026-03-16",""
"472","40","2026-04-01","838.51","5869.57","Paid","2026-04-02 00:00:00","2026-04-16 00:00:00","2026-04-16","2026-04-16"
"473","40","2026-05-01","271.36","1492.48","Paid","2026-05-01 00:00:00","2026-05-16 00:00:00","2026-05-16","2026-05-16"
"474","40","2026-06-01","219.91","1209.5","Paid","2026-06-03 00:00:00","2026-06-11 00:00:00","2026-06-16","2026-06-11"
"475","40","2026-07-01","337.26","2192.19","Paid","2026-07-02 00:00:00","2026-07-15 00:00:00","2026-07-16","2026-07-15"
"476","40","2026-08-01","256.42","1923.15","Paid","2026-08-02 00:00:00","2026-08-16 00:00:00","2026-08-16","2026-08-16"
"477","40","2026-09-01","459.86","3219.02","Pending","2026-09-02 00:00:00","2026-09-12 00:00:00","2026-09-16",""
"478","40","2026-10-01","173.75","1042.5","Paid","2026-10-01 00:00:00","2026-10-14 00:00:00","2026-10-16","2026-10-14"
"479","40","2026-11-01","141.56","778.58","Paid","2026-11-03 00:00:00","2026-11-14 00:00:00","2026-11-16","2026-11-14"
"480","40","2026-12-01","647.33","4531.31","Pending","2026-12-02 00:00:00","2026-12-12 00:00:00","2026-12-16",""
"481","41","2026-01-01","315.82","2210.74","Pending","2026-01-01 00:00:00","2026-01-11 00:00:00","2026-01-16",""
"482","41","2026-02-01","248.75","1741.25","Paid","2026-02-03 00:00:00","2026-02-12 00:00:00","2026-02-16","2026-02-12"
"483","41","2026-03-01","703.24","4922.68","Pending","2026-03-01 00:00:00","2026-03-11 00:00:00","2026-03-16",""
"484","41","2026-04-01","400.91","2605.91","Paid","2026-04-02 00:00:00","2026-04-16 00:00:00","2026-04-16","2026-04-16"
"485","41","2026-05-01","898.66","6290.62","Overdue","2026-05-03 00:00:00","2026-05-21 00:00:00","2026-05-16","2026-05-21"
"486","41","2026-06-01","175.94","1231.58","Paid","2026-06-03 00:00:00","2026-06-15 00:00:00","2026-06-16","2026-06-15"
"487","41","2026-07-01","283.74","1986.18","Paid","2026-07-01 00:00:00","2026-07-12 00:00:00","2026-07-16","2026-07-12"
"488","41","2026-08-01","475.67","3091.86","Overdue","2026-08-02 00:00:00","2026-08-20 00:00:00","2026-08-16","2026-08-20"
"489","41","2026-09-01","819.2","5734.4","Paid","2026-09-02 00:00:00","2026-09-15 00:00:00","2026-09-16","2026-09-15"
"490","41","2026-10-01","740.92","4075.06","Pending","2026-10-02 00:00:00","2026-10-12 00:00:00","2026-10-16",""
"491","41","2026-11-01","623.07","3738.42","Overdue","2026-11-02 00:00:00","2026-11-18 00:00:00","2026-11-16","2026-11-18"
"492","41","2026-12-01","120.38","722.28","Overdue","2026-12-03 00:00:00","2026-12-20 00:00:00","2026-12-16","2026-12-20"
"493","42","2026-01-01","425.85","2980.95","Paid","2026-01-01 00:00:00","2026-01-11 00:00:00","2026-01-16","2026-01-11"
"494","42","2026-02-01","521.22","3387.93","Overdue","2026-02-01 00:00:00","2026-02-25 00:00:00","2026-02-16","2026-02-25"
"495","42","2026-03-01","850.93","5531.05","Paid","2026-03-01 00:00:00","2026-03-12 00:00:00","2026-03-16","2026-03-12"
"496","42","2026-04-01","656.97","4598.79","Paid","2026-04-02 00:00:00","2026-04-14 00:00:00","2026-04-16","2026-04-14"
"497","42","2026-05-01","258.12","1419.66","Paid","2026-05-02 00:00:00","2026-05-14 00:00:00","2026-05-16","2026-05-14"
"498","42","2026-06-01","649.84","3899.04","Paid","2026-06-03 00:00:00","2026-06-12 00:00:00","2026-06-16","2026-06-12"
"499","42","2026-07-01","429.07","3218.03","Paid","2026-07-02 00:00:00","2026-07-16 00:00:00","2026-07-16","2026-07-16"
"500","42","2026-08-01","609.3","4569.75","Paid","2026-08-03 00:00:00","2026-08-15 00:00:00","2026-08-16","2026-08-15"
"501","42","2026-09-01","578.83","3183.57","Pending","2026-09-01 00:00:00","2026-09-11 00:00:00","2026-09-16",""
"502","42","2026-10-01","599.32","4494.9","Paid","2026-10-03 00:00:00","2026-10-11 00:00:00","2026-10-16","2026-10-11"
"503","42","2026-11-01","363.82","2182.92","Pending","2026-11-02 00:00:00","2026-11-12 00:00:00","2026-11-16",""
"504","42","2026-12-01","325.01","2437.57","Paid","2026-12-02 00:00:00","2026-12-11 00:00:00","2026-12-16","2026-12-11"
"505","43","2026-01-01","417.18","2503.08","Overdue","2026-01-03 00:00:00","2026-01-22 00:00:00","2026-01-16","2026-01-22"
"506","43","2026-02-01","301.96","1660.78","Paid","2026-02-02 00:00:00","2026-02-15 00:00:00","2026-02-16","2026-02-15"
"507","43","2026-03-01","862.49","4743.69","Paid","2026-03-01 00:00:00","2026-03-12 00:00:00","2026-03-16","2026-03-12"
"508","43","2026-04-01","91.35","502.42","Paid","2026-04-02 00:00:00","2026-04-12 00:00:00","2026-04-16","2026-04-12"
"509","43","2026-05-01","223.9","1567.3","Paid","2026-05-03 00:00:00","2026-05-11 00:00:00","2026-05-16","2026-05-11"
"510","43","2026-06-01","300.55","1803.3","Paid","2026-06-03 00:00:00","2026-06-13 00:00:00","2026-06-16","2026-06-13"
"511","43","2026-07-01","343.87","2579.03","Paid","2026-07-03 00:00:00","2026-07-16 00:00:00","2026-07-16","2026-07-16"
"512","43","2026-08-01","722.48","4696.12","Paid","2026-08-02 00:00:00","2026-08-11 00:00:00","2026-08-16","2026-08-11"
"513","43","2026-09-01","730.19","4746.24","Pending","2026-09-01 00:00:00","2026-09-11 00:00:00","2026-09-16",""
"514","43","2026-10-01","371.01","2782.57","Paid","2026-10-01 00:00:00","2026-10-13 00:00:00","2026-10-16","2026-10-13"
"515","43","2026-11-01","711.94","5339.55","Paid","2026-11-01 00:00:00","2026-11-11 00:00:00","2026-11-16","2026-11-11"
"516","43","2026-12-01","677.32","5079.9","Pending","2026-12-03 00:00:00","2026-12-13 00:00:00","2026-12-16",""
"517","44","2026-01-01","852.44","4688.42","Overdue","2026-01-01 00:00:00","2026-01-22 00:00:00","2026-01-16","2026-01-22"
"518","44","2026-02-01","481.22","2646.71","Paid","2026-02-02 00:00:00","2026-02-11 00:00:00","2026-02-16","2026-02-11"
"519","44","2026-03-01","670.92","5031.9","Pending","2026-03-01 00:00:00","2026-03-11 00:00:00","2026-03-16",""
"520","44","2026-04-01","444.39","2666.34","Paid","2026-04-01 00:00:00","2026-04-14 00:00:00","2026-04-16","2026-04-14"
"521","44","2026-05-01","602.73","3616.38","Paid","2026-05-03 00:00:00","2026-05-14 00:00:00","2026-05-16","2026-05-14"
"522","44","2026-06-01","885.44","4869.92","Paid","2026-06-03 00:00:00","2026-06-15 00:00:00","2026-06-16","2026-06-15"
"523","44","2026-07-01","157.36","944.16","Pending","2026-07-03 00:00:00","2026-07-13 00:00:00","2026-07-16",""
"524","44","2026-08-01","858.33","5579.15","Paid","2026-08-02 00:00:00","2026-08-16 00:00:00","2026-08-16","2026-08-16"
"525","44","2026-09-01","237.65","1782.38","Paid","2026-09-03 00:00:00","2026-09-13 00:00:00","2026-09-16","2026-09-13"
"526","44","2026-10-01","482.33","2893.98","Paid","2026-10-01 00:00:00","2026-10-15 00:00:00","2026-10-16","2026-10-15"
"527","44","2026-11-01","247.54","1485.24","Overdue","2026-11-01 00:00:00","2026-11-19 00:00:00","2026-11-16","2026-11-19"
"528","44","2026-12-01","282.58","1554.19","Paid","2026-12-03 00:00:00","2026-12-15 00:00:00","2026-12-16","2026-12-15"
"529","45","2026-01-01","121.48","728.88","Overdue","2026-01-03 00:00:00","2026-01-21 00:00:00","2026-01-16","2026-01-21"
"530","45","2026-02-01","320.07","1760.38","Paid","2026-02-02 00:00:00","2026-02-12 00:00:00","2026-02-16","2026-02-12"
"531","45","2026-03-01","753.85","5276.95","Paid","2026-03-01 00:00:00","2026-03-15 00:00:00","2026-03-16","2026-03-15"
"532","45","2026-04-01","254.76","1401.18","Pending","2026-04-02 00:00:00","2026-04-12 00:00:00","2026-04-16",""
"533","45","2026-05-01","651.16","4883.7","Pending","2026-05-01 00:00:00","2026-05-11 00:00:00","2026-05-16",""
"534","45","2026-06-01","287.09","2153.17","Paid","2026-06-02 00:00:00","2026-06-16 00:00:00","2026-06-16","2026-06-16"
"535","45","2026-07-01","697.62","4185.72","Paid","2026-07-03 00:00:00","2026-07-13 00:00:00","2026-07-16","2026-07-13"
"536","45","2026-08-01","177.53","1065.18","Overdue","2026-08-01 00:00:00","2026-08-19 00:00:00","2026-08-16","2026-08-19"
"537","45","2026-09-01","364.67","2005.69","Overdue","2026-09-02 00:00:00","2026-09-21 00:00:00","2026-09-16","2026-09-21"
"538","45","2026-10-01","160.51","1043.32","Paid","2026-10-03 00:00:00","2026-10-13 00:00:00","2026-10-16","2026-10-13"
"539","45","2026-11-01","564.18","3102.99","Paid","2026-11-02 00:00:00","2026-11-15 00:00:00","2026-11-16","2026-11-15"
"540","45","2026-12-01","686.12","4802.84","Paid","2026-12-03 00:00:00","2026-12-13 00:00:00","2026-12-16","2026-12-13"
"541","46","2026-01-01","443.13","2658.78","Paid","2026-01-03 00:00:00","2026-01-16 00:00:00","2026-01-16","2026-01-16"
"542","46","2026-02-01","474.3","2608.65","Pending","2026-02-03 00:00:00","2026-02-13 00:00:00","2026-02-16",""
"543","46","2026-03-01","128.45","770.7","Paid","2026-03-02 00:00:00","2026-03-13 00:00:00","2026-03-16","2026-03-13"
"544","46","2026-04-01","127.27","827.25","Pending","2026-04-01 00:00:00","2026-04-11 00:00:00","2026-04-16",""
"545","46","2026-05-01","219.91","1649.33","Paid","2026-05-01 00:00:00","2026-05-12 00:00:00","2026-05-16","2026-05-12"
"546","46","2026-06-01","187.99","1409.93","Pending","2026-06-03 00:00:00","2026-06-13 00:00:00","2026-06-16",""
"547","46","2026-07-01","252.07","1512.42","Pending","2026-07-03 00:00:00","2026-07-13 00:00:00","2026-07-16",""
"548","46","2026-08-01","498.03","3237.19","Paid","2026-08-02 00:00:00","2026-08-13 00:00:00","2026-08-16","2026-08-13"
"549","46","2026-09-01","95.05","522.77","Overdue","2026-09-03 00:00:00","2026-09-19 00:00:00","2026-09-16","2026-09-19"
"550","46","2026-10-01","146.62","806.41","Paid","2026-10-01 00:00:00","2026-10-15 00:00:00","2026-10-16","2026-10-15"
"551","46","2026-11-01","157.48","944.88","Paid","2026-11-02 00:00:00","2026-11-12 00:00:00","2026-11-16","2026-11-12"
"552","46","2026-12-01","238.79","1790.92","Pending","2026-12-03 00:00:00","2026-12-13 00:00:00","2026-12-16",""
"553","47","2026-01-01","104.52","679.38","Paid","2026-01-02 00:00:00","2026-01-16 00:00:00","2026-01-16","2026-01-16"
"554","47","2026-02-01","192.77","1156.62","Pending","2026-02-02 00:00:00","2026-02-12 00:00:00","2026-02-16",""
"555","47","2026-03-01","338.54","2539.05","Paid","2026-03-02 00:00:00","2026-03-12 00:00:00","2026-03-16","2026-03-12"
"556","47","2026-04-01","411.57","2675.2","Pending","2026-04-01 00:00:00","2026-04-11 00:00:00","2026-04-16",""
"557","47","2026-05-01","161.23","1209.22","Overdue","2026-05-02 00:00:00","2026-05-17 00:00:00","2026-05-16","2026-05-17"
"558","47","2026-06-01","758.72","5311.04","Overdue","2026-06-03 00:00:00","2026-06-25 00:00:00","2026-06-16","2026-06-25"
"559","47","2026-07-01","405.11","2228.11","Paid","2026-07-02 00:00:00","2026-07-15 00:00:00","2026-07-16","2026-07-15"
"560","47","2026-08-01","765.34","4974.71","Paid","2026-08-03 00:00:00","2026-08-14 00:00:00","2026-08-16","2026-08-14"
"561","47","2026-09-01","528.77","2908.23","Paid","2026-09-02 00:00:00","2026-09-11 00:00:00","2026-09-16","2026-09-11"
"562","47","2026-10-01","547.43","3010.86","Paid","2026-10-03 00:00:00","2026-10-16 00:00:00","2026-10-16","2026-10-16"
"563","47","2026-11-01","392.48","2551.12","Paid","2026-11-03 00:00:00","2026-11-11 00:00:00","2026-11-16","2026-11-11"
"564","47","2026-12-01","505.89","3035.34","Overdue","2026-12-01 00:00:00","2026-12-19 00:00:00","2026-12-16","2026-12-19"
"565","48","2026-01-01","313.65","2195.55","Paid","2026-01-02 00:00:00","2026-01-16 00:00:00","2026-01-16","2026-01-16"
"566","48","2026-02-01","848.92","5517.98","Paid","2026-02-03 00:00:00","2026-02-12 00:00:00","2026-02-16","2026-02-12"
"567","48","2026-03-01","456.14","3192.98","Paid","2026-03-02 00:00:00","2026-03-11 00:00:00","2026-03-16","2026-03-11"
"568","48","2026-04-01","866.41","6064.87","Paid","2026-04-02 00:00:00","2026-04-16 00:00:00","2026-04-16","2026-04-16"
"569","48","2026-05-01","745.06","4842.89","Overdue","2026-05-01 00:00:00","2026-05-26 00:00:00","2026-05-16","2026-05-26"
"570","48","2026-06-01","890.85","6235.95","Paid","2026-06-02 00:00:00","2026-06-12 00:00:00","2026-06-16","2026-06-12"
"571","48","2026-07-01","180.28","1171.82","Pending","2026-07-02 00:00:00","2026-07-12 00:00:00","2026-07-16",""
"572","48","2026-08-01","827.19","4963.14","Pending","2026-08-03 00:00:00","2026-08-13 00:00:00","2026-08-16",""
"573","48","2026-09-01","721.01","3965.55","Pending","2026-09-02 00:00:00","2026-09-12 00:00:00","2026-09-16",""
"574","48","2026-10-01","792.19","5545.33","Paid","2026-10-01 00:00:00","2026-10-13 00:00:00","2026-10-16","2026-10-13"
"575","48","2026-11-01","699.04","4543.76","Overdue","2026-11-02 00:00:00","2026-11-22 00:00:00","2026-11-16","2026-11-22"
"576","48","2026-12-01","271.8","1630.8","Paid","2026-12-02 00:00:00","2026-12-12 00:00:00","2026-12-16","2026-12-12"
"577","49","2026-01-01","866.99","5635.44","Paid","2026-01-01 00:00:00","2026-01-16 00:00:00","2026-01-16","2026-01-16"
"578","49","2026-02-01","471.47","3300.29","Paid","2026-02-01 00:00:00","2026-02-13 00:00:00","2026-02-16","2026-02-13"
"579","49","2026-03-01","694.33","5207.48","Paid","2026-03-02 00:00:00","2026-03-13 00:00:00","2026-03-16","2026-03-13"
"580","49","2026-04-01","272.48","1634.88","Paid","2026-04-02 00:00:00","2026-04-12 00:00:00","2026-04-16","2026-04-12"
"581","49","2026-05-01","547.87","4109.02","Paid","2026-05-03 00:00:00","2026-05-15 00:00:00","2026-05-16","2026-05-15"
"582","49","2026-06-01","760.1","4940.65","Paid","2026-06-01 00:00:00","2026-06-15 00:00:00","2026-06-16","2026-06-15"
"583","49","2026-07-01","616.04","3388.22","Pending","2026-07-03 00:00:00","2026-07-13 00:00:00","2026-07-16",""
"584","49","2026-08-01","490.52","3188.38","Paid","2026-08-01 00:00:00","2026-08-12 00:00:00","2026-08-16","2026-08-12"
"585","49","2026-09-01","720.2","5041.4","Paid","2026-09-02 00:00:00","2026-09-12 00:00:00","2026-09-16","2026-09-12"
"586","49","2026-10-01","593.74","3265.57","Paid","2026-10-02 00:00:00","2026-10-12 00:00:00","2026-10-16","2026-10-12"
"587","49","2026-11-01","241.03","1687.21","Paid","2026-11-01 00:00:00","2026-11-11 00:00:00","2026-11-16","2026-11-11"
"588","49","2026-12-01","105.43","579.87","Overdue","2026-12-01 00:00:00","2026-12-22 00:00:00","2026-12-16","2026-12-22"
"589","50","2026-01-01","842.41","5896.87","Paid","2026-01-02 00:00:00","2026-01-16 00:00:00","2026-01-16","2026-01-16"
"590","50","2026-02-01","717.02","4660.63","Paid","2026-02-02 00:00:00","2026-02-15 00:00:00","2026-02-16","2026-02-15"
"591","50","2026-03-01","92.69","648.83","Pending","2026-03-03 00:00:00","2026-03-13 00:00:00","2026-03-16",""
"592","50","2026-04-01","562.06","3091.33","Pending","2026-04-02 00:00:00","2026-04-12 00:00:00","2026-04-16",""
"593","50","2026-05-01","626.07","3443.39","Overdue","2026-05-01 00:00:00","2026-05-19 00:00:00","2026-05-16","2026-05-19"
"594","50","2026-06-01","150.67","1054.69","Paid","2026-06-01 00:00:00","2026-06-14 00:00:00","2026-06-16","2026-06-14"
"595","50","2026-07-01","160.07","1120.49","Paid","2026-07-01 00:00:00","2026-07-13 00:00:00","2026-07-16","2026-07-13"
"596","50","2026-08-01","848.39","5938.73","Paid","2026-08-02 00:00:00","2026-08-13 00:00:00","2026-08-16","2026-08-13"
"597","50","2026-09-01","794.32","4765.92","Paid","2026-09-03 00:00:00","2026-09-15 00:00:00","2026-09-16","2026-09-15"
"598","50","2026-10-01","889.93","4894.61","Overdue","2026-10-01 00:00:00","2026-10-18 00:00:00","2026-10-16","2026-10-18"
"599","50","2026-11-01","713.66","4638.79","Paid","2026-11-03 00:00:00","2026-11-16 00:00:00","2026-11-16","2026-11-16"
"600","50","2026-12-01","598.72","3891.68","Paid","2026-12-01 00:00:00","2026-12-15 00:00:00","2026-12-16","2026-12-15"
"601","51","2026-01-01","824.09","6180.68","Paid","2026-01-03 00:00:00","2026-01-15 00:00:00","2026-01-16","2026-01-15"
"602","51","2026-02-01","84.24","505.44","Overdue","2026-02-02 00:00:00","2026-02-21 00:00:00","2026-02-16","2026-02-21"
"603","51","2026-03-01","799.92","4799.52","Overdue","2026-03-03 00:00:00","2026-03-22 00:00:00","2026-03-16","2026-03-22"
"604","51","2026-04-01","420.6","2944.2","Paid","2026-04-03 00:00:00","2026-04-14 00:00:00","2026-04-16","2026-04-14"
"605","51","2026-05-01","537.03","2953.66","Paid","2026-05-03 00:00:00","2026-05-11 00:00:00","2026-05-16","2026-05-11"
"606","51","2026-06-01","832.16","5825.12","Paid","2026-06-03 00:00:00","2026-06-14 00:00:00","2026-06-16","2026-06-14"
"607","51","2026-07-01","176.2","1145.3","Paid","2026-07-03 00:00:00","2026-07-16 00:00:00","2026-07-16","2026-07-16"
"608","51","2026-08-01","632.34","3794.04","Paid","2026-08-02 00:00:00","2026-08-15 00:00:00","2026-08-16","2026-08-15"
"609","51","2026-09-01","892.54","6247.78","Paid","2026-09-03 00:00:00","2026-09-16 00:00:00","2026-09-16","2026-09-16"
"610","51","2026-10-01","93.19","652.33","Paid","2026-10-01 00:00:00","2026-10-14 00:00:00","2026-10-16","2026-10-14"
"611","51","2026-11-01","443.4","3103.8","Pending","2026-11-01 00:00:00","2026-11-11 00:00:00","2026-11-16",""
"612","51","2026-12-01","621.31","3727.86","Paid","2026-12-02 00:00:00","2026-12-13 00:00:00","2026-12-16","2026-12-13"
"613","52","2026-01-01","311.6","1869.6","Paid","2026-01-03 00:00:00","2026-01-13 00:00:00","2026-01-16","2026-01-13"
"614","52","2026-02-01","672.04","4368.26","Paid","2026-02-03 00:00:00","2026-02-14 00:00:00","2026-02-16","2026-02-14"
"615","52","2026-03-01","402.25","2614.62","Paid","2026-03-02 00:00:00","2026-03-15 00:00:00","2026-03-16","2026-03-15"
"616","52","2026-04-01","93.25","559.5","Paid","2026-04-01 00:00:00","2026-04-16 00:00:00","2026-04-16","2026-04-16"
"617","52","2026-05-01","527.49","2901.2","Overdue","2026-05-03 00:00:00","2026-05-17 00:00:00","2026-05-16","2026-05-17"
"618","52","2026-06-01","796.12","5970.9","Paid","2026-06-02 00:00:00","2026-06-13 00:00:00","2026-06-16","2026-06-13"
"619","52","2026-07-01","173.61","1041.66","Paid","2026-07-02 00:00:00","2026-07-13 00:00:00","2026-07-16","2026-07-13"
"620","52","2026-08-01","389.41","2336.46","Paid","2026-08-03 00:00:00","2026-08-16 00:00:00","2026-08-16","2026-08-16"
"621","52","2026-09-01","610.99","3971.43","Paid","2026-09-01 00:00:00","2026-09-13 00:00:00","2026-09-16","2026-09-13"
"622","52","2026-10-01","512.82","3589.74","Overdue","2026-10-02 00:00:00","2026-10-20 00:00:00","2026-10-16","2026-10-20"
"623","52","2026-11-01","459.48","3446.1","Pending","2026-11-02 00:00:00","2026-11-12 00:00:00","2026-11-16",""
"624","52","2026-12-01","86.33","604.31","Overdue","2026-12-03 00:00:00","2026-12-24 00:00:00","2026-12-16","2026-12-24"
"625","53","2026-01-01","452.33","2487.82","Paid","2026-01-01 00:00:00","2026-01-14 00:00:00","2026-01-16","2026-01-14"
"626","53","2026-02-01","300.39","2252.92","Paid","2026-02-03 00:00:00","2026-02-11 00:00:00","2026-02-16","2026-02-11"
"627","53","2026-03-01","247.32","1483.92","Paid","2026-03-01 00:00:00","2026-03-11 00:00:00","2026-03-16","2026-03-11"
"628","53","2026-04-01","365.92","2195.52","Paid","2026-04-03 00:00:00","2026-04-14 00:00:00","2026-04-16","2026-04-14"
"629","53","2026-05-01","485.33","2911.98","Paid","2026-05-02 00:00:00","2026-05-16 00:00:00","2026-05-16","2026-05-16"
"630","53","2026-06-01","733.08","5131.56","Overdue","2026-06-02 00:00:00","2026-06-18 00:00:00","2026-06-16","2026-06-18"
"631","53","2026-07-01","111.04","666.24","Paid","2026-07-01 00:00:00","2026-07-15 00:00:00","2026-07-16","2026-07-15"
"632","53","2026-08-01","589.36","4125.52","Paid","2026-08-03 00:00:00","2026-08-13 00:00:00","2026-08-16","2026-08-13"
"633","53","2026-09-01","629.93","3779.58","Overdue","2026-09-03 00:00:00","2026-09-24 00:00:00","2026-09-16","2026-09-24"
"634","53","2026-10-01","531.61","3721.27","Overdue","2026-10-03 00:00:00","2026-10-23 00:00:00","2026-10-16","2026-10-23"
"635","53","2026-11-01","489.33","2935.98","Paid","2026-11-01 00:00:00","2026-11-12 00:00:00","2026-11-16","2026-11-12"
"636","53","2026-12-01","828.83","4972.98","Pending","2026-12-02 00:00:00","2026-12-12 00:00:00","2026-12-16",""
"637","54","2026-01-01","474.11","3081.72","Overdue","2026-01-01 00:00:00","2026-01-17 00:00:00","2026-01-16","2026-01-17"
"638","54","2026-02-01","456.89","2512.89","Paid","2026-02-02 00:00:00","2026-02-14 00:00:00","2026-02-16","2026-02-14"
"639","54","2026-03-01","135.1","878.15","Paid","2026-03-01 00:00:00","2026-03-12 00:00:00","2026-03-16","2026-03-12"
"640","54","2026-04-01","629.93","3779.58","Paid","2026-04-01 00:00:00","2026-04-13 00:00:00","2026-04-16","2026-04-13"
"641","54","2026-05-01","665.38","4324.97","Paid","2026-05-03 00:00:00","2026-05-14 00:00:00","2026-05-16","2026-05-14"
"642","54","2026-06-01","769.15","4230.32","Paid","2026-06-03 00:00:00","2026-06-11 00:00:00","2026-06-16","2026-06-11"
"643","54","2026-07-01","326.78","2287.46","Pending","2026-07-02 00:00:00","2026-07-12 00:00:00","2026-07-16",""
"644","54","2026-08-01","899.49","4947.19","Pending","2026-08-02 00:00:00","2026-08-12 00:00:00","2026-08-16",""
"645","54","2026-09-01","183.51","1009.3","Paid","2026-09-01 00:00:00","2026-09-11 00:00:00","2026-09-16","2026-09-11"
"646","54","2026-10-01","226.04","1243.22","Paid","2026-10-02 00:00:00","2026-10-14 00:00:00","2026-10-16","2026-10-14"
"647","54","2026-11-01","339.39","2036.34","Pending","2026-11-02 00:00:00","2026-11-12 00:00:00","2026-11-16",""
"648","54","2026-12-01","759.87","4939.15","Overdue","2026-12-01 00:00:00","2026-12-20 00:00:00","2026-12-16","2026-12-20"
"649","55","2026-01-01","492.68","2956.08","Paid","2026-01-01 00:00:00","2026-01-16 00:00:00","2026-01-16","2026-01-16"
"650","55","2026-02-01","153.14","1071.98","Pending","2026-02-01 00:00:00","2026-02-11 00:00:00","2026-02-16",""
"651","55","2026-03-01","664.64","3655.52","Paid","2026-03-03 00:00:00","2026-03-11 00:00:00","2026-03-16","2026-03-11"
"652","55","2026-04-01","695.93","3827.61","Pending","2026-04-03 00:00:00","2026-04-13 00:00:00","2026-04-16",""
"653","55","2026-05-01","116.86","818.02","Overdue","2026-05-03 00:00:00","2026-05-24 00:00:00","2026-05-16","2026-05-24"
"654","55","2026-06-01","290.54","2179.05","Paid","2026-06-01 00:00:00","2026-06-14 00:00:00","2026-06-16","2026-06-14"
"655","55","2026-07-01","334.3","2005.8","Paid","2026-07-03 00:00:00","2026-07-13 00:00:00","2026-07-16","2026-07-13"
"656","55","2026-08-01","620.48","4033.12","Paid","2026-08-02 00:00:00","2026-08-12 00:00:00","2026-08-16","2026-08-12"
"657","55","2026-09-01","305.97","1988.81","Paid","2026-09-01 00:00:00","2026-09-13 00:00:00","2026-09-16","2026-09-13"
"658","55","2026-10-01","423.68","2965.76","Overdue","2026-10-01 00:00:00","2026-10-21 00:00:00","2026-10-16","2026-10-21"
"659","55","2026-11-01","311.41","1712.76","Paid","2026-11-02 00:00:00","2026-11-11 00:00:00","2026-11-16","2026-11-11"
"660","55","2026-12-01","312.65","1875.9","Paid","2026-12-01 00:00:00","2026-12-16 00:00:00","2026-12-16","2026-12-16"
"661","56","2026-01-01","339.01","2542.57","Overdue","2026-01-03 00:00:00","2026-01-26 00:00:00","2026-01-16","2026-01-26"
"662","56","2026-02-01","509.48","3056.88","Paid","2026-02-03 00:00:00","2026-02-15 00:00:00","2026-02-16","2026-02-15"
"663","56","2026-03-01","674.49","4721.43","Paid","2026-03-03 00:00:00","2026-03-16 00:00:00","2026-03-16","2026-03-16"
"664","56","2026-04-01","415.02","2282.61","Overdue","2026-04-03 00:00:00","2026-04-20 00:00:00","2026-04-16","2026-04-20"
"665","56","2026-05-01","224.38","1346.28","Pending","2026-05-01 00:00:00","2026-05-11 00:00:00","2026-05-16",""
"666","56","2026-06-01","458.41","3208.87","Paid","2026-06-02 00:00:00","2026-06-13 00:00:00","2026-06-16","2026-06-13"
"667","56","2026-07-01","317.19","2378.93","Paid","2026-07-03 00:00:00","2026-07-13 00:00:00","2026-07-16","2026-07-13"
"668","56","2026-08-01","694.58","4167.48","Paid","2026-08-02 00:00:00","2026-08-14 00:00:00","2026-08-16","2026-08-14"
"669","56","2026-09-01","523.8","3928.5","Paid","2026-09-02 00:00:00","2026-09-16 00:00:00","2026-09-16","2026-09-16"
"670","56","2026-10-01","334.49","1839.7","Overdue","2026-10-03 00:00:00","2026-10-18 00:00:00","2026-10-16","2026-10-18"
"671","56","2026-11-01","745.27","4844.26","Overdue","2026-11-03 00:00:00","2026-11-19 00:00:00","2026-11-16","2026-11-19"
"672","56","2026-12-01","366.22","2746.65","Overdue","2026-12-03 00:00:00","2026-12-25 00:00:00","2026-12-16","2026-12-25"
"673","57","2026-01-01","617.45","4013.43","Paid","2026-01-02 00:00:00","2026-01-12 00:00:00","2026-01-16","2026-01-12"
"674","57","2026-02-01","427.81","3208.57","Pending","2026-02-03 00:00:00","2026-02-13 00:00:00","2026-02-16",""
"675","57","2026-03-01","729.85","5108.95","Paid","2026-03-02 00:00:00","2026-03-15 00:00:00","2026-03-16","2026-03-15"
"676","57","2026-04-01","452.22","3165.54","Overdue","2026-04-01 00:00:00","2026-04-17 00:00:00","2026-04-16","2026-04-17"
"677","57","2026-05-01","568.66","3411.96","Paid","2026-05-02 00:00:00","2026-05-15 00:00:00","2026-05-16","2026-05-15"
"678","57","2026-06-01","357.35","2322.78","Paid","2026-06-02 00:00:00","2026-06-16 00:00:00","2026-06-16","2026-06-16"
"679","57","2026-07-01","260.47","1953.53","Overdue","2026-07-02 00:00:00","2026-07-21 00:00:00","2026-07-16","2026-07-21"
"680","57","2026-08-01","391.6","2741.2","Paid","2026-08-03 00:00:00","2026-08-15 00:00:00","2026-08-16","2026-08-15"
"681","57","2026-09-01","199.67","1297.86","Paid","2026-09-03 00:00:00","2026-09-15 00:00:00","2026-09-16","2026-09-15"
"682","57","2026-10-01","683.47","3759.09","Pending","2026-10-03 00:00:00","2026-10-13 00:00:00","2026-10-16",""
"683","57","2026-11-01","696.19","5221.43","Pending","2026-11-03 00:00:00","2026-11-13 00:00:00","2026-11-16",""
"684","57","2026-12-01","755.78","4912.57","Paid","2026-12-02 00:00:00","2026-12-15 00:00:00","2026-12-16","2026-12-15"
"685","58","2026-01-01","472.74","3072.81","Overdue","2026-01-02 00:00:00","2026-01-19 00:00:00","2026-01-16","2026-01-19"
"686","58","2026-02-01","456.41","3423.08","Overdue","2026-02-03 00:00:00","2026-02-24 00:00:00","2026-02-16","2026-02-24"
"687","58","2026-03-01","486.68","2676.74","Paid","2026-03-02 00:00:00","2026-03-16 00:00:00","2026-03-16","2026-03-16"
"688","58","2026-04-01","313.49","1880.94","Paid","2026-04-03 00:00:00","2026-04-16 00:00:00","2026-04-16","2026-04-16"
"689","58","2026-05-01","872.7","5236.2","Paid","2026-05-02 00:00:00","2026-05-16 00:00:00","2026-05-16","2026-05-16"
"690","58","2026-06-01","122.44","918.3","Paid","2026-06-02 00:00:00","2026-06-12 00:00:00","2026-06-16","2026-06-12"
"691","58","2026-07-01","758.62","5310.34","Paid","2026-07-03 00:00:00","2026-07-15 00:00:00","2026-07-16","2026-07-15"
"692","58","2026-08-01","173.1","1298.25","Pending","2026-08-03 00:00:00","2026-08-13 00:00:00","2026-08-16",""
"693","58","2026-09-01","776.97","5827.28","Paid","2026-09-03 00:00:00","2026-09-14 00:00:00","2026-09-16","2026-09-14"
"694","58","2026-10-01","848.59","4667.24","Overdue","2026-10-03 00:00:00","2026-10-25 00:00:00","2026-10-16","2026-10-25"
"695","58","2026-11-01","254.59","1909.42","Paid","2026-11-03 00:00:00","2026-11-13 00:00:00","2026-11-16","2026-11-13"
"696","58","2026-12-01","366.84","2751.3","Overdue","2026-12-01 00:00:00","2026-12-18 00:00:00","2026-12-16","2026-12-18"
"697","59","2026-01-01","203.11","1117.11","Paid","2026-01-02 00:00:00","2026-01-16 00:00:00","2026-01-16","2026-01-16"
"698","59","2026-02-01","291.16","1746.96","Pending","2026-02-03 00:00:00","2026-02-13 00:00:00","2026-02-16",""
"699","59","2026-03-01","361.85","1990.18","Paid","2026-03-03 00:00:00","2026-03-13 00:00:00","2026-03-16","2026-03-13"
"700","59","2026-04-01","88.72","621.04","Pending","2026-04-01 00:00:00","2026-04-11 00:00:00","2026-04-16",""
"701","59","2026-05-01","134.0","804.0","Paid","2026-05-03 00:00:00","2026-05-11 00:00:00","2026-05-16","2026-05-11"
"702","59","2026-06-01","319.28","2394.6","Paid","2026-06-01 00:00:00","2026-06-12 00:00:00","2026-06-16","2026-06-12"
"703","59","2026-07-01","259.36","1685.84","Overdue","2026-07-01 00:00:00","2026-07-20 00:00:00","2026-07-16","2026-07-20"
"704","59","2026-08-01","521.08","3126.48","Paid","2026-08-01 00:00:00","2026-08-15 00:00:00","2026-08-16","2026-08-15"
"705","59","2026-09-01","434.77","3260.77","Pending","2026-09-03 00:00:00","2026-09-13 00:00:00","2026-09-16",""
"706","59","2026-10-01","494.25","3706.88","Paid","2026-10-01 00:00:00","2026-10-12 00:00:00","2026-10-16","2026-10-12"
"707","59","2026-11-01","820.39","6152.93","Paid","2026-11-01 00:00:00","2026-11-13 00:00:00","2026-11-16","2026-11-13"
"708","59","2026-12-01","276.65","1936.55","Pending","2026-12-01 00:00:00","2026-12-11 00:00:00","2026-12-16",""
"709","60","2026-01-01","668.97","4682.79","Paid","2026-01-03 00:00:00","2026-01-16 00:00:00","2026-01-16","2026-01-16"
"710","60","2026-02-01","184.77","1201.01","Overdue","2026-02-03 00:00:00","2026-02-19 00:00:00","2026-02-16","2026-02-19"
"711","60","2026-03-01","685.5","4455.75","Paid","2026-03-02 00:00:00","2026-03-14 00:00:00","2026-03-16","2026-03-14"
"712","60","2026-04-01","180.17","1261.19","Overdue","2026-04-01 00:00:00","2026-04-25 00:00:00","2026-04-16","2026-04-25"
"713","60","2026-05-01","580.5","3192.75","Pending","2026-05-01 00:00:00","2026-05-11 00:00:00","2026-05-16",""
"714","60","2026-06-01","374.03","2618.21","Paid","2026-06-01 00:00:00","2026-06-14 00:00:00","2026-06-16","2026-06-14"
"715","60","2026-07-01","804.79","4828.74","Paid","2026-07-02 00:00:00","2026-07-15 00:00:00","2026-07-16","2026-07-15"
"716","60","2026-08-01","321.55","1929.3","Paid","2026-08-02 00:00:00","2026-08-15 00:00:00","2026-08-16","2026-08-15"
"717","60","2026-09-01","256.97","1670.31","Overdue","2026-09-01 00:00:00","2026-09-24 00:00:00","2026-09-16","2026-09-24"
"718","60","2026-10-01","293.33","1906.64","Paid","2026-10-01 00:00:00","2026-10-15 00:00:00","2026-10-16","2026-10-15"
"719","60","2026-11-01","626.81","4701.07","Overdue","2026-11-02 00:00:00","2026-11-19 00:00:00","2026-11-16","2026-11-19"
"720","60","2026-12-01","705.35","5290.12","Paid","2026-12-02 00:00:00","2026-12-14 00:00:00","2026-12-16","2026-12-14"
"721","61","2026-01-01","655.47","4588.29","Paid","2026-01-02 00:00:00","2026-01-11 00:00:00","2026-01-16","2026-01-11"
"722","61","2026-02-01","690.92","4145.52","Paid","2026-02-01 00:00:00","2026-02-13 00:00:00","2026-02-16","2026-02-13"
"723","61","2026-03-01","683.42","4783.94","Overdue","2026-03-02 00:00:00","2026-03-22 00:00:00","2026-03-16","2026-03-22"
"724","61","2026-04-01","848.34","6362.55","Pending","2026-04-03 00:00:00","2026-04-13 00:00:00","2026-04-16",""
"725","61","2026-05-01","295.49","1920.68","Paid","2026-05-03 00:00:00","2026-05-12 00:00:00","2026-05-16","2026-05-12"
"726","61","2026-06-01","198.56","1092.08","Paid","2026-06-03 00:00:00","2026-06-13 00:00:00","2026-06-16","2026-06-13"
"727","61","2026-07-01","190.48","1428.6","Paid","2026-07-01 00:00:00","2026-07-16 00:00:00","2026-07-16","2026-07-16"
"728","61","2026-08-01","892.09","5352.54","Paid","2026-08-02 00:00:00","2026-08-13 00:00:00","2026-08-16","2026-08-13"
"729","61","2026-09-01","378.53","2838.97","Paid","2026-09-03 00:00:00","2026-09-11 00:00:00","2026-09-16","2026-09-11"
"730","61","2026-10-01","515.51","3866.32","Pending","2026-10-03 00:00:00","2026-10-13 00:00:00","2026-10-16",""
"731","61","2026-11-01","339.5","1867.25","Pending","2026-11-03 00:00:00","2026-11-13 00:00:00","2026-11-16",""
"732","61","2026-12-01","484.19","3389.33","Paid","2026-12-01 00:00:00","2026-12-15 00:00:00","2026-12-16","2026-12-15"
"733","62","2026-01-01","105.11","735.77","Overdue","2026-01-03 00:00:00","2026-01-24 00:00:00","2026-01-16","2026-01-24"
"734","62","2026-02-01","348.59","2614.42","Pending","2026-02-01 00:00:00","2026-02-11 00:00:00","2026-02-16",""
"735","62","2026-03-01","645.91","4521.37","Paid","2026-03-03 00:00:00","2026-03-13 00:00:00","2026-03-16","2026-03-13"
"736","62","2026-04-01","338.67","2370.69","Paid","2026-04-03 00:00:00","2026-04-12 00:00:00","2026-04-16","2026-04-12"
"737","62","2026-05-01","340.92","2556.9","Paid","2026-05-02 00:00:00","2026-05-12 00:00:00","2026-05-16","2026-05-12"
"738","62","2026-06-01","227.62","1707.15","Pending","2026-06-03 00:00:00","2026-06-13 00:00:00","2026-06-16",""
"739","62","2026-07-01","899.76","5848.44","Paid","2026-07-01 00:00:00","2026-07-12 00:00:00","2026-07-16","2026-07-12"
"740","62","2026-08-01","579.66","3767.79","Paid","2026-08-02 00:00:00","2026-08-11 00:00:00","2026-08-16","2026-08-11"
"741","62","2026-09-01","528.97","2909.34","Paid","2026-09-02 00:00:00","2026-09-13 00:00:00","2026-09-16","2026-09-13"
"742","62","2026-10-01","439.88","2419.34","Paid","2026-10-02 00:00:00","2026-10-14 00:00:00","2026-10-16","2026-10-14"
"743","62","2026-11-01","137.75","757.62","Pending","2026-11-03 00:00:00","2026-11-13 00:00:00","2026-11-16",""
"744","62","2026-12-01","408.64","2860.48","Overdue","2026-12-01 00:00:00","2026-12-24 00:00:00","2026-12-16","2026-12-24"
"745","63","2026-01-01","846.25","5077.5","Overdue","2026-01-01 00:00:00","2026-01-25 00:00:00","2026-01-16","2026-01-25"
"746","63","2026-02-01","842.96","5900.72","Paid","2026-02-01 00:00:00","2026-02-15 00:00:00","2026-02-16","2026-02-15"
"747","63","2026-03-01","446.78","3127.46","Pending","2026-03-02 00:00:00","2026-03-12 00:00:00","2026-03-16",""
"748","63","2026-04-01","523.29","2878.09","Pending","2026-04-02 00:00:00","2026-04-12 00:00:00","2026-04-16",""
"749","63","2026-05-01","789.46","5920.95","Paid","2026-05-01 00:00:00","2026-05-12 00:00:00","2026-05-16","2026-05-12"
"750","63","2026-06-01","348.88","2442.16","Paid","2026-06-01 00:00:00","2026-06-15 00:00:00","2026-06-16","2026-06-15"
"751","63","2026-07-01","616.21","3389.16","Overdue","2026-07-02 00:00:00","2026-07-21 00:00:00","2026-07-16","2026-07-21"
"752","63","2026-08-01","834.88","4591.84","Paid","2026-08-03 00:00:00","2026-08-11 00:00:00","2026-08-16","2026-08-11"
"753","63","2026-09-01","496.37","3474.59","Paid","2026-09-01 00:00:00","2026-09-13 00:00:00","2026-09-16","2026-09-13"
"754","63","2026-10-01","553.08","3595.02","Paid","2026-10-02 00:00:00","2026-10-15 00:00:00","2026-10-16","2026-10-15"
"755","63","2026-11-01","832.18","6241.35","Pending","2026-11-01 00:00:00","2026-11-11 00:00:00","2026-11-16",""
"756","63","2026-12-01","526.76","3950.7","Overdue","2026-12-03 00:00:00","2026-12-22 00:00:00","2026-12-16","2026-12-22"
"757","64","2026-01-01","821.3","4927.8","Paid","2026-01-02 00:00:00","2026-01-11 00:00:00","2026-01-16","2026-01-11"
"758","64","2026-02-01","185.96","1208.74","Overdue","2026-02-01 00:00:00","2026-02-17 00:00:00","2026-02-16","2026-02-17"
"759","64","2026-03-01","103.04","669.76","Paid","2026-03-01 00:00:00","2026-03-15 00:00:00","2026-03-16","2026-03-15"
"760","64","2026-04-01","274.23","1645.38","Paid","2026-04-03 00:00:00","2026-04-14 00:00:00","2026-04-16","2026-04-14"
"761","64","2026-05-01","664.6","3655.3","Pending","2026-05-02 00:00:00","2026-05-12 00:00:00","2026-05-16",""
"762","64","2026-06-01","506.4","3291.6","Paid","2026-06-03 00:00:00","2026-06-14 00:00:00","2026-06-16","2026-06-14"
"763","64","2026-07-01","87.3","611.1","Paid","2026-07-03 00:00:00","2026-07-11 00:00:00","2026-07-16","2026-07-11"
"764","64","2026-08-01","597.36","3285.48","Paid","2026-08-03 00:00:00","2026-08-13 00:00:00","2026-08-16","2026-08-13"
"765","64","2026-09-01","634.14","4756.05","Paid","2026-09-01 00:00:00","2026-09-16 00:00:00","2026-09-16","2026-09-16"
"766","64","2026-10-01","881.33","5728.65","Overdue","2026-10-03 00:00:00","2026-10-24 00:00:00","2026-10-16","2026-10-24"
"767","64","2026-11-01","713.37","3923.53","Paid","2026-11-03 00:00:00","2026-11-15 00:00:00","2026-11-16","2026-11-15"
"768","64","2026-12-01","109.13","709.35","Paid","2026-12-01 00:00:00","2026-12-11 00:00:00","2026-12-16","2026-12-11"
"769","65","2026-01-01","747.5","4485.0","Paid","2026-01-01 00:00:00","2026-01-16 00:00:00","2026-01-16","2026-01-16"
"770","65","2026-02-01","516.81","3100.86","Paid","2026-02-03 00:00:00","2026-02-15 00:00:00","2026-02-16","2026-02-15"
"771","65","2026-03-01","529.85","3444.03","Paid","2026-03-02 00:00:00","2026-03-11 00:00:00","2026-03-16","2026-03-11"
"772","65","2026-04-01","835.21","5011.26","Pending","2026-04-03 00:00:00","2026-04-13 00:00:00","2026-04-16",""
"773","65","2026-05-01","448.43","2690.58","Overdue","2026-05-01 00:00:00","2026-05-20 00:00:00","2026-05-16","2026-05-20"
"774","65","2026-06-01","161.16","1128.12","Paid","2026-06-02 00:00:00","2026-06-12 00:00:00","2026-06-16","2026-06-12"
"775","65","2026-07-01","199.88","1399.16","Paid","2026-07-01 00:00:00","2026-07-15 00:00:00","2026-07-16","2026-07-15"
"776","65","2026-08-01","810.05","4860.3","Pending","2026-08-03 00:00:00","2026-08-13 00:00:00","2026-08-16",""
"777","65","2026-09-01","779.43","4676.58","Pending","2026-09-02 00:00:00","2026-09-12 00:00:00","2026-09-16",""
"778","65","2026-10-01","408.51","2859.57","Pending","2026-10-02 00:00:00","2026-10-12 00:00:00","2026-10-16",""
"779","65","2026-11-01","243.38","1581.97","Paid","2026-11-03 00:00:00","2026-11-15 00:00:00","2026-11-16","2026-11-15"
"780","65","2026-12-01","369.7","2033.35","Paid","2026-12-01 00:00:00","2026-12-11 00:00:00","2026-12-16","2026-12-11"
"781","66","2026-01-01","267.73","1874.11","Paid","2026-01-02 00:00:00","2026-01-15 00:00:00","2026-01-16","2026-01-15"
"782","66","2026-02-01","493.69","3702.68","Paid","2026-02-03 00:00:00","2026-02-12 00:00:00","2026-02-16","2026-02-12"
"783","66","2026-03-01","469.59","2582.74","Paid","2026-03-03 00:00:00","2026-03-13 00:00:00","2026-03-16","2026-03-13"
"784","66","2026-04-01","662.69","4307.49","Paid","2026-04-01 00:00:00","2026-04-14 00:00:00","2026-04-16","2026-04-14"
"785","66","2026-05-01","571.02","3711.63","Paid","2026-05-03 00:00:00","2026-05-15 00:00:00","2026-05-16","2026-05-15"
"786","66","2026-06-01","865.27","6489.52","Paid","2026-06-02 00:00:00","2026-06-16 00:00:00","2026-06-16","2026-06-16"
"787","66","2026-07-01","430.98","3232.35","Paid","2026-07-01 00:00:00","2026-07-14 00:00:00","2026-07-16","2026-07-14"
"788","66","2026-08-01","711.88","5339.1","Paid","2026-08-03 00:00:00","2026-08-14 00:00:00","2026-08-16","2026-08-14"
"789","66","2026-09-01","833.94","5420.61","Pending","2026-09-03 00:00:00","2026-09-13 00:00:00","2026-09-16",""
"790","66","2026-10-01","733.0","4031.5","Paid","2026-10-03 00:00:00","2026-10-11 00:00:00","2026-10-16","2026-10-11"
"791","66","2026-11-01","195.69","1076.3","Overdue","2026-11-03 00:00:00","2026-11-20 00:00:00","2026-11-16","2026-11-20"
"792","66","2026-12-01","391.41","2739.87","Paid","2026-12-01 00:00:00","2026-12-14 00:00:00","2026-12-16","2026-12-14"
"793","67","2026-01-01","729.61","4742.47","Paid","2026-01-01 00:00:00","2026-01-11 00:00:00","2026-01-16","2026-01-11"
"794","67","2026-02-01","238.84","1433.04","Overdue","2026-02-03 00:00:00","2026-02-18 00:00:00","2026-02-16","2026-02-18"
"795","67","2026-03-01","536.01","3752.07","Paid","2026-03-01 00:00:00","2026-03-13 00:00:00","2026-03-16","2026-03-13"
"796","67","2026-04-01","735.48","5148.36","Paid","2026-04-03 00:00:00","2026-04-12 00:00:00","2026-04-16","2026-04-12"
"797","67","2026-05-01","410.68","2874.76","Paid","2026-05-02 00:00:00","2026-05-11 00:00:00","2026-05-16","2026-05-11"
"798","67","2026-06-01","840.97","5466.31","Overdue","2026-06-02 00:00:00","2026-06-22 00:00:00","2026-06-16","2026-06-22"
"799","67","2026-07-01","185.53","1020.41","Paid","2026-07-03 00:00:00","2026-07-13 00:00:00","2026-07-16","2026-07-13"
"800","67","2026-08-01","890.7","6680.25","Paid","2026-08-01 00:00:00","2026-08-13 00:00:00","2026-08-16","2026-08-13"
"801","67","2026-09-01","288.47","2019.29","Paid","2026-09-03 00:00:00","2026-09-11 00:00:00","2026-09-16","2026-09-11"
"802","67","2026-10-01","157.93","1184.48","Paid","2026-10-03 00:00:00","2026-10-14 00:00:00","2026-10-16","2026-10-14"
"803","67","2026-11-01","332.72","2329.04","Pending","2026-11-02 00:00:00","2026-11-12 00:00:00","2026-11-16",""
"804","67","2026-12-01","485.32","2911.92","Paid","2026-12-01 00:00:00","2026-12-12 00:00:00","2026-12-16","2026-12-12"
"805","68","2026-01-01","559.19","3634.74","Paid","2026-01-02 00:00:00","2026-01-11 00:00:00","2026-01-16","2026-01-11"
"806","68","2026-02-01","775.12","5813.4","Paid","2026-02-02 00:00:00","2026-02-14 00:00:00","2026-02-16","2026-02-14"
"807","68","2026-03-01","254.51","1399.8","Paid","2026-03-01 00:00:00","2026-03-11 00:00:00","2026-03-16","2026-03-11"
"808","68","2026-04-01","236.16","1298.88","Overdue","2026-04-03 00:00:00","2026-04-18 00:00:00","2026-04-16","2026-04-18"
"809","68","2026-05-01","129.24","710.82","Pending","2026-05-02 00:00:00","2026-05-12 00:00:00","2026-05-16",""
"810","68","2026-06-01","439.33","2635.98","Paid","2026-06-01 00:00:00","2026-06-15 00:00:00","2026-06-16","2026-06-15"
"811","68","2026-07-01","691.11","3801.11","Paid","2026-07-02 00:00:00","2026-07-16 00:00:00","2026-07-16","2026-07-16"
"812","68","2026-08-01","355.66","2311.79","Pending","2026-08-03 00:00:00","2026-08-13 00:00:00","2026-08-16",""
"813","68","2026-09-01","333.03","2164.69","Paid","2026-09-03 00:00:00","2026-09-14 00:00:00","2026-09-16","2026-09-14"
"814","68","2026-10-01","662.29","3973.74","Overdue","2026-10-02 00:00:00","2026-10-24 00:00:00","2026-10-16","2026-10-24"
"815","68","2026-11-01","679.41","3736.75","Pending","2026-11-02 00:00:00","2026-11-12 00:00:00","2026-11-16",""
"816","68","2026-12-01","522.23","3394.49","Paid","2026-12-03 00:00:00","2026-12-11 00:00:00","2026-12-16","2026-12-11"
"817","69","2026-01-01","124.87","686.79","Paid","2026-01-03 00:00:00","2026-01-13 00:00:00","2026-01-16","2026-01-13"
"818","69","2026-02-01","392.5","2943.75","Paid","2026-02-02 00:00:00","2026-02-12 00:00:00","2026-02-16","2026-02-12"
"819","69","2026-03-01","258.06","1548.36","Pending","2026-03-03 00:00:00","2026-03-13 00:00:00","2026-03-16",""
"820","69","2026-04-01","895.19","5818.74","Overdue","2026-04-01 00:00:00","2026-04-25 00:00:00","2026-04-16","2026-04-25"
"821","69","2026-05-01","845.33","6339.98","Paid","2026-05-02 00:00:00","2026-05-15 00:00:00","2026-05-16","2026-05-15"
"822","69","2026-06-01","526.31","3684.17","Paid","2026-06-02 00:00:00","2026-06-13 00:00:00","2026-06-16","2026-06-13"
"823","69","2026-07-01","719.45","5036.15","Paid","2026-07-03 00:00:00","2026-07-12 00:00:00","2026-07-16","2026-07-12"
"824","69","2026-08-01","578.68","4340.1","Pending","2026-08-03 00:00:00","2026-08-13 00:00:00","2026-08-16",""
"825","69","2026-09-01","99.25","545.88","Paid","2026-09-03 00:00:00","2026-09-15 00:00:00","2026-09-16","2026-09-15"
"826","69","2026-10-01","765.83","4594.98","Paid","2026-10-03 00:00:00","2026-10-12 00:00:00","2026-10-16","2026-10-12"
"827","69","2026-11-01","748.46","4116.53","Pending","2026-11-02 00:00:00","2026-11-12 00:00:00","2026-11-16",""
"828","69","2026-12-01","734.81","4776.26","Paid","2026-12-01 00:00:00","2026-12-13 00:00:00","2026-12-16","2026-12-13"
"829","70","2026-01-01","310.46","2173.22","Pending","2026-01-02 00:00:00","2026-01-12 00:00:00","2026-01-16",""
"830","70","2026-02-01","505.65","3286.72","Paid","2026-02-02 00:00:00","2026-02-15 00:00:00","2026-02-16","2026-02-15"
"831","70","2026-03-01","604.84","4233.88","Overdue","2026-03-03 00:00:00","2026-03-26 00:00:00","2026-03-16","2026-03-26"
"832","70","2026-04-01","317.88","1748.34","Paid","2026-04-01 00:00:00","2026-04-11 00:00:00","2026-04-16","2026-04-11"
"833","70","2026-05-01","439.1","2854.15","Overdue","2026-05-03 00:00:00","2026-05-17 00:00:00","2026-05-16","2026-05-17"
"834","70","2026-06-01","770.82","4239.51","Paid","2026-06-01 00:00:00","2026-06-12 00:00:00","2026-06-16","2026-06-12"
"835","70","2026-07-01","515.89","3353.28","Paid","2026-07-01 00:00:00","2026-07-15 00:00:00","2026-07-16","2026-07-15"
"836","70","2026-08-01","668.35","4344.28","Paid","2026-08-02 00:00:00","2026-08-13 00:00:00","2026-08-16","2026-08-13"
"837","70","2026-09-01","207.73","1246.38","Paid","2026-09-01 00:00:00","2026-09-16 00:00:00","2026-09-16","2026-09-16"
"838","70","2026-10-01","899.56","5847.14","Paid","2026-10-03 00:00:00","2026-10-13 00:00:00","2026-10-16","2026-10-13"
"839","70","2026-11-01","533.15","2932.32","Paid","2026-11-03 00:00:00","2026-11-15 00:00:00","2026-11-16","2026-11-15"
"840","70","2026-12-01","352.29","2113.74","Paid","2026-12-01 00:00:00","2026-12-15 00:00:00","2026-12-16","2026-12-15"
"841","71","2026-01-01","144.02","936.13","Pending","2026-01-03 00:00:00","2026-01-13 00:00:00","2026-01-16",""
"842","71","2026-02-01","651.65","4887.38","Pending","2026-02-01 00:00:00","2026-02-11 00:00:00","2026-02-16",""
"843","71","2026-03-01","393.82","2756.74","Paid","2026-03-02 00:00:00","2026-03-16 00:00:00","2026-03-16","2026-03-16"
"844","71","2026-04-01","447.28","3130.96","Paid","2026-04-01 00:00:00","2026-04-15 00:00:00","2026-04-16","2026-04-15"
"845","71","2026-05-01","249.28","1620.32","Paid","2026-05-01 00:00:00","2026-05-11 00:00:00","2026-05-16","2026-05-11"
"846","71","2026-06-01","442.1","2652.6","Paid","2026-06-02 00:00:00","2026-06-12 00:00:00","2026-06-16","2026-06-12"
"847","71","2026-07-01","294.95","1769.7","Pending","2026-07-01 00:00:00","2026-07-11 00:00:00","2026-07-16",""
"848","71","2026-08-01","105.08","683.02","Paid","2026-08-02 00:00:00","2026-08-14 00:00:00","2026-08-16","2026-08-14"
"849","71","2026-09-01","224.81","1461.27","Overdue","2026-09-01 00:00:00","2026-09-25 00:00:00","2026-09-16","2026-09-25"
"850","71","2026-10-01","775.52","5040.88","Paid","2026-10-03 00:00:00","2026-10-16 00:00:00","2026-10-16","2026-10-16"
"851","71","2026-11-01","675.75","4054.5","Paid","2026-11-02 00:00:00","2026-11-13 00:00:00","2026-11-16","2026-11-13"
"852","71","2026-12-01","695.66","5217.45","Paid","2026-12-01 00:00:00","2026-12-16 00:00:00","2026-12-16","2026-12-16"
"853","72","2026-01-01","171.25","941.88","Paid","2026-01-02 00:00:00","2026-01-14 00:00:00","2026-01-16","2026-01-14"
"854","72","2026-02-01","615.94","3387.67","Paid","2026-02-02 00:00:00","2026-02-15 00:00:00","2026-02-16","2026-02-15"
"855","72","2026-03-01","730.56","4018.08","Paid","2026-03-01 00:00:00","2026-03-16 00:00:00","2026-03-16","2026-03-16"
"856","72","2026-04-01","786.07","5502.49","Pending","2026-04-01 00:00:00","2026-04-11 00:00:00","2026-04-16",""
"857","72","2026-05-01","300.18","1951.17","Pending","2026-05-01 00:00:00","2026-05-11 00:00:00","2026-05-16",""
"858","72","2026-06-01","657.33","3943.98","Paid","2026-06-01 00:00:00","2026-06-16 00:00:00","2026-06-16","2026-06-16"
"859","72","2026-07-01","349.68","2622.6","Paid","2026-07-01 00:00:00","2026-07-13 00:00:00","2026-07-16","2026-07-13"
"860","72","2026-08-01","270.18","1891.26","Paid","2026-08-01 00:00:00","2026-08-13 00:00:00","2026-08-16","2026-08-13"
"861","72","2026-09-01","563.78","3664.57","Paid","2026-09-03 00:00:00","2026-09-15 00:00:00","2026-09-16","2026-09-15"
"862","72","2026-10-01","888.8","4888.4","Paid","2026-10-01 00:00:00","2026-10-11 00:00:00","2026-10-16","2026-10-11"
"863","72","2026-11-01","288.49","1730.94","Paid","2026-11-01 00:00:00","2026-11-13 00:00:00","2026-11-16","2026-11-13"
"864","72","2026-12-01","489.83","2694.07","Paid","2026-12-03 00:00:00","2026-12-14 00:00:00","2026-12-16","2026-12-14"
"865","73","2026-01-01","80.76","605.7","Pending","2026-01-01 00:00:00","2026-01-11 00:00:00","2026-01-16",""
"866","73","2026-02-01","699.92","4549.48","Paid","2026-02-03 00:00:00","2026-02-15 00:00:00","2026-02-16","2026-02-15"
"867","73","2026-03-01","634.2","4122.3","Paid","2026-03-03 00:00:00","2026-03-11 00:00:00","2026-03-16","2026-03-11"
"868","73","2026-04-01","273.48","1914.36","Paid","2026-04-03 00:00:00","2026-04-11 00:00:00","2026-04-16","2026-04-11"
"869","73","2026-05-01","631.96","4739.7","Pending","2026-05-01 00:00:00","2026-05-11 00:00:00","2026-05-16",""
"870","73","2026-06-01","178.12","1246.84","Pending","2026-06-03 00:00:00","2026-06-13 00:00:00","2026-06-16",""
"871","73","2026-07-01","142.38","996.66","Paid","2026-07-03 00:00:00","2026-07-15 00:00:00","2026-07-16","2026-07-15"
"872","73","2026-08-01","300.77","1955.0","Paid","2026-08-01 00:00:00","2026-08-16 00:00:00","2026-08-16","2026-08-16"
"873","73","2026-09-01","481.99","2891.94","Overdue","2026-09-02 00:00:00","2026-09-17 00:00:00","2026-09-16","2026-09-17"
"874","73","2026-10-01","589.35","4125.45","Paid","2026-10-01 00:00:00","2026-10-16 00:00:00","2026-10-16","2026-10-16"
"875","73","2026-11-01","620.02","4340.14","Paid","2026-11-02 00:00:00","2026-11-16 00:00:00","2026-11-16","2026-11-16"
"876","73","2026-12-01","835.78","5014.68","Paid","2026-12-02 00:00:00","2026-12-14 00:00:00","2026-12-16","2026-12-14"
"877","74","2026-01-01","257.91","1805.37","Paid","2026-01-03 00:00:00","2026-01-11 00:00:00","2026-01-16","2026-01-11"
"878","74","2026-02-01","294.75","2063.25","Paid","2026-02-03 00:00:00","2026-02-14 00:00:00","2026-02-16","2026-02-14"
"879","74","2026-03-01","142.17","924.1","Pending","2026-03-01 00:00:00","2026-03-11 00:00:00","2026-03-16",""
"880","74","2026-04-01","330.64","1818.52","Paid","2026-04-03 00:00:00","2026-04-15 00:00:00","2026-04-16","2026-04-15"
"881","74","2026-05-01","732.63","4395.78","Overdue","2026-05-03 00:00:00","2026-05-19 00:00:00","2026-05-16","2026-05-19"
"882","74","2026-06-01","810.14","4860.84","Paid","2026-06-03 00:00:00","2026-06-16 00:00:00","2026-06-16","2026-06-16"
"883","74","2026-07-01","659.51","3627.3","Paid","2026-07-03 00:00:00","2026-07-16 00:00:00","2026-07-16","2026-07-16"
"884","74","2026-08-01","266.73","1467.02","Paid","2026-08-02 00:00:00","2026-08-13 00:00:00","2026-08-16","2026-08-13"
"885","74","2026-09-01","210.12","1155.66","Overdue","2026-09-02 00:00:00","2026-09-17 00:00:00","2026-09-16","2026-09-17"
"886","74","2026-10-01","860.8","5164.8","Paid","2026-10-02 00:00:00","2026-10-15 00:00:00","2026-10-16","2026-10-15"
"887","74","2026-11-01","133.83","936.81","Paid","2026-11-01 00:00:00","2026-11-12 00:00:00","2026-11-16","2026-11-12"
"888","74","2026-12-01","457.34","3430.05","Paid","2026-12-02 00:00:00","2026-12-15 00:00:00","2026-12-16","2026-12-15"
"889","75","2026-01-01","678.35","4409.28","Paid","2026-01-02 00:00:00","2026-01-15 00:00:00","2026-01-16","2026-01-15"
"890","75","2026-02-01","277.79","1666.74","Paid","2026-02-02 00:00:00","2026-02-12 00:00:00","2026-02-16","2026-02-12"
"891","75","2026-03-01","872.8","5673.2","Paid","2026-03-02 00:00:00","2026-03-14 00:00:00","2026-03-16","2026-03-14"
"892","75","2026-04-01","483.24","3382.68","Paid","2026-04-01 00:00:00","2026-04-11 00:00:00","2026-04-16","2026-04-11"
"893","75","2026-05-01","134.1","871.65","Paid","2026-05-02 00:00:00","2026-05-15 00:00:00","2026-05-16","2026-05-15"
"894","75","2026-06-01","599.29","3595.74","Overdue","2026-06-01 00:00:00","2026-06-22 00:00:00","2026-06-16","2026-06-22"
"895","75","2026-07-01","337.64","2025.84","Paid","2026-07-03 00:00:00","2026-07-15 00:00:00","2026-07-16","2026-07-15"
"896","75","2026-08-01","706.68","4946.76","Overdue","2026-08-03 00:00:00","2026-08-20 00:00:00","2026-08-16","2026-08-20"
"897","75","2026-09-01","313.07","2191.49","Pending","2026-09-02 00:00:00","2026-09-12 00:00:00","2026-09-16",""
"898","75","2026-10-01","846.13","4653.72","Pending","2026-10-02 00:00:00","2026-10-12 00:00:00","2026-10-16",""
"899","75","2026-11-01","537.77","4033.27","Paid","2026-11-01 00:00:00","2026-11-14 00:00:00","2026-11-16","2026-11-14"
"900","75","2026-12-01","596.63","4474.73","Overdue","2026-12-01 00:00:00","2026-12-21 00:00:00","2026-12-16","2026-12-21"
"901","76","2026-01-01","665.88","4661.16","Paid","2026-01-02 00:00:00","2026-01-15 00:00:00","2026-01-16","2026-01-15"
"902","76","2026-02-01","769.68","5002.92","Paid","2026-02-01 00:00:00","2026-02-13 00:00:00","2026-02-16","2026-02-13"
"903","76","2026-03-01","401.57","2409.42","Paid","2026-03-02 00:00:00","2026-03-12 00:00:00","2026-03-16","2026-03-12"
"904","76","2026-04-01","138.95","833.7","Paid","2026-04-02 00:00:00","2026-04-14 00:00:00","2026-04-16","2026-04-14"
"905","76","2026-05-01","168.05","924.28","Paid","2026-05-03 00:00:00","2026-05-11 00:00:00","2026-05-16","2026-05-11"
"906","76","2026-06-01","661.74","4301.31","Paid","2026-06-02 00:00:00","2026-06-15 00:00:00","2026-06-16","2026-06-15"
"907","76","2026-07-01","697.41","4533.16","Paid","2026-07-02 00:00:00","2026-07-14 00:00:00","2026-07-16","2026-07-14"
"908","76","2026-08-01","464.21","3249.47","Paid","2026-08-02 00:00:00","2026-08-13 00:00:00","2026-08-16","2026-08-13"
"909","76","2026-09-01","269.87","1889.09","Pending","2026-09-03 00:00:00","2026-09-13 00:00:00","2026-09-16",""
"910","76","2026-10-01","762.83","4195.57","Paid","2026-10-03 00:00:00","2026-10-13 00:00:00","2026-10-16","2026-10-13"
"911","76","2026-11-01","816.14","5712.98","Paid","2026-11-03 00:00:00","2026-11-16 00:00:00","2026-11-16","2026-11-16"
"912","76","2026-12-01","720.05","4320.3","Paid","2026-12-02 00:00:00","2026-12-12 00:00:00","2026-12-16","2026-12-12"
"913","77","2026-01-01","781.14","5467.98","Overdue","2026-01-02 00:00:00","2026-01-19 00:00:00","2026-01-16","2026-01-19"
"914","77","2026-02-01","215.64","1617.3","Overdue","2026-02-01 00:00:00","2026-02-20 00:00:00","2026-02-16","2026-02-20"
"915","77","2026-03-01","219.14","1533.98","Pending","2026-03-03 00:00:00","2026-03-13 00:00:00","2026-03-16",""
"916","77","2026-04-01","785.39","5497.73","Paid","2026-04-02 00:00:00","2026-04-11 00:00:00","2026-04-16","2026-04-11"
"917","77","2026-05-01","780.66","4683.96","Pending","2026-05-02 00:00:00","2026-05-12 00:00:00","2026-05-16",""
"918","77","2026-06-01","716.92","4659.98","Paid","2026-06-02 00:00:00","2026-06-15 00:00:00","2026-06-16","2026-06-15"
"919","77","2026-07-01","864.67","6485.02","Paid","2026-07-02 00:00:00","2026-07-15 00:00:00","2026-07-16","2026-07-15"
"920","77","2026-08-01","450.11","3375.83","Paid","2026-08-02 00:00:00","2026-08-12 00:00:00","2026-08-16","2026-08-12"
"921","77","2026-09-01","334.3","2507.25","Pending","2026-09-01 00:00:00","2026-09-11 00:00:00","2026-09-16",""
"922","77","2026-10-01","507.93","3555.51","Paid","2026-10-03 00:00:00","2026-10-12 00:00:00","2026-10-16","2026-10-12"
"923","77","2026-11-01","686.99","3778.45","Overdue","2026-11-01 00:00:00","2026-11-20 00:00:00","2026-11-16","2026-11-20"
"924","77","2026-12-01","875.49","4815.19","Paid","2026-12-03 00:00:00","2026-12-11 00:00:00","2026-12-16","2026-12-11"
"925","78","2026-01-01","835.05","5010.3","Paid","2026-01-02 00:00:00","2026-01-12 00:00:00","2026-01-16","2026-01-12"
"926","78","2026-02-01","245.15","1348.33","Overdue","2026-02-03 00:00:00","2026-02-17 00:00:00","2026-02-16","2026-02-17"
"927","78","2026-03-01","787.39","5511.73","Paid","2026-03-03 00:00:00","2026-03-12 00:00:00","2026-03-16","2026-03-12"
"928","78","2026-04-01","544.54","2994.97","Pending","2026-04-01 00:00:00","2026-04-11 00:00:00","2026-04-16",""
"929","78","2026-05-01","744.83","5213.81","Overdue","2026-05-03 00:00:00","2026-05-26 00:00:00","2026-05-16","2026-05-26"
"930","78","2026-06-01","452.86","2717.16","Paid","2026-06-01 00:00:00","2026-06-13 00:00:00","2026-06-16","2026-06-13"
"931","78","2026-07-01","869.86","6089.02","Overdue","2026-07-02 00:00:00","2026-07-25 00:00:00","2026-07-16","2026-07-25"
"932","78","2026-08-01","888.19","4885.05","Paid","2026-08-02 00:00:00","2026-08-11 00:00:00","2026-08-16","2026-08-11"
"933","78","2026-09-01","529.62","3177.72","Paid","2026-09-02 00:00:00","2026-09-13 00:00:00","2026-09-16","2026-09-13"
"934","78","2026-10-01","485.78","2914.68","Paid","2026-10-03 00:00:00","2026-10-14 00:00:00","2026-10-16","2026-10-14"
"935","78","2026-11-01","543.09","2987.0","Paid","2026-11-01 00:00:00","2026-11-16 00:00:00","2026-11-16","2026-11-16"
"936","78","2026-12-01","298.87","2092.09","Paid","2026-12-01 00:00:00","2026-12-13 00:00:00","2026-12-16","2026-12-13"
"937","79","2026-01-01","603.65","3621.9","Paid","2026-01-01 00:00:00","2026-01-16 00:00:00","2026-01-16","2026-01-16"
"938","79","2026-02-01","760.35","4942.28","Paid","2026-02-03 00:00:00","2026-02-16 00:00:00","2026-02-16","2026-02-16"
"939","79","2026-03-01","303.73","2126.11","Overdue","2026-03-01 00:00:00","2026-03-26 00:00:00","2026-03-16","2026-03-26"
"940","79","2026-04-01","393.75","2559.38","Paid","2026-04-02 00:00:00","2026-04-16 00:00:00","2026-04-16","2026-04-16"
"941","79","2026-05-01","834.69","4590.8","Pending","2026-05-03 00:00:00","2026-05-13 00:00:00","2026-05-16",""
"942","79","2026-06-01","721.25","5048.75","Paid","2026-06-01 00:00:00","2026-06-16 00:00:00","2026-06-16","2026-06-16"
"943","79","2026-07-01","285.79","1857.64","Pending","2026-07-03 00:00:00","2026-07-13 00:00:00","2026-07-16",""
"944","79","2026-08-01","373.89","2430.28","Overdue","2026-08-02 00:00:00","2026-08-24 00:00:00","2026-08-16","2026-08-24"
"945","79","2026-09-01","400.66","2403.96","Paid","2026-09-03 00:00:00","2026-09-12 00:00:00","2026-09-16","2026-09-12"
"946","79","2026-10-01","247.08","1729.56","Paid","2026-10-03 00:00:00","2026-10-15 00:00:00","2026-10-16","2026-10-15"
"947","79","2026-11-01","302.89","2120.23","Paid","2026-11-02 00:00:00","2026-11-12 00:00:00","2026-11-16","2026-11-12"
"948","79","2026-12-01","503.17","3019.02","Paid","2026-12-03 00:00:00","2026-12-12 00:00:00","2026-12-16","2026-12-12"
"949","80","2026-01-01","563.34","3098.37","Overdue","2026-01-01 00:00:00","2026-01-22 00:00:00","2026-01-16","2026-01-22"
"950","80","2026-02-01","583.33","3791.65","Paid","2026-02-03 00:00:00","2026-02-11 00:00:00","2026-02-16","2026-02-11"
"951","80","2026-03-01","832.66","5412.29","Overdue","2026-03-01 00:00:00","2026-03-17 00:00:00","2026-03-16","2026-03-17"
"952","80","2026-04-01","852.18","6391.35","Overdue","2026-04-03 00:00:00","2026-04-19 00:00:00","2026-04-16","2026-04-19"
"953","80","2026-05-01","649.25","4869.38","Paid","2026-05-01 00:00:00","2026-05-16 00:00:00","2026-05-16","2026-05-16"
"954","80","2026-06-01","461.57","3000.2","Pending","2026-06-01 00:00:00","2026-06-11 00:00:00","2026-06-16",""
"955","80","2026-07-01","479.84","2639.12","Overdue","2026-07-03 00:00:00","2026-07-26 00:00:00","2026-07-16","2026-07-26"
"956","80","2026-08-01","599.48","4496.1","Paid","2026-08-02 00:00:00","2026-08-15 00:00:00","2026-08-16","2026-08-15"
"957","80","2026-09-01","310.39","2327.92","Paid","2026-09-03 00:00:00","2026-09-12 00:00:00","2026-09-16","2026-09-12"
"958","80","2026-10-01","302.49","1814.94","Paid","2026-10-02 00:00:00","2026-10-11 00:00:00","2026-10-16","2026-10-11"
"959","80","2026-11-01","632.72","4745.4","Paid","2026-11-03 00:00:00","2026-11-15 00:00:00","2026-11-16","2026-11-15"
"960","80","2026-12-01","846.54","5925.78","Pending","2026-12-01 00:00:00","2026-12-11 00:00:00","2026-12-16",""
"961","81","2026-01-01","86.35","518.1","Pending","2026-01-03 00:00:00","2026-01-13 00:00:00","2026-01-16",""
"962","81","2026-02-01","213.42","1387.23","Paid","2026-02-02 00:00:00","2026-02-14 00:00:00","2026-02-16","2026-02-14"
"963","81","2026-03-01","885.77","4871.73","Paid","2026-03-02 00:00:00","2026-03-11 00:00:00","2026-03-16","2026-03-11"
"964","81","2026-04-01","717.56","5022.92","Pending","2026-04-02 00:00:00","2026-04-12 00:00:00","2026-04-16",""
"965","81","2026-05-01","527.27","3690.89","Pending","2026-05-03 00:00:00","2026-05-13 00:00:00","2026-05-16",""
"966","81","2026-06-01","434.78","3260.85","Paid","2026-06-02 00:00:00","2026-06-11 00:00:00","2026-06-16","2026-06-11"
"967","81","2026-07-01","257.65","1932.37","Paid","2026-07-02 00:00:00","2026-07-13 00:00:00","2026-07-16","2026-07-13"
"968","81","2026-08-01","189.43","1231.3","Overdue","2026-08-02 00:00:00","2026-08-20 00:00:00","2026-08-16","2026-08-20"
"969","81","2026-09-01","496.86","3229.59","Paid","2026-09-02 00:00:00","2026-09-11 00:00:00","2026-09-16","2026-09-11"
"970","81","2026-10-01","127.19","763.14","Overdue","2026-10-03 00:00:00","2026-10-18 00:00:00","2026-10-16","2026-10-18"
"971","81","2026-11-01","802.63","5618.41","Paid","2026-11-03 00:00:00","2026-11-15 00:00:00","2026-11-16","2026-11-15"
"972","81","2026-12-01","213.9","1497.3","Overdue","2026-12-01 00:00:00","2026-12-22 00:00:00","2026-12-16","2026-12-22"
"973","82","2026-01-01","236.02","1534.13","Pending","2026-01-02 00:00:00","2026-01-12 00:00:00","2026-01-16",""
"974","82","2026-02-01","311.63","2337.22","Pending","2026-02-03 00:00:00","2026-02-13 00:00:00","2026-02-16",""
"975","82","2026-03-01","787.6","4725.6","Paid","2026-03-02 00:00:00","2026-03-16 00:00:00","2026-03-16","2026-03-16"
"976","82","2026-04-01","186.46","1025.53","Paid","2026-04-01 00:00:00","2026-04-11 00:00:00","2026-04-16","2026-04-11"
"977","82","2026-05-01","107.62","645.72","Pending","2026-05-03 00:00:00","2026-05-13 00:00:00","2026-05-16",""
"978","82","2026-06-01","845.75","5074.5","Paid","2026-06-03 00:00:00","2026-06-12 00:00:00","2026-06-16","2026-06-12"
"979","82","2026-07-01","499.11","3493.77","Paid","2026-07-01 00:00:00","2026-07-14 00:00:00","2026-07-16","2026-07-14"
"980","82","2026-08-01","607.54","3949.01","Paid","2026-08-02 00:00:00","2026-08-15 00:00:00","2026-08-16","2026-08-15"
"981","82","2026-09-01","344.28","2237.82","Paid","2026-09-03 00:00:00","2026-09-11 00:00:00","2026-09-16","2026-09-11"
"982","82","2026-10-01","222.7","1336.2","Overdue","2026-10-02 00:00:00","2026-10-18 00:00:00","2026-10-16","2026-10-18"
"983","82","2026-11-01","892.55","6694.12","Pending","2026-11-03 00:00:00","2026-11-13 00:00:00","2026-11-16",""
"984","82","2026-12-01","648.38","4862.85","Pending","2026-12-02 00:00:00","2026-12-12 00:00:00","2026-12-16",""
"985","83","2026-01-01","373.91","2804.33","Paid","2026-01-01 00:00:00","2026-01-16 00:00:00","2026-01-16","2026-01-16"
"986","83","2026-02-01","505.32","3031.92","Paid","2026-02-03 00:00:00","2026-02-16 00:00:00","2026-02-16","2026-02-16"
"987","83","2026-03-01","473.89","3317.23","Paid","2026-03-01 00:00:00","2026-03-16 00:00:00","2026-03-16","2026-03-16"
"988","83","2026-04-01","515.37","3349.91","Paid","2026-04-03 00:00:00","2026-04-11 00:00:00","2026-04-16","2026-04-11"
"989","83","2026-05-01","393.51","2361.06","Paid","2026-05-01 00:00:00","2026-05-13 00:00:00","2026-05-16","2026-05-13"
"990","83","2026-06-01","90.02","495.11","Overdue","2026-06-02 00:00:00","2026-06-24 00:00:00","2026-06-16","2026-06-24"
"991","83","2026-07-01","213.19","1279.14","Paid","2026-07-01 00:00:00","2026-07-13 00:00:00","2026-07-16","2026-07-13"
"992","83","2026-08-01","712.66","4632.29","Pending","2026-08-03 00:00:00","2026-08-13 00:00:00","2026-08-16",""
"993","83","2026-09-01","747.32","4110.26","Overdue","2026-09-02 00:00:00","2026-09-19 00:00:00","2026-09-16","2026-09-19"
"994","83","2026-10-01","725.81","5443.57","Overdue","2026-10-02 00:00:00","2026-10-17 00:00:00","2026-10-16","2026-10-17"
"995","83","2026-11-01","358.7","1972.85","Pending","2026-11-02 00:00:00","2026-11-12 00:00:00","2026-11-16",""
"996","83","2026-12-01","586.15","3516.9","Paid","2026-12-02 00:00:00","2026-12-12 00:00:00","2026-12-16","2026-12-12"
"997","84","2026-01-01","863.39","6475.43","Overdue","2026-01-03 00:00:00","2026-01-21 00:00:00","2026-01-16","2026-01-21"
"998","84","2026-02-01","208.05","1352.33","Pending","2026-02-01 00:00:00","2026-02-11 00:00:00","2026-02-16",""
"999","84","2026-03-01","766.01","5362.07","Paid","2026-03-03 00:00:00","2026-03-15 00:00:00","2026-03-16","2026-03-15"
"1000","84","2026-04-01","462.44","3005.86","Paid","2026-04-01 00:00:00","2026-04-12 00:00:00","2026-04-16","2026-04-12"
"1001","84","2026-05-01","713.35","4636.78","Paid","2026-05-02 00:00:00","2026-05-15 00:00:00","2026-05-16","2026-05-15"
"1002","84","2026-06-01","561.1","3366.6","Overdue","2026-06-03 00:00:00","2026-06-24 00:00:00","2026-06-16","2026-06-24"
"1003","84","2026-07-01","243.27","1702.89","Pending","2026-07-03 00:00:00","2026-07-13 00:00:00","2026-07-16",""
"1004","84","2026-08-01","263.69","1713.98","Pending","2026-08-03 00:00:00","2026-08-13 00:00:00","2026-08-16",""
"1005","84","2026-09-01","723.71","5427.83","Overdue","2026-09-01 00:00:00","2026-09-19 00:00:00","2026-09-16","2026-09-19"
"1006","84","2026-10-01","100.54","754.05","Overdue","2026-10-03 00:00:00","2026-10-26 00:00:00","2026-10-16","2026-10-26"
"1007","84","2026-11-01","373.58","2241.48","Overdue","2026-11-01 00:00:00","2026-11-22 00:00:00","2026-11-16","2026-11-22"
"1008","84","2026-12-01","91.54","595.01","Overdue","2026-12-01 00:00:00","2026-12-21 00:00:00","2026-12-16","2026-12-21"
"1009","85","2026-01-01","749.68","4123.24","Pending","2026-01-01 00:00:00","2026-01-11 00:00:00","2026-01-16",""
"1010","85","2026-02-01","847.05","6352.88","Paid","2026-02-02 00:00:00","2026-02-13 00:00:00","2026-02-16","2026-02-13"
"1011","85","2026-03-01","750.49","4878.19","Paid","2026-03-01 00:00:00","2026-03-13 00:00:00","2026-03-16","2026-03-13"
"1012","85","2026-04-01","319.28","2234.96","Overdue","2026-04-01 00:00:00","2026-04-20 00:00:00","2026-04-16","2026-04-20"
"1013","85","2026-05-01","496.79","3477.53","Paid","2026-05-03 00:00:00","2026-05-15 00:00:00","2026-05-16","2026-05-15"
"1014","85","2026-06-01","134.57","807.42","Paid","2026-06-02 00:00:00","2026-06-11 00:00:00","2026-06-16","2026-06-11"
"1015","85","2026-07-01","325.19","2276.33","Overdue","2026-07-01 00:00:00","2026-07-17 00:00:00","2026-07-16","2026-07-17"
"1016","85","2026-08-01","401.33","2608.64","Paid","2026-08-01 00:00:00","2026-08-16 00:00:00","2026-08-16","2026-08-16"
"1017","85","2026-09-01","139.77","1048.28","Pending","2026-09-02 00:00:00","2026-09-12 00:00:00","2026-09-16",""
"1018","85","2026-10-01","178.88","1341.6","Pending","2026-10-02 00:00:00","2026-10-12 00:00:00","2026-10-16",""
"1019","85","2026-11-01","173.53","1214.71","Paid","2026-11-03 00:00:00","2026-11-11 00:00:00","2026-11-16","2026-11-11"
"1020","85","2026-12-01","503.63","3777.22","Overdue","2026-12-02 00:00:00","2026-12-24 00:00:00","2026-12-16","2026-12-24"
"1021","86","2026-01-01","233.67","1752.52","Pending","2026-01-02 00:00:00","2026-01-12 00:00:00","2026-01-16",""
"1022","86","2026-02-01","257.29","1543.74","Overdue","2026-02-02 00:00:00","2026-02-22 00:00:00","2026-02-16","2026-02-22"
"1023","86","2026-03-01","178.18","1336.35","Pending","2026-03-02 00:00:00","2026-03-12 00:00:00","2026-03-16",""
"1024","86","2026-04-01","886.58","6206.06","Paid","2026-04-03 00:00:00","2026-04-12 00:00:00","2026-04-16","2026-04-12"
"1025","86","2026-05-01","752.48","4514.88","Paid","2026-05-02 00:00:00","2026-05-13 00:00:00","2026-05-16","2026-05-13"
"1026","86","2026-06-01","455.88","3191.16","Paid","2026-06-01 00:00:00","2026-06-14 00:00:00","2026-06-16","2026-06-14"
"1027","86","2026-07-01","571.65","3429.9","Paid","2026-07-03 00:00:00","2026-07-11 00:00:00","2026-07-16","2026-07-11"
"1028","86","2026-08-01","193.33","1449.98","Paid","2026-08-03 00:00:00","2026-08-15 00:00:00","2026-08-16","2026-08-15"
"1029","86","2026-09-01","618.04","4326.28","Paid","2026-09-01 00:00:00","2026-09-15 00:00:00","2026-09-16","2026-09-15"
"1030","86","2026-10-01","196.81","1082.45","Pending","2026-10-03 00:00:00","2026-10-13 00:00:00","2026-10-16",""
"1031","86","2026-11-01","156.52","1017.38","Paid","2026-11-02 00:00:00","2026-11-12 00:00:00","2026-11-16","2026-11-12"
"1032","86","2026-12-01","388.47","2719.29","Paid","2026-12-03 00:00:00","2026-12-12 00:00:00","2026-12-16","2026-12-12"
"1033","87","2026-01-01","352.0","1936.0","Overdue","2026-01-03 00:00:00","2026-01-23 00:00:00","2026-01-16","2026-01-23"
"1034","87","2026-02-01","780.32","5462.24","Pending","2026-02-01 00:00:00","2026-02-11 00:00:00","2026-02-16",""
"1035","87","2026-03-01","645.83","3552.07","Pending","2026-03-02 00:00:00","2026-03-12 00:00:00","2026-03-16",""
"1036","87","2026-04-01","85.92","644.4","Paid","2026-04-01 00:00:00","2026-04-16 00:00:00","2026-04-16","2026-04-16"
"1037","87","2026-05-01","495.61","3717.08","Paid","2026-05-03 00:00:00","2026-05-13 00:00:00","2026-05-16","2026-05-13"
"1038","87","2026-06-01","769.71","5003.11","Pending","2026-06-02 00:00:00","2026-06-12 00:00:00","2026-06-16",""
"1039","87","2026-07-01","716.08","5370.6","Paid","2026-07-01 00:00:00","2026-07-13 00:00:00","2026-07-16","2026-07-13"
"1040","87","2026-08-01","562.01","3934.07","Paid","2026-08-01 00:00:00","2026-08-12 00:00:00","2026-08-16","2026-08-12"
"1041","87","2026-09-01","633.54","4118.01","Paid","2026-09-02 00:00:00","2026-09-13 00:00:00","2026-09-16","2026-09-13"
"1042","87","2026-10-01","436.47","3273.53","Overdue","2026-10-02 00:00:00","2026-10-21 00:00:00","2026-10-16","2026-10-21"
"1043","87","2026-11-01","285.73","1857.25","Pending","2026-11-02 00:00:00","2026-11-12 00:00:00","2026-11-16",""
"1044","87","2026-12-01","144.5","1083.75","Paid","2026-12-01 00:00:00","2026-12-12 00:00:00","2026-12-16","2026-12-12"
"1045","88","2026-01-01","258.87","1553.22","Paid","2026-01-03 00:00:00","2026-01-12 00:00:00","2026-01-16","2026-01-12"
"1046","88","2026-02-01","714.04","3927.22","Paid","2026-02-02 00:00:00","2026-02-15 00:00:00","2026-02-16","2026-02-15"
"1047","88","2026-03-01","423.04","3172.8","Paid","2026-03-03 00:00:00","2026-03-13 00:00:00","2026-03-16","2026-03-13"
"1048","88","2026-04-01","597.67","3884.85","Paid","2026-04-03 00:00:00","2026-04-12 00:00:00","2026-04-16","2026-04-12"
"1049","88","2026-05-01","819.23","4915.38","Pending","2026-05-01 00:00:00","2026-05-11 00:00:00","2026-05-16",""
"1050","88","2026-06-01","268.48","1745.12","Overdue","2026-06-01 00:00:00","2026-06-17 00:00:00","2026-06-16","2026-06-17"
"1051","88","2026-07-01","734.87","5511.52","Paid","2026-07-03 00:00:00","2026-07-12 00:00:00","2026-07-16","2026-07-12"
"1052","88","2026-08-01","833.41","6250.57","Paid","2026-08-03 00:00:00","2026-08-16 00:00:00","2026-08-16","2026-08-16"
"1053","88","2026-09-01","122.57","919.27","Paid","2026-09-03 00:00:00","2026-09-16 00:00:00","2026-09-16","2026-09-16"
"1054","88","2026-10-01","361.97","2171.82","Paid","2026-10-03 00:00:00","2026-10-16 00:00:00","2026-10-16","2026-10-16"
"1055","88","2026-11-01","337.0","1853.5","Paid","2026-11-03 00:00:00","2026-11-14 00:00:00","2026-11-16","2026-11-14"
"1056","88","2026-12-01","651.61","3909.66","Paid","2026-12-02 00:00:00","2026-12-15 00:00:00","2026-12-16","2026-12-15"
"1057","89","2026-01-01","739.81","4808.76","Pending","2026-01-03 00:00:00","2026-01-13 00:00:00","2026-01-16",""
"1058","89","2026-02-01","755.37","5665.27","Overdue","2026-02-01 00:00:00","2026-02-17 00:00:00","2026-02-16","2026-02-17"
"1059","89","2026-03-01","373.51","2054.3","Paid","2026-03-02 00:00:00","2026-03-13 00:00:00","2026-03-16","2026-03-13"
"1060","89","2026-04-01","191.54","1245.01","Pending","2026-04-02 00:00:00","2026-04-12 00:00:00","2026-04-16",""
"1061","89","2026-05-01","404.92","2429.52","Overdue","2026-05-01 00:00:00","2026-05-23 00:00:00","2026-05-16","2026-05-23"
"1062","89","2026-06-01","641.87","3851.22","Pending","2026-06-02 00:00:00","2026-06-12 00:00:00","2026-06-16",""
"1063","89","2026-07-01","595.12","3273.16","Overdue","2026-07-03 00:00:00","2026-07-22 00:00:00","2026-07-16","2026-07-22"
"1064","89","2026-08-01","401.91","3014.33","Paid","2026-08-03 00:00:00","2026-08-11 00:00:00","2026-08-16","2026-08-11"
"1065","89","2026-09-01","120.5","723.0","Paid","2026-09-01 00:00:00","2026-09-16 00:00:00","2026-09-16","2026-09-16"
"1066","89","2026-10-01","230.26","1266.43","Pending","2026-10-01 00:00:00","2026-10-11 00:00:00","2026-10-16",""
"1067","89","2026-11-01","300.6","2254.5","Paid","2026-11-03 00:00:00","2026-11-16 00:00:00","2026-11-16","2026-11-16"
"1068","89","2026-12-01","883.06","5298.36","Paid","2026-12-02 00:00:00","2026-12-11 00:00:00","2026-12-16","2026-12-11"
"1069","90","2026-01-01","619.93","4649.47","Paid","2026-01-01 00:00:00","2026-01-16 00:00:00","2026-01-16","2026-01-16"
"1070","90","2026-02-01","361.53","2711.47","Paid","2026-02-03 00:00:00","2026-02-13 00:00:00","2026-02-16","2026-02-13"
"1071","90","2026-03-01","867.03","4768.66","Paid","2026-03-03 00:00:00","2026-03-16 00:00:00","2026-03-16","2026-03-16"
"1072","90","2026-04-01","465.15","3488.62","Paid","2026-04-01 00:00:00","2026-04-11 00:00:00","2026-04-16","2026-04-11"
"1073","90","2026-05-01","514.62","3859.65","Paid","2026-05-03 00:00:00","2026-05-16 00:00:00","2026-05-16","2026-05-16"
"1074","90","2026-06-01","369.94","2404.61","Paid","2026-06-01 00:00:00","2026-06-13 00:00:00","2026-06-16","2026-06-13"
"1075","90","2026-07-01","874.44","6558.3","Paid","2026-07-03 00:00:00","2026-07-12 00:00:00","2026-07-16","2026-07-12"
"1076","90","2026-08-01","279.7","1957.9","Overdue","2026-08-02 00:00:00","2026-08-19 00:00:00","2026-08-16","2026-08-19"
"1077","90","2026-09-01","176.69","1325.17","Paid","2026-09-02 00:00:00","2026-09-13 00:00:00","2026-09-16","2026-09-13"
"1078","90","2026-10-01","495.02","3712.65","Overdue","2026-10-03 00:00:00","2026-10-25 00:00:00","2026-10-16","2026-10-25"
"1079","90","2026-11-01","840.48","5883.36","Overdue","2026-11-01 00:00:00","2026-11-23 00:00:00","2026-11-16","2026-11-23"
"1080","90","2026-12-01","626.35","4697.62","Paid","2026-12-03 00:00:00","2026-12-12 00:00:00","2026-12-16","2026-12-12"
"1081","91","2026-01-01","96.97","630.3","Overdue","2026-01-02 00:00:00","2026-01-21 00:00:00","2026-01-16","2026-01-21"
"1082","91","2026-02-01","879.25","5715.12","Overdue","2026-02-03 00:00:00","2026-02-21 00:00:00","2026-02-16","2026-02-21"
"1083","91","2026-03-01","762.22","5335.54","Overdue","2026-03-02 00:00:00","2026-03-19 00:00:00","2026-03-16","2026-03-19"
"1084","91","2026-04-01","174.89","1049.34","Paid","2026-04-01 00:00:00","2026-04-12 00:00:00","2026-04-16","2026-04-12"
"1085","91","2026-05-01","191.87","1247.15","Pending","2026-05-03 00:00:00","2026-05-13 00:00:00","2026-05-16",""
"1086","91","2026-06-01","163.05","1222.88","Paid","2026-06-01 00:00:00","2026-06-14 00:00:00","2026-06-16","2026-06-14"
"1087","91","2026-07-01","290.76","1889.94","Pending","2026-07-01 00:00:00","2026-07-11 00:00:00","2026-07-16",""
"1088","91","2026-08-01","230.35","1497.27","Paid","2026-08-01 00:00:00","2026-08-16 00:00:00","2026-08-16","2026-08-16"
"1089","91","2026-09-01","783.98","5879.85","Overdue","2026-09-02 00:00:00","2026-09-18 00:00:00","2026-09-16","2026-09-18"
"1090","91","2026-10-01","480.44","3122.86","Pending","2026-10-01 00:00:00","2026-10-11 00:00:00","2026-10-16",""
"1091","91","2026-11-01","674.14","3707.77","Paid","2026-11-01 00:00:00","2026-11-11 00:00:00","2026-11-16","2026-11-11"
"1092","91","2026-12-01","652.45","3588.48","Paid","2026-12-02 00:00:00","2026-12-14 00:00:00","2026-12-16","2026-12-14"
"1093","92","2026-01-01","724.39","4346.34","Paid","2026-01-02 00:00:00","2026-01-13 00:00:00","2026-01-16","2026-01-13"
"1094","92","2026-02-01","804.86","6036.45","Paid","2026-02-03 00:00:00","2026-02-12 00:00:00","2026-02-16","2026-02-12"
"1095","92","2026-03-01","663.99","4315.94","Paid","2026-03-03 00:00:00","2026-03-15 00:00:00","2026-03-16","2026-03-15"
"1096","92","2026-04-01","158.94","953.64","Paid","2026-04-01 00:00:00","2026-04-15 00:00:00","2026-04-16","2026-04-15"
"1097","92","2026-05-01","158.73","1031.74","Paid","2026-05-03 00:00:00","2026-05-13 00:00:00","2026-05-16","2026-05-13"
"1098","92","2026-06-01","439.34","2855.71","Paid","2026-06-01 00:00:00","2026-06-16 00:00:00","2026-06-16","2026-06-16"
"1099","92","2026-07-01","757.62","4166.91","Paid","2026-07-02 00:00:00","2026-07-16 00:00:00","2026-07-16","2026-07-16"
"1100","92","2026-08-01","576.11","3456.66","Overdue","2026-08-02 00:00:00","2026-08-22 00:00:00","2026-08-16","2026-08-22"
"1101","92","2026-09-01","467.87","2573.28","Paid","2026-09-02 00:00:00","2026-09-14 00:00:00","2026-09-16","2026-09-14"
"1102","92","2026-10-01","658.37","3621.03","Paid","2026-10-03 00:00:00","2026-10-16 00:00:00","2026-10-16","2026-10-16"
"1103","92","2026-11-01","839.29","5875.03","Paid","2026-11-02 00:00:00","2026-11-12 00:00:00","2026-11-16","2026-11-12"
"1104","92","2026-12-01","254.73","1528.38","Paid","2026-12-03 00:00:00","2026-12-16 00:00:00","2026-12-16","2026-12-16"
"1105","93","2026-01-01","732.92","5130.44","Paid","2026-01-02 00:00:00","2026-01-13 00:00:00","2026-01-16","2026-01-13"
"1106","93","2026-02-01","757.01","4920.56","Paid","2026-02-01 00:00:00","2026-02-11 00:00:00","2026-02-16","2026-02-11"
"1107","93","2026-03-01","96.38","530.09","Pending","2026-03-03 00:00:00","2026-03-13 00:00:00","2026-03-16",""
"1108","93","2026-04-01","390.8","2344.8","Paid","2026-04-02 00:00:00","2026-04-16 00:00:00","2026-04-16","2026-04-16"
"1109","93","2026-05-01","307.37","2305.28","Paid","2026-05-01 00:00:00","2026-05-12 00:00:00","2026-05-16","2026-05-12"
"1110","93","2026-06-01","832.62","4579.41","Paid","2026-06-03 00:00:00","2026-06-14 00:00:00","2026-06-16","2026-06-14"
"1111","93","2026-07-01","802.75","4816.5","Paid","2026-07-01 00:00:00","2026-07-15 00:00:00","2026-07-16","2026-07-15"
"1112","93","2026-08-01","739.58","5546.85","Pending","2026-08-02 00:00:00","2026-08-12 00:00:00","2026-08-16",""
"1113","93","2026-09-01","577.36","3752.84","Overdue","2026-09-03 00:00:00","2026-09-23 00:00:00","2026-09-16","2026-09-23"
"1114","93","2026-10-01","561.66","3369.96","Paid","2026-10-03 00:00:00","2026-10-12 00:00:00","2026-10-16","2026-10-12"
"1115","93","2026-11-01","469.77","2583.73","Overdue","2026-11-01 00:00:00","2026-11-25 00:00:00","2026-11-16","2026-11-25"
"1116","93","2026-12-01","400.68","2604.42","Overdue","2026-12-02 00:00:00","2026-12-17 00:00:00","2026-12-16","2026-12-17"
"1117","94","2026-01-01","391.07","2541.95","Paid","2026-01-01 00:00:00","2026-01-11 00:00:00","2026-01-16","2026-01-11"
"1118","94","2026-02-01","279.88","1959.16","Paid","2026-02-03 00:00:00","2026-02-11 00:00:00","2026-02-16","2026-02-11"
"1119","94","2026-03-01","232.04","1276.22","Paid","2026-03-01 00:00:00","2026-03-11 00:00:00","2026-03-16","2026-03-11"
"1120","94","2026-04-01","195.59","1466.92","Paid","2026-04-03 00:00:00","2026-04-15 00:00:00","2026-04-16","2026-04-15"
"1121","94","2026-05-01","864.49","6483.68","Pending","2026-05-01 00:00:00","2026-05-11 00:00:00","2026-05-16",""
"1122","94","2026-06-01","826.78","4960.68","Paid","2026-06-02 00:00:00","2026-06-16 00:00:00","2026-06-16","2026-06-16"
"1123","94","2026-07-01","115.62","693.72","Paid","2026-07-03 00:00:00","2026-07-15 00:00:00","2026-07-16","2026-07-15"
"1124","94","2026-08-01","196.85","1377.95","Paid","2026-08-01 00:00:00","2026-08-15 00:00:00","2026-08-16","2026-08-15"
"1125","94","2026-09-01","453.96","2496.78","Pending","2026-09-01 00:00:00","2026-09-11 00:00:00","2026-09-16",""
"1126","94","2026-10-01","702.44","4214.64","Paid","2026-10-01 00:00:00","2026-10-12 00:00:00","2026-10-16","2026-10-12"
"1127","94","2026-11-01","98.24","736.8","Paid","2026-11-02 00:00:00","2026-11-12 00:00:00","2026-11-16","2026-11-12"
"1128","94","2026-12-01","664.54","4319.51","Paid","2026-12-02 00:00:00","2026-12-11 00:00:00","2026-12-16","2026-12-11"
"1129","95","2026-01-01","351.47","2284.56","Overdue","2026-01-03 00:00:00","2026-01-20 00:00:00","2026-01-16","2026-01-20"
"1130","95","2026-02-01","842.2","5895.4","Paid","2026-02-02 00:00:00","2026-02-15 00:00:00","2026-02-16","2026-02-15"
"1131","95","2026-03-01","546.93","3281.58","Paid","2026-03-02 00:00:00","2026-03-11 00:00:00","2026-03-16","2026-03-11"
"1132","95","2026-04-01","96.56","531.08","Paid","2026-04-02 00:00:00","2026-04-16 00:00:00","2026-04-16","2026-04-16"
"1133","95","2026-05-01","747.43","5232.01","Paid","2026-05-02 00:00:00","2026-05-16 00:00:00","2026-05-16","2026-05-16"
"1134","95","2026-06-01","281.55","1830.08","Overdue","2026-06-02 00:00:00","2026-06-22 00:00:00","2026-06-16","2026-06-22"
"1135","95","2026-07-01","401.7","2209.35","Paid","2026-07-01 00:00:00","2026-07-14 00:00:00","2026-07-16","2026-07-14"
"1136","95","2026-08-01","662.07","4965.53","Paid","2026-08-01 00:00:00","2026-08-11 00:00:00","2026-08-16","2026-08-11"
"1137","95","2026-09-01","355.35","2665.12","Paid","2026-09-02 00:00:00","2026-09-16 00:00:00","2026-09-16","2026-09-16"
"1138","95","2026-10-01","692.77","4503.01","Paid","2026-10-03 00:00:00","2026-10-13 00:00:00","2026-10-16","2026-10-13"
"1139","95","2026-11-01","161.81","889.96","Pending","2026-11-01 00:00:00","2026-11-11 00:00:00","2026-11-16",""
"1140","95","2026-12-01","489.76","2693.68","Overdue","2026-12-03 00:00:00","2026-12-22 00:00:00","2026-12-16","2026-12-22"
"1141","96","2026-01-01","881.43","6610.72","Pending","2026-01-01 00:00:00","2026-01-11 00:00:00","2026-01-16",""
"1142","96","2026-02-01","853.87","5123.22","Paid","2026-02-01 00:00:00","2026-02-12 00:00:00","2026-02-16","2026-02-12"
"1143","96","2026-03-01","247.95","1611.67","Paid","2026-03-03 00:00:00","2026-03-14 00:00:00","2026-03-16","2026-03-14"
"1144","96","2026-04-01","704.38","5282.85","Pending","2026-04-02 00:00:00","2026-04-12 00:00:00","2026-04-16",""
"1145","96","2026-05-01","513.34","3593.38","Pending","2026-05-03 00:00:00","2026-05-13 00:00:00","2026-05-16",""
"1146","96","2026-06-01","554.56","3050.08","Pending","2026-06-01 00:00:00","2026-06-11 00:00:00","2026-06-16",""
"1147","96","2026-07-01","608.2","3649.2","Paid","2026-07-03 00:00:00","2026-07-14 00:00:00","2026-07-16","2026-07-14"
"1148","96","2026-08-01","643.76","4184.44","Overdue","2026-08-03 00:00:00","2026-08-18 00:00:00","2026-08-16","2026-08-18"
"1149","96","2026-09-01","565.83","3960.81","Pending","2026-09-02 00:00:00","2026-09-12 00:00:00","2026-09-16",""
"1150","96","2026-10-01","349.55","2446.85","Paid","2026-10-03 00:00:00","2026-10-16 00:00:00","2026-10-16","2026-10-16"
"1151","96","2026-11-01","94.13","517.71","Pending","2026-11-03 00:00:00","2026-11-13 00:00:00","2026-11-16",""
"1152","96","2026-12-01","272.62","2044.65","Paid","2026-12-03 00:00:00","2026-12-13 00:00:00","2026-12-16","2026-12-13"
"1153","97","2026-01-01","426.09","3195.67","Paid","2026-01-03 00:00:00","2026-01-16 00:00:00","2026-01-16","2026-01-16"
"1154","97","2026-02-01","783.03","4698.18","Paid","2026-02-02 00:00:00","2026-02-16 00:00:00","2026-02-16","2026-02-16"
"1155","97","2026-03-01","339.5","2376.5","Paid","2026-03-01 00:00:00","2026-03-14 00:00:00","2026-03-16","2026-03-14"
"1156","97","2026-04-01","88.4","618.8","Paid","2026-04-02 00:00:00","2026-04-12 00:00:00","2026-04-16","2026-04-12"
"1157","97","2026-05-01","418.59","2930.13","Pending","2026-05-02 00:00:00","2026-05-12 00:00:00","2026-05-16",""
"1158","97","2026-06-01","837.93","5446.55","Paid","2026-06-01 00:00:00","2026-06-16 00:00:00","2026-06-16","2026-06-16"
"1159","97","2026-07-01","652.57","4241.7","Paid","2026-07-03 00:00:00","2026-07-13 00:00:00","2026-07-16","2026-07-13"
"1160","97","2026-08-01","442.7","2877.55","Overdue","2026-08-02 00:00:00","2026-08-20 00:00:00","2026-08-16","2026-08-20"
"1161","97","2026-09-01","376.55","2635.85","Paid","2026-09-02 00:00:00","2026-09-11 00:00:00","2026-09-16","2026-09-11"
"1162","97","2026-10-01","387.11","2709.77","Overdue","2026-10-01 00:00:00","2026-10-25 00:00:00","2026-10-16","2026-10-25"
"1163","97","2026-11-01","355.31","2664.82","Overdue","2026-11-01 00:00:00","2026-11-21 00:00:00","2026-11-16","2026-11-21"
"1164","97","2026-12-01","280.75","1684.5","Overdue","2026-12-03 00:00:00","2026-12-21 00:00:00","2026-12-16","2026-12-21"
"1165","98","2026-01-01","676.61","4059.66","Overdue","2026-01-01 00:00:00","2026-01-24 00:00:00","2026-01-16","2026-01-24"
"1166","98","2026-02-01","794.11","4764.66","Paid","2026-02-01 00:00:00","2026-02-13 00:00:00","2026-02-16","2026-02-13"
"1167","98","2026-03-01","143.52","932.88","Paid","2026-03-03 00:00:00","2026-03-16 00:00:00","2026-03-16","2026-03-16"
"1168","98","2026-04-01","200.38","1502.85","Overdue","2026-04-02 00:00:00","2026-04-19 00:00:00","2026-04-16","2026-04-19"
"1169","98","2026-05-01","151.84","835.12","Paid","2026-05-02 00:00:00","2026-05-11 00:00:00","2026-05-16","2026-05-11"
"1170","98","2026-06-01","795.16","5566.12","Pending","2026-06-02 00:00:00","2026-06-12 00:00:00","2026-06-16",""
"1171","98","2026-07-01","138.61","1039.58","Pending","2026-07-03 00:00:00","2026-07-13 00:00:00","2026-07-16",""
"1172","98","2026-08-01","360.65","2163.9","Pending","2026-08-01 00:00:00","2026-08-11 00:00:00","2026-08-16",""
"1173","98","2026-09-01","439.85","3298.88","Paid","2026-09-03 00:00:00","2026-09-15 00:00:00","2026-09-16","2026-09-15"
"1174","98","2026-10-01","829.83","5808.81","Pending","2026-10-01 00:00:00","2026-10-11 00:00:00","2026-10-16",""
"1175","98","2026-11-01","373.88","2430.22","Pending","2026-11-01 00:00:00","2026-11-11 00:00:00","2026-11-16",""
"1176","98","2026-12-01","820.22","6151.65","Pending","2026-12-01 00:00:00","2026-12-11 00:00:00","2026-12-16",""
"1177","99","2026-01-01","144.9","796.95","Pending","2026-01-01 00:00:00","2026-01-11 00:00:00","2026-01-16",""
"1178","99","2026-02-01","613.23","3985.99","Paid","2026-02-03 00:00:00","2026-02-11 00:00:00","2026-02-16","2026-02-11"
"1179","99","2026-03-01","281.8","1549.9","Paid","2026-03-03 00:00:00","2026-03-16 00:00:00","2026-03-16","2026-03-16"
"1180","99","2026-04-01","243.89","1707.23","Paid","2026-04-02 00:00:00","2026-04-12 00:00:00","2026-04-16","2026-04-12"
"1181","99","2026-05-01","188.62","1226.03","Overdue","2026-05-03 00:00:00","2026-05-17 00:00:00","2026-05-16","2026-05-17"
"1182","99","2026-06-01","311.66","2181.62","Paid","2026-06-02 00:00:00","2026-06-13 00:00:00","2026-06-16","2026-06-13"
"1183","99","2026-07-01","872.39","6542.93","Paid","2026-07-02 00:00:00","2026-07-12 00:00:00","2026-07-16","2026-07-12"
"1184","99","2026-08-01","318.54","2389.05","Paid","2026-08-03 00:00:00","2026-08-15 00:00:00","2026-08-16","2026-08-15"
"1185","99","2026-09-01","260.25","1561.5","Overdue","2026-09-01 00:00:00","2026-09-25 00:00:00","2026-09-16","2026-09-25"
"1186","99","2026-10-01","845.47","5918.29","Paid","2026-10-02 00:00:00","2026-10-16 00:00:00","2026-10-16","2026-10-16"
"1187","99","2026-11-01","683.62","4785.34","Pending","2026-11-02 00:00:00","2026-11-12 00:00:00","2026-11-16",""
"1188","99","2026-12-01","588.26","3235.43","Paid","2026-12-02 00:00:00","2026-12-15 00:00:00","2026-12-16","2026-12-15"
"1189","100","2026-01-01","527.14","3689.98","Paid","2026-01-03 00:00:00","2026-01-11 00:00:00","2026-01-16","2026-01-11"
"1190","100","2026-02-01","215.7","1617.75","Paid","2026-02-02 00:00:00","2026-02-14 00:00:00","2026-02-16","2026-02-14"
"1191","100","2026-03-01","759.21","4555.26","Paid","2026-03-03 00:00:00","2026-03-15 00:00:00","2026-03-16","2026-03-15"
"1192","100","2026-04-01","855.45","6415.88","Paid","2026-04-03 00:00:00","2026-04-12 00:00:00","2026-04-16","2026-04-12"
"1193","100","2026-05-01","311.32","1867.92","Overdue","2026-05-01 00:00:00","2026-05-21 00:00:00","2026-05-16","2026-05-21"
"1194","100","2026-06-01","307.64","2307.3","Pending","2026-06-03 00:00:00","2026-06-13 00:00:00","2026-06-16",""
"1195","100","2026-07-01","839.69","5877.83","Paid","2026-07-01 00:00:00","2026-07-15 00:00:00","2026-07-16","2026-07-15"
"1196","100","2026-08-01","795.54","5568.78","Overdue","2026-08-02 00:00:00","2026-08-26 00:00:00","2026-08-16","2026-08-26"
"1197","100","2026-09-01","414.68","2280.74","Paid","2026-09-01 00:00:00","2026-09-11 00:00:00","2026-09-16","2026-09-11"
"1198","100","2026-10-01","252.61","1389.36","Paid","2026-10-02 00:00:00","2026-10-15 00:00:00","2026-10-16","2026-10-15"
"1199","100","2026-11-01","838.85","5871.95","Overdue","2026-11-01 00:00:00","2026-11-18 00:00:00","2026-11-16","2026-11-18"
"1200","100","2026-12-01","726.26","5083.82","Paid","2026-12-01 00:00:00","2026-12-16 00:00:00","2026-12-16","2026-12-16"
"1201","101","2026-01-01","417.88","2298.34","Paid","2026-01-03 00:00:00","2026-01-11 00:00:00","2026-01-16","2026-01-11"
"1202","101","2026-02-01","392.2","2549.3","Paid","2026-02-03 00:00:00","2026-02-14 00:00:00","2026-02-16","2026-02-14"
"1203","101","2026-03-01","583.52","3792.88","Paid","2026-03-03 00:00:00","2026-03-12 00:00:00","2026-03-16","2026-03-12"
"1204","101","2026-04-01","458.98","3212.86","Paid","2026-04-02 00:00:00","2026-04-15 00:00:00","2026-04-16","2026-04-15"
"1205","101","2026-05-01","260.79","1695.14","Paid","2026-05-01 00:00:00","2026-05-11 00:00:00","2026-05-16","2026-05-11"
"1206","101","2026-06-01","618.59","4639.43","Paid","2026-06-03 00:00:00","2026-06-16 00:00:00","2026-06-16","2026-06-16"
"1207","101","2026-07-01","345.22","2071.32","Paid","2026-07-01 00:00:00","2026-07-12 00:00:00","2026-07-16","2026-07-12"
"1208","101","2026-08-01","544.9","3269.4","Paid","2026-08-03 00:00:00","2026-08-12 00:00:00","2026-08-16","2026-08-12"
"1209","101","2026-09-01","608.96","3653.76","Paid","2026-09-02 00:00:00","2026-09-15 00:00:00","2026-09-16","2026-09-15"
"1210","101","2026-10-01","347.36","1910.48","Overdue","2026-10-01 00:00:00","2026-10-19 00:00:00","2026-10-16","2026-10-19"
"1211","101","2026-11-01","858.53","4721.91","Pending","2026-11-03 00:00:00","2026-11-13 00:00:00","2026-11-16",""
"1212","101","2026-12-01","795.09","5168.09","Pending","2026-12-02 00:00:00","2026-12-12 00:00:00","2026-12-16",""
"1213","102","2026-01-01","778.42","4281.31","Paid","2026-01-03 00:00:00","2026-01-15 00:00:00","2026-01-16","2026-01-15"
"1214","102","2026-02-01","336.99","2190.43","Pending","2026-02-03 00:00:00","2026-02-13 00:00:00","2026-02-16",""
"1215","102","2026-03-01","436.38","2400.09","Overdue","2026-03-01 00:00:00","2026-03-17 00:00:00","2026-03-16","2026-03-17"
"1216","102","2026-04-01","134.11","737.61","Paid","2026-04-03 00:00:00","2026-04-15 00:00:00","2026-04-16","2026-04-15"
"1217","102","2026-05-01","800.83","4804.98","Paid","2026-05-03 00:00:00","2026-05-14 00:00:00","2026-05-16","2026-05-14"
"1218","102","2026-06-01","80.72","484.32","Paid","2026-06-03 00:00:00","2026-06-15 00:00:00","2026-06-16","2026-06-15"
"1219","102","2026-07-01","445.61","2450.86","Pending","2026-07-01 00:00:00","2026-07-11 00:00:00","2026-07-16",""
"1220","102","2026-08-01","733.41","4033.75","Paid","2026-08-02 00:00:00","2026-08-16 00:00:00","2026-08-16","2026-08-16"
"1221","102","2026-09-01","290.74","2180.55","Overdue","2026-09-03 00:00:00","2026-09-26 00:00:00","2026-09-16","2026-09-26"
"1222","102","2026-10-01","320.34","2402.55","Paid","2026-10-01 00:00:00","2026-10-14 00:00:00","2026-10-16","2026-10-14"
"1223","102","2026-11-01","822.78","4936.68","Overdue","2026-11-02 00:00:00","2026-11-25 00:00:00","2026-11-16","2026-11-25"
"1224","102","2026-12-01","197.8","1285.7","Paid","2026-12-03 00:00:00","2026-12-15 00:00:00","2026-12-16","2026-12-15"
"1225","103","2026-01-01","460.33","2761.98","Paid","2026-01-02 00:00:00","2026-01-13 00:00:00","2026-01-16","2026-01-13"
"1226","103","2026-02-01","697.35","5230.12","Pending","2026-02-01 00:00:00","2026-02-11 00:00:00","2026-02-16",""
"1227","103","2026-03-01","302.25","2266.88","Overdue","2026-03-03 00:00:00","2026-03-26 00:00:00","2026-03-16","2026-03-26"
"1228","103","2026-04-01","212.42","1168.31","Paid","2026-04-01 00:00:00","2026-04-15 00:00:00","2026-04-16","2026-04-15"
"1229","103","2026-05-01","782.49","5868.68","Overdue","2026-05-03 00:00:00","2026-05-20 00:00:00","2026-05-16","2026-05-20"
"1230","103","2026-06-01","704.68","4580.42","Paid","2026-06-03 00:00:00","2026-06-15 00:00:00","2026-06-16","2026-06-15"
"1231","103","2026-07-01","698.35","3840.93","Overdue","2026-07-02 00:00:00","2026-07-23 00:00:00","2026-07-16","2026-07-23"
"1232","103","2026-08-01","390.66","2734.62","Paid","2026-08-03 00:00:00","2026-08-14 00:00:00","2026-08-16","2026-08-14"
"1233","103","2026-09-01","867.21","6504.08","Overdue","2026-09-01 00:00:00","2026-09-21 00:00:00","2026-09-16","2026-09-21"
"1234","103","2026-10-01","877.68","4827.24","Overdue","2026-10-02 00:00:00","2026-10-19 00:00:00","2026-10-16","2026-10-19"
"1235","103","2026-11-01","249.88","1374.34","Pending","2026-11-03 00:00:00","2026-11-13 00:00:00","2026-11-16",""
"1236","103","2026-12-01","778.44","4670.64","Paid","2026-12-03 00:00:00","2026-12-12 00:00:00","2026-12-16","2026-12-12"
"1237","104","2026-01-01","100.03","550.16","Paid","2026-01-03 00:00:00","2026-01-15 00:00:00","2026-01-16","2026-01-15"
"1238","104","2026-02-01","747.85","5234.95","Paid","2026-02-02 00:00:00","2026-02-15 00:00:00","2026-02-16","2026-02-15"
"1239","104","2026-03-01","789.3","5919.75","Pending","2026-03-01 00:00:00","2026-03-11 00:00:00","2026-03-16",""
"1240","104","2026-04-01","348.36","1915.98","Paid","2026-04-01 00:00:00","2026-04-13 00:00:00","2026-04-16","2026-04-13"
"1241","104","2026-05-01","215.18","1613.85","Overdue","2026-05-02 00:00:00","2026-05-20 00:00:00","2026-05-16","2026-05-20"
"1242","104","2026-06-01","352.49","2114.94","Overdue","2026-06-03 00:00:00","2026-06-24 00:00:00","2026-06-16","2026-06-24"
"1243","104","2026-07-01","747.14","5229.98","Paid","2026-07-02 00:00:00","2026-07-14 00:00:00","2026-07-16","2026-07-14"
"1244","104","2026-08-01","731.05","5117.35","Paid","2026-08-02 00:00:00","2026-08-12 00:00:00","2026-08-16","2026-08-12"
"1245","104","2026-09-01","167.46","1255.95","Overdue","2026-09-03 00:00:00","2026-09-24 00:00:00","2026-09-16","2026-09-24"
"1246","104","2026-10-01","510.57","3829.28","Paid","2026-10-01 00:00:00","2026-10-12 00:00:00","2026-10-16","2026-10-12"
"1247","104","2026-11-01","498.11","3735.83","Paid","2026-11-03 00:00:00","2026-11-11 00:00:00","2026-11-16","2026-11-11"
"1248","104","2026-12-01","654.72","4910.4","Paid","2026-12-01 00:00:00","2026-12-13 00:00:00","2026-12-16","2026-12-13"
"1249","105","2026-01-01","480.26","2881.56","Overdue","2026-01-02 00:00:00","2026-01-26 00:00:00","2026-01-16","2026-01-26"
"1250","105","2026-02-01","279.69","1678.14","Paid","2026-02-03 00:00:00","2026-02-14 00:00:00","2026-02-16","2026-02-14"
"1251","105","2026-03-01","800.69","5604.83","Paid","2026-03-01 00:00:00","2026-03-11 00:00:00","2026-03-16","2026-03-11"
"1252","105","2026-04-01","97.61","536.86","Paid","2026-04-02 00:00:00","2026-04-11 00:00:00","2026-04-16","2026-04-11"
"1253","105","2026-05-01","436.4","2836.6","Overdue","2026-05-03 00:00:00","2026-05-21 00:00:00","2026-05-16","2026-05-21"
"1254","105","2026-06-01","747.29","4857.39","Paid","2026-06-02 00:00:00","2026-06-12 00:00:00","2026-06-16","2026-06-12"
"1255","105","2026-07-01","421.73","2952.11","Paid","2026-07-02 00:00:00","2026-07-14 00:00:00","2026-07-16","2026-07-14"
"1256","105","2026-08-01","254.87","1911.53","Overdue","2026-08-01 00:00:00","2026-08-19 00:00:00","2026-08-16","2026-08-19"
"1257","105","2026-09-01","376.55","2071.03","Pending","2026-09-01 00:00:00","2026-09-11 00:00:00","2026-09-16",""
"1258","105","2026-10-01","406.62","2643.03","Pending","2026-10-02 00:00:00","2026-10-12 00:00:00","2026-10-16",""
"1259","105","2026-11-01","837.96","6284.7","Paid","2026-11-02 00:00:00","2026-11-16 00:00:00","2026-11-16","2026-11-16"
"1260","105","2026-12-01","703.09","4921.63","Paid","2026-12-02 00:00:00","2026-12-11 00:00:00","2026-12-16","2026-12-11"
"1261","106","2026-01-01","371.72","2787.9","Paid","2026-01-02 00:00:00","2026-01-14 00:00:00","2026-01-16","2026-01-14"
"1262","106","2026-02-01","726.26","4720.69","Paid","2026-02-03 00:00:00","2026-02-13 00:00:00","2026-02-16","2026-02-13"
"1263","106","2026-03-01","279.38","1815.97","Overdue","2026-03-03 00:00:00","2026-03-22 00:00:00","2026-03-16","2026-03-22"
"1264","106","2026-04-01","610.88","4581.6","Paid","2026-04-01 00:00:00","2026-04-16 00:00:00","2026-04-16","2026-04-16"
"1265","106","2026-05-01","889.83","6673.73","Paid","2026-05-03 00:00:00","2026-05-14 00:00:00","2026-05-16","2026-05-14"
"1266","106","2026-06-01","117.76","765.44","Paid","2026-06-03 00:00:00","2026-06-12 00:00:00","2026-06-16","2026-06-12"
"1267","106","2026-07-01","338.42","2199.73","Paid","2026-07-01 00:00:00","2026-07-11 00:00:00","2026-07-16","2026-07-11"
"1268","106","2026-08-01","656.74","4925.55","Paid","2026-08-03 00:00:00","2026-08-13 00:00:00","2026-08-16","2026-08-13"
"1269","106","2026-09-01","325.86","1955.16","Overdue","2026-09-01 00:00:00","2026-09-25 00:00:00","2026-09-16","2026-09-25"
"1270","106","2026-10-01","895.83","5374.98","Paid","2026-10-03 00:00:00","2026-10-12 00:00:00","2026-10-16","2026-10-12"
"1271","106","2026-11-01","250.44","1878.3","Paid","2026-11-03 00:00:00","2026-11-11 00:00:00","2026-11-16","2026-11-11"
"1272","106","2026-12-01","151.21","982.87","Paid","2026-12-03 00:00:00","2026-12-12 00:00:00","2026-12-16","2026-12-12"
"1273","107","2026-01-01","741.44","4819.36","Paid","2026-01-02 00:00:00","2026-01-12 00:00:00","2026-01-16","2026-01-12"
"1274","107","2026-02-01","426.81","2774.26","Overdue","2026-02-02 00:00:00","2026-02-18 00:00:00","2026-02-16","2026-02-18"
"1275","107","2026-03-01","752.27","4513.62","Paid","2026-03-02 00:00:00","2026-03-14 00:00:00","2026-03-16","2026-03-14"
"1276","107","2026-04-01","798.22","4390.21","Paid","2026-04-03 00:00:00","2026-04-14 00:00:00","2026-04-16","2026-04-14"
"1277","107","2026-05-01","191.98","1343.86","Pending","2026-05-03 00:00:00","2026-05-13 00:00:00","2026-05-16",""
"1278","107","2026-06-01","608.86","3653.16","Paid","2026-06-03 00:00:00","2026-06-12 00:00:00","2026-06-16","2026-06-12"
"1279","107","2026-07-01","780.06","5070.39","Paid","2026-07-02 00:00:00","2026-07-13 00:00:00","2026-07-16","2026-07-13"
"1280","107","2026-08-01","373.7","2615.9","Overdue","2026-08-01 00:00:00","2026-08-25 00:00:00","2026-08-16","2026-08-25"
"1281","107","2026-09-01","299.7","1798.2","Paid","2026-09-02 00:00:00","2026-09-12 00:00:00","2026-09-16","2026-09-12"
"1282","107","2026-10-01","295.58","1773.48","Paid","2026-10-02 00:00:00","2026-10-12 00:00:00","2026-10-16","2026-10-12"
"1283","107","2026-11-01","748.42","4116.31","Paid","2026-11-02 00:00:00","2026-11-13 00:00:00","2026-11-16","2026-11-13"
"1284","107","2026-12-01","151.39","984.03","Paid","2026-12-03 00:00:00","2026-12-16 00:00:00","2026-12-16","2026-12-16"
"1285","108","2026-01-01","370.48","2593.36","Paid","2026-01-01 00:00:00","2026-01-12 00:00:00","2026-01-16","2026-01-12"
"1286","108","2026-02-01","83.96","461.78","Paid","2026-02-01 00:00:00","2026-02-14 00:00:00","2026-02-16","2026-02-14"
"1287","108","2026-03-01","191.78","1054.79","Overdue","2026-03-03 00:00:00","2026-03-25 00:00:00","2026-03-16","2026-03-25"
"1288","108","2026-04-01","708.97","5317.28","Paid","2026-04-03 00:00:00","2026-04-12 00:00:00","2026-04-16","2026-04-12"
"1289","108","2026-05-01","466.75","3500.62","Overdue","2026-05-03 00:00:00","2026-05-26 00:00:00","2026-05-16","2026-05-26"
"1290","108","2026-06-01","726.98","4361.88","Paid","2026-06-02 00:00:00","2026-06-14 00:00:00","2026-06-16","2026-06-14"
"1291","108","2026-07-01","806.83","5647.81","Paid","2026-07-01 00:00:00","2026-07-11 00:00:00","2026-07-16","2026-07-11"
"1292","108","2026-08-01","631.46","4735.95","Pending","2026-08-01 00:00:00","2026-08-11 00:00:00","2026-08-16",""
"1293","108","2026-09-01","889.61","5337.66","Paid","2026-09-03 00:00:00","2026-09-15 00:00:00","2026-09-16","2026-09-15"
"1294","108","2026-10-01","106.26","690.69","Paid","2026-10-01 00:00:00","2026-10-11 00:00:00","2026-10-16","2026-10-11"
"1295","108","2026-11-01","407.13","2442.78","Paid","2026-11-02 00:00:00","2026-11-13 00:00:00","2026-11-16","2026-11-13"
"1296","108","2026-12-01","320.81","2406.07","Paid","2026-12-02 00:00:00","2026-12-14 00:00:00","2026-12-16","2026-12-14"
"1297","109","2026-01-01","592.3","4146.1","Paid","2026-01-01 00:00:00","2026-01-14 00:00:00","2026-01-16","2026-01-14"
"1298","109","2026-02-01","298.45","1641.47","Pending","2026-02-02 00:00:00","2026-02-12 00:00:00","2026-02-16",""
"1299","109","2026-03-01","578.58","3760.77","Paid","2026-03-02 00:00:00","2026-03-16 00:00:00","2026-03-16","2026-03-16"
"1300","109","2026-04-01","778.55","4671.3","Pending","2026-04-03 00:00:00","2026-04-13 00:00:00","2026-04-16",""
"1301","109","2026-05-01","416.07","2912.49","Paid","2026-05-01 00:00:00","2026-05-11 00:00:00","2026-05-16","2026-05-11"
"1302","109","2026-06-01","190.61","1238.97","Paid","2026-06-02 00:00:00","2026-06-15 00:00:00","2026-06-16","2026-06-15"
"1303","109","2026-07-01","169.99","934.95","Paid","2026-07-03 00:00:00","2026-07-12 00:00:00","2026-07-16","2026-07-12"
"1304","109","2026-08-01","374.72","2623.04","Paid","2026-08-01 00:00:00","2026-08-14 00:00:00","2026-08-16","2026-08-14"
"1305","109","2026-09-01","337.89","2027.34","Paid","2026-09-01 00:00:00","2026-09-11 00:00:00","2026-09-16","2026-09-11"
"1306","109","2026-10-01","553.21","3042.66","Overdue","2026-10-01 00:00:00","2026-10-18 00:00:00","2026-10-16","2026-10-18"
"1307","109","2026-11-01","80.47","563.29","Paid","2026-11-01 00:00:00","2026-11-15 00:00:00","2026-11-16","2026-11-15"
"1308","109","2026-12-01","404.94","3037.05","Overdue","2026-12-03 00:00:00","2026-12-20 00:00:00","2026-12-16","2026-12-20"
"1309","110","2026-01-01","550.21","3851.47","Paid","2026-01-03 00:00:00","2026-01-16 00:00:00","2026-01-16","2026-01-16"
"1310","110","2026-02-01","448.44","2914.86","Paid","2026-02-02 00:00:00","2026-02-16 00:00:00","2026-02-16","2026-02-16"
"1311","110","2026-03-01","270.12","1890.84","Paid","2026-03-01 00:00:00","2026-03-11 00:00:00","2026-03-16","2026-03-11"
"1312","110","2026-04-01","343.57","2233.2","Paid","2026-04-01 00:00:00","2026-04-14 00:00:00","2026-04-16","2026-04-14"
"1313","110","2026-05-01","89.22","490.71","Paid","2026-05-03 00:00:00","2026-05-11 00:00:00","2026-05-16","2026-05-11"
"1314","110","2026-06-01","726.45","4721.93","Paid","2026-06-02 00:00:00","2026-06-11 00:00:00","2026-06-16","2026-06-11"
"1315","110","2026-07-01","127.51","765.06","Pending","2026-07-01 00:00:00","2026-07-11 00:00:00","2026-07-16",""
"1316","110","2026-08-01","788.03","4728.18","Overdue","2026-08-01 00:00:00","2026-08-18 00:00:00","2026-08-16","2026-08-18"
"1317","110","2026-09-01","626.14","4382.98","Pending","2026-09-03 00:00:00","2026-09-13 00:00:00","2026-09-16",""
"1318","110","2026-10-01","169.03","1267.72","Overdue","2026-10-02 00:00:00","2026-10-18 00:00:00","2026-10-16","2026-10-18"
"1319","110","2026-11-01","171.15","1112.48","Paid","2026-11-03 00:00:00","2026-11-12 00:00:00","2026-11-16","2026-11-12"
"1320","110","2026-12-01","438.47","2850.06","Pending","2026-12-01 00:00:00","2026-12-11 00:00:00","2026-12-16",""
"1321","111","2026-01-01","739.8","5548.5","Paid","2026-01-03 00:00:00","2026-01-15 00:00:00","2026-01-16","2026-01-15"
"1322","111","2026-02-01","149.03","1117.72","Pending","2026-02-03 00:00:00","2026-02-13 00:00:00","2026-02-16",""
"1323","111","2026-03-01","280.95","1826.17","Paid","2026-03-02 00:00:00","2026-03-15 00:00:00","2026-03-16","2026-03-15"
"1324","111","2026-04-01","710.19","4616.24","Paid","2026-04-01 00:00:00","2026-04-11 00:00:00","2026-04-16","2026-04-11"
"1325","111","2026-05-01","492.54","3447.78","Paid","2026-05-02 00:00:00","2026-05-16 00:00:00","2026-05-16","2026-05-16"
"1326","111","2026-06-01","768.45","5763.38","Paid","2026-06-02 00:00:00","2026-06-12 00:00:00","2026-06-16","2026-06-12"
"1327","111","2026-07-01","895.69","6717.68","Pending","2026-07-03 00:00:00","2026-07-13 00:00:00","2026-07-16",""
"1328","111","2026-08-01","400.45","2602.92","Overdue","2026-08-01 00:00:00","2026-08-25 00:00:00","2026-08-16","2026-08-25"
"1329","111","2026-09-01","134.78","808.68","Overdue","2026-09-01 00:00:00","2026-09-26 00:00:00","2026-09-16","2026-09-26"
"1330","111","2026-10-01","740.66","4443.96","Pending","2026-10-02 00:00:00","2026-10-12 00:00:00","2026-10-16",""
"1331","111","2026-11-01","414.71","3110.32","Overdue","2026-11-02 00:00:00","2026-11-22 00:00:00","2026-11-16","2026-11-22"
"1332","111","2026-12-01","143.83","862.98","Pending","2026-12-03 00:00:00","2026-12-13 00:00:00","2026-12-16",""
"1333","112","2026-01-01","638.85","4471.95","Paid","2026-01-02 00:00:00","2026-01-12 00:00:00","2026-01-16","2026-01-12"
"1334","112","2026-02-01","614.29","3378.59","Paid","2026-02-03 00:00:00","2026-02-11 00:00:00","2026-02-16","2026-02-11"
"1335","112","2026-03-01","631.44","4735.8","Pending","2026-03-02 00:00:00","2026-03-12 00:00:00","2026-03-16",""
"1336","112","2026-04-01","773.72","5416.04","Pending","2026-04-02 00:00:00","2026-04-12 00:00:00","2026-04-16",""
"1337","112","2026-05-01","308.05","2156.35","Paid","2026-05-01 00:00:00","2026-05-16 00:00:00","2026-05-16","2026-05-16"
"1338","112","2026-06-01","875.13","4813.22","Paid","2026-06-03 00:00:00","2026-06-16 00:00:00","2026-06-16","2026-06-16"
"1339","112","2026-07-01","332.16","2325.12","Overdue","2026-07-01 00:00:00","2026-07-21 00:00:00","2026-07-16","2026-07-21"
"1340","112","2026-08-01","388.68","2720.76","Pending","2026-08-01 00:00:00","2026-08-11 00:00:00","2026-08-16",""
"1341","112","2026-09-01","188.49","1036.7","Pending","2026-09-03 00:00:00","2026-09-13 00:00:00","2026-09-16",""
"1342","112","2026-10-01","685.83","3772.07","Paid","2026-10-03 00:00:00","2026-10-16 00:00:00","2026-10-16","2026-10-16"
"1343","112","2026-11-01","398.73","2591.74","Paid","2026-11-01 00:00:00","2026-11-12 00:00:00","2026-11-16","2026-11-12"
"1344","112","2026-12-01","779.73","5847.98","Paid","2026-12-03 00:00:00","2026-12-12 00:00:00","2026-12-16","2026-12-12"
"1345","113","2026-01-01","294.01","1764.06","Paid","2026-01-03 00:00:00","2026-01-14 00:00:00","2026-01-16","2026-01-14"
"1346","113","2026-02-01","798.02","4788.12","Paid","2026-02-01 00:00:00","2026-02-14 00:00:00","2026-02-16","2026-02-14"
"1347","113","2026-03-01","223.39","1228.64","Paid","2026-03-02 00:00:00","2026-03-16 00:00:00","2026-03-16","2026-03-16"
"1348","113","2026-04-01","588.61","3825.97","Overdue","2026-04-03 00:00:00","2026-04-23 00:00:00","2026-04-16","2026-04-23"
"1349","113","2026-05-01","479.92","3359.44","Paid","2026-05-03 00:00:00","2026-05-13 00:00:00","2026-05-16","2026-05-13"
"1350","113","2026-06-01","782.7","5478.9","Pending","2026-06-01 00:00:00","2026-06-11 00:00:00","2026-06-16",""
"1351","113","2026-07-01","797.71","4786.26","Paid","2026-07-03 00:00:00","2026-07-16 00:00:00","2026-07-16","2026-07-16"
"1352","113","2026-08-01","229.43","1720.73","Paid","2026-08-03 00:00:00","2026-08-11 00:00:00","2026-08-16","2026-08-11"
"1353","113","2026-09-01","332.02","2158.13","Paid","2026-09-01 00:00:00","2026-09-11 00:00:00","2026-09-16","2026-09-11"
"1354","113","2026-10-01","596.85","3282.68","Pending","2026-10-03 00:00:00","2026-10-13 00:00:00","2026-10-16",""
"1355","113","2026-11-01","562.43","3937.01","Overdue","2026-11-02 00:00:00","2026-11-22 00:00:00","2026-11-16","2026-11-22"
"1356","113","2026-12-01","161.0","885.5","Paid","2026-12-02 00:00:00","2026-12-11 00:00:00","2026-12-16","2026-12-11"
"1357","114","2026-01-01","878.38","4831.09","Paid","2026-01-01 00:00:00","2026-01-12 00:00:00","2026-01-16","2026-01-12"
"1358","114","2026-02-01","636.14","4452.98","Paid","2026-02-03 00:00:00","2026-02-12 00:00:00","2026-02-16","2026-02-12"
"1359","114","2026-03-01","605.09","3630.54","Paid","2026-03-03 00:00:00","2026-03-13 00:00:00","2026-03-16","2026-03-13"
"1360","114","2026-04-01","95.97","719.77","Pending","2026-04-01 00:00:00","2026-04-11 00:00:00","2026-04-16",""
"1361","114","2026-05-01","711.44","4624.36","Pending","2026-05-03 00:00:00","2026-05-13 00:00:00","2026-05-16",""
"1362","114","2026-06-01","806.78","4840.68","Pending","2026-06-02 00:00:00","2026-06-12 00:00:00","2026-06-16",""
"1363","114","2026-07-01","650.92","4230.98","Overdue","2026-07-02 00:00:00","2026-07-23 00:00:00","2026-07-16","2026-07-23"
"1364","114","2026-08-01","805.97","5238.81","Overdue","2026-08-01 00:00:00","2026-08-23 00:00:00","2026-08-16","2026-08-23"
"1365","114","2026-09-01","679.64","3738.02","Paid","2026-09-02 00:00:00","2026-09-13 00:00:00","2026-09-16","2026-09-13"
"1366","114","2026-10-01","200.47","1403.29","Paid","2026-10-02 00:00:00","2026-10-15 00:00:00","2026-10-16","2026-10-15"
"1367","114","2026-11-01","777.21","4663.26","Overdue","2026-11-02 00:00:00","2026-11-25 00:00:00","2026-11-16","2026-11-25"
"1368","114","2026-12-01","752.83","4140.57","Paid","2026-12-03 00:00:00","2026-12-12 00:00:00","2026-12-16","2026-12-12"
"1369","115","2026-01-01","154.92","1161.9","Paid","2026-01-02 00:00:00","2026-01-13 00:00:00","2026-01-16","2026-01-13"
"1370","115","2026-02-01","394.26","2168.43","Pending","2026-02-03 00:00:00","2026-02-13 00:00:00","2026-02-16",""
"1371","115","2026-03-01","510.28","2806.54","Paid","2026-03-03 00:00:00","2026-03-16 00:00:00","2026-03-16","2026-03-16"
"1372","115","2026-04-01","778.09","5835.68","Paid","2026-04-03 00:00:00","2026-04-16 00:00:00","2026-04-16","2026-04-16"
"1373","115","2026-05-01","667.01","4335.56","Paid","2026-05-03 00:00:00","2026-05-11 00:00:00","2026-05-16","2026-05-11"
"1374","115","2026-06-01","842.44","4633.42","Paid","2026-06-02 00:00:00","2026-06-12 00:00:00","2026-06-16","2026-06-12"
"1375","115","2026-07-01","138.14","828.84","Overdue","2026-07-01 00:00:00","2026-07-25 00:00:00","2026-07-16","2026-07-25"
"1376","115","2026-08-01","173.92","956.56","Paid","2026-08-02 00:00:00","2026-08-13 00:00:00","2026-08-16","2026-08-13"
"1377","115","2026-09-01","319.36","2235.52","Paid","2026-09-02 00:00:00","2026-09-11 00:00:00","2026-09-16","2026-09-11"
"1378","115","2026-10-01","706.49","4592.19","Paid","2026-10-01 00:00:00","2026-10-13 00:00:00","2026-10-16","2026-10-13"
"1379","115","2026-11-01","714.07","5355.53","Overdue","2026-11-03 00:00:00","2026-11-23 00:00:00","2026-11-16","2026-11-23"
"1380","115","2026-12-01","338.83","2202.39","Pending","2026-12-02 00:00:00","2026-12-12 00:00:00","2026-12-16",""
"1381","116","2026-01-01","756.79","4540.74","Paid","2026-01-01 00:00:00","2026-01-14 00:00:00","2026-01-16","2026-01-14"
"1382","116","2026-02-01","664.75","4320.88","Paid","2026-02-01 00:00:00","2026-02-16 00:00:00","2026-02-16","2026-02-16"
"1383","116","2026-03-01","141.26","1059.45","Pending","2026-03-02 00:00:00","2026-03-12 00:00:00","2026-03-16",""
"1384","116","2026-04-01","610.3","3661.8","Paid","2026-04-03 00:00:00","2026-04-16 00:00:00","2026-04-16","2026-04-16"
"1385","116","2026-05-01","122.37","917.78","Pending","2026-05-03 00:00:00","2026-05-13 00:00:00","2026-05-16",""
"1386","116","2026-06-01","207.78","1246.68","Overdue","2026-06-02 00:00:00","2026-06-25 00:00:00","2026-06-16","2026-06-25"
"1387","116","2026-07-01","130.07","975.52","Paid","2026-07-02 00:00:00","2026-07-14 00:00:00","2026-07-16","2026-07-14"
"1388","116","2026-08-01","134.15","871.98","Pending","2026-08-02 00:00:00","2026-08-12 00:00:00","2026-08-16",""
"1389","116","2026-09-01","633.73","3802.38","Paid","2026-09-03 00:00:00","2026-09-12 00:00:00","2026-09-16","2026-09-12"
"1390","116","2026-10-01","824.02","4532.11","Paid","2026-10-01 00:00:00","2026-10-12 00:00:00","2026-10-16","2026-10-12"
"1391","116","2026-11-01","460.36","3222.52","Paid","2026-11-01 00:00:00","2026-11-14 00:00:00","2026-11-16","2026-11-14"
"1392","116","2026-12-01","644.7","4512.9","Paid","2026-12-01 00:00:00","2026-12-12 00:00:00","2026-12-16","2026-12-12"
"1393","117","2026-01-01","351.45","2635.88","Paid","2026-01-03 00:00:00","2026-01-11 00:00:00","2026-01-16","2026-01-11"
"1394","117","2026-02-01","814.42","4886.52","Pending","2026-02-02 00:00:00","2026-02-12 00:00:00","2026-02-16",""
"1395","117","2026-03-01","292.97","1904.31","Overdue","2026-03-01 00:00:00","2026-03-18 00:00:00","2026-03-16","2026-03-18"
"1396","117","2026-04-01","601.86","4513.95","Pending","2026-04-02 00:00:00","2026-04-12 00:00:00","2026-04-16",""
"1397","117","2026-05-01","416.68","2708.42","Paid","2026-05-01 00:00:00","2026-05-11 00:00:00","2026-05-16","2026-05-11"
"1398","117","2026-06-01","256.45","1795.15","Paid","2026-06-02 00:00:00","2026-06-12 00:00:00","2026-06-16","2026-06-12"
"1399","117","2026-07-01","92.08","506.44","Paid","2026-07-02 00:00:00","2026-07-14 00:00:00","2026-07-16","2026-07-14"
"1400","117","2026-08-01","515.05","2832.77","Pending","2026-08-03 00:00:00","2026-08-13 00:00:00","2026-08-16",""
"1401","117","2026-09-01","208.27","1353.76","Paid","2026-09-03 00:00:00","2026-09-16 00:00:00","2026-09-16","2026-09-16"
"1402","117","2026-10-01","834.25","5839.75","Paid","2026-10-03 00:00:00","2026-10-13 00:00:00","2026-10-16","2026-10-13"
"1403","117","2026-11-01","635.43","4130.3","Paid","2026-11-02 00:00:00","2026-11-12 00:00:00","2026-11-16","2026-11-12"
"1404","117","2026-12-01","895.85","4927.18","Paid","2026-12-03 00:00:00","2026-12-12 00:00:00","2026-12-16","2026-12-12"
"1405","118","2026-01-01","476.78","3575.85","Paid","2026-01-01 00:00:00","2026-01-12 00:00:00","2026-01-16","2026-01-12"
"1406","118","2026-02-01","285.22","1996.54","Overdue","2026-02-02 00:00:00","2026-02-21 00:00:00","2026-02-16","2026-02-21"
"1407","118","2026-03-01","83.48","500.88","Paid","2026-03-02 00:00:00","2026-03-14 00:00:00","2026-03-16","2026-03-14"
"1408","118","2026-04-01","615.87","4311.09","Overdue","2026-04-03 00:00:00","2026-04-24 00:00:00","2026-04-16","2026-04-24"
"1409","118","2026-05-01","778.79","4283.34","Overdue","2026-05-02 00:00:00","2026-05-19 00:00:00","2026-05-16","2026-05-19"
"1410","118","2026-06-01","581.09","4358.18","Paid","2026-06-01 00:00:00","2026-06-15 00:00:00","2026-06-16","2026-06-15"
"1411","118","2026-07-01","417.75","2924.25","Overdue","2026-07-02 00:00:00","2026-07-26 00:00:00","2026-07-16","2026-07-26"
"1412","118","2026-08-01","512.06","3328.39","Pending","2026-08-02 00:00:00","2026-08-12 00:00:00","2026-08-16",""
"1413","118","2026-09-01","188.27","1317.89","Paid","2026-09-03 00:00:00","2026-09-13 00:00:00","2026-09-16","2026-09-13"
"1414","118","2026-10-01","590.24","4426.8","Paid","2026-10-02 00:00:00","2026-10-11 00:00:00","2026-10-16","2026-10-11"
"1415","118","2026-11-01","491.74","2704.57","Paid","2026-11-01 00:00:00","2026-11-13 00:00:00","2026-11-16","2026-11-13"
"1416","118","2026-12-01","358.75","2690.62","Pending","2026-12-01 00:00:00","2026-12-11 00:00:00","2026-12-16",""
"1417","119","2026-01-01","541.94","4064.55","Paid","2026-01-03 00:00:00","2026-01-14 00:00:00","2026-01-16","2026-01-14"
"1418","119","2026-02-01","795.13","5565.91","Paid","2026-02-03 00:00:00","2026-02-11 00:00:00","2026-02-16","2026-02-11"
"1419","119","2026-03-01","238.85","1313.67","Overdue","2026-03-03 00:00:00","2026-03-17 00:00:00","2026-03-16","2026-03-17"
"1420","119","2026-04-01","312.1","2184.7","Paid","2026-04-01 00:00:00","2026-04-11 00:00:00","2026-04-16","2026-04-11"
"1421","119","2026-05-01","223.53","1341.18","Paid","2026-05-01 00:00:00","2026-05-13 00:00:00","2026-05-16","2026-05-13"
"1422","119","2026-06-01","838.46","5030.76","Paid","2026-06-01 00:00:00","2026-06-15 00:00:00","2026-06-16","2026-06-15"
"1423","119","2026-07-01","547.68","3286.08","Overdue","2026-07-01 00:00:00","2026-07-20 00:00:00","2026-07-16","2026-07-20"
"1424","119","2026-08-01","164.69","1235.17","Paid","2026-08-01 00:00:00","2026-08-14 00:00:00","2026-08-16","2026-08-14"
"1425","119","2026-09-01","652.08","4890.6","Paid","2026-09-02 00:00:00","2026-09-15 00:00:00","2026-09-16","2026-09-15"
"1426","119","2026-10-01","568.86","3697.59","Overdue","2026-10-03 00:00:00","2026-10-25 00:00:00","2026-10-16","2026-10-25"
"1427","119","2026-11-01","749.86","5249.02","Pending","2026-11-03 00:00:00","2026-11-13 00:00:00","2026-11-16",""
"1428","119","2026-12-01","339.57","2546.78","Overdue","2026-12-03 00:00:00","2026-12-18 00:00:00","2026-12-16","2026-12-18"
"1429","120","2026-01-01","129.2","839.8","Overdue","2026-01-02 00:00:00","2026-01-26 00:00:00","2026-01-16","2026-01-26"
"1430","120","2026-02-01","191.86","1151.16","Paid","2026-02-01 00:00:00","2026-02-16 00:00:00","2026-02-16","2026-02-16"
"1431","120","2026-03-01","657.95","3618.73","Paid","2026-03-01 00:00:00","2026-03-13 00:00:00","2026-03-16","2026-03-13"
"1432","120","2026-04-01","301.99","2264.93","Paid","2026-04-02 00:00:00","2026-04-13 00:00:00","2026-04-16","2026-04-13"
"1433","120","2026-05-01","460.77","2995.01","Paid","2026-05-01 00:00:00","2026-05-14 00:00:00","2026-05-16","2026-05-14"
"1434","120","2026-06-01","739.83","4438.98","Pending","2026-06-01 00:00:00","2026-06-11 00:00:00","2026-06-16",""
"1435","120","2026-07-01","297.14","1931.41","Paid","2026-07-02 00:00:00","2026-07-13 00:00:00","2026-07-16","2026-07-13"
"1436","120","2026-08-01","873.99","6117.93","Overdue","2026-08-03 00:00:00","2026-08-24 00:00:00","2026-08-16","2026-08-24"
"1437","120","2026-09-01","800.62","5604.34","Paid","2026-09-02 00:00:00","2026-09-13 00:00:00","2026-09-16","2026-09-13"
"1438","120","2026-10-01","833.82","5002.92","Paid","2026-10-03 00:00:00","2026-10-16 00:00:00","2026-10-16","2026-10-16"
"1439","120","2026-11-01","512.79","3845.92","Paid","2026-11-01 00:00:00","2026-11-12 00:00:00","2026-11-16","2026-11-12"
"1440","120","2026-12-01","157.02","863.61","Overdue","2026-12-03 00:00:00","2026-12-26 00:00:00","2026-12-16","2026-12-26"
"1441","121","2026-01-01","480.04","3600.3","Overdue","2026-01-02 00:00:00","2026-01-21 00:00:00","2026-01-16","2026-01-21"
"1442","121","2026-02-01","346.87","2601.53","Paid","2026-02-01 00:00:00","2026-02-16 00:00:00","2026-02-16","2026-02-16"
"1443","121","2026-03-01","537.04","3490.76","Overdue","2026-03-03 00:00:00","2026-03-19 00:00:00","2026-03-16","2026-03-19"
"1444","121","2026-04-01","865.83","6060.81","Paid","2026-04-03 00:00:00","2026-04-15 00:00:00","2026-04-16","2026-04-15"
"1445","121","2026-05-01","99.51","746.33","Paid","2026-05-02 00:00:00","2026-05-14 00:00:00","2026-05-16","2026-05-14"
"1446","121","2026-06-01","273.82","1916.74","Paid","2026-06-03 00:00:00","2026-06-13 00:00:00","2026-06-16","2026-06-13"
"1447","121","2026-07-01","436.51","2400.8","Paid","2026-07-02 00:00:00","2026-07-13 00:00:00","2026-07-16","2026-07-13"
"1448","121","2026-08-01","322.67","2097.36","Pending","2026-08-02 00:00:00","2026-08-12 00:00:00","2026-08-16",""
"1449","121","2026-09-01","714.87","5361.52","Paid","2026-09-02 00:00:00","2026-09-16 00:00:00","2026-09-16","2026-09-16"
"1450","121","2026-10-01","288.04","1728.24","Paid","2026-10-01 00:00:00","2026-10-16 00:00:00","2026-10-16","2026-10-16"
"1451","121","2026-11-01","579.49","3187.2","Paid","2026-11-01 00:00:00","2026-11-14 00:00:00","2026-11-16","2026-11-14"
"1452","121","2026-12-01","163.81","1228.58","Paid","2026-12-03 00:00:00","2026-12-16 00:00:00","2026-12-16","2026-12-16"
"1453","122","2026-01-01","91.47","640.29","Overdue","2026-01-03 00:00:00","2026-01-23 00:00:00","2026-01-16","2026-01-23"
"1454","122","2026-02-01","682.56","3754.08","Paid","2026-02-03 00:00:00","2026-02-13 00:00:00","2026-02-16","2026-02-13"
"1455","122","2026-03-01","657.44","4602.08","Pending","2026-03-01 00:00:00","2026-03-11 00:00:00","2026-03-16",""
"1456","122","2026-04-01","886.53","5319.18","Pending","2026-04-02 00:00:00","2026-04-12 00:00:00","2026-04-16",""
"1457","122","2026-05-01","315.96","2369.7","Paid","2026-05-03 00:00:00","2026-05-16 00:00:00","2026-05-16","2026-05-16"
"1458","122","2026-06-01","893.64","5808.66","Pending","2026-06-03 00:00:00","2026-06-13 00:00:00","2026-06-16",""
"1459","122","2026-07-01","781.98","4300.89","Pending","2026-07-01 00:00:00","2026-07-11 00:00:00","2026-07-16",""
"1460","122","2026-08-01","305.53","2291.47","Paid","2026-08-02 00:00:00","2026-08-16 00:00:00","2026-08-16","2026-08-16"
"1461","122","2026-09-01","215.4","1400.1","Overdue","2026-09-01 00:00:00","2026-09-26 00:00:00","2026-09-16","2026-09-26"
"1462","122","2026-10-01","112.58","844.35","Pending","2026-10-03 00:00:00","2026-10-13 00:00:00","2026-10-16",""
"1463","122","2026-11-01","787.34","5905.05","Paid","2026-11-01 00:00:00","2026-11-14 00:00:00","2026-11-16","2026-11-14"
"1464","122","2026-12-01","153.95","1154.62","Paid","2026-12-03 00:00:00","2026-12-13 00:00:00","2026-12-16","2026-12-13"
"1465","123","2026-01-01","584.92","3509.52","Overdue","2026-01-01 00:00:00","2026-01-23 00:00:00","2026-01-16","2026-01-23"
"1466","123","2026-02-01","143.28","788.04","Pending","2026-02-03 00:00:00","2026-02-13 00:00:00","2026-02-16",""
"1467","123","2026-03-01","682.27","4775.89","Paid","2026-03-03 00:00:00","2026-03-12 00:00:00","2026-03-16","2026-03-12"
"1468","123","2026-04-01","774.84","5036.46","Overdue","2026-04-02 00:00:00","2026-04-24 00:00:00","2026-04-16","2026-04-24"
"1469","123","2026-05-01","771.57","5400.99","Pending","2026-05-03 00:00:00","2026-05-13 00:00:00","2026-05-16",""
"1470","123","2026-06-01","409.6","3072.0","Overdue","2026-06-01 00:00:00","2026-06-20 00:00:00","2026-06-16","2026-06-20"
"1471","123","2026-07-01","317.4","2380.5","Paid","2026-07-01 00:00:00","2026-07-15 00:00:00","2026-07-16","2026-07-15"
"1472","123","2026-08-01","637.06","4140.89","Overdue","2026-08-01 00:00:00","2026-08-19 00:00:00","2026-08-16","2026-08-19"
"1473","123","2026-09-01","186.48","1025.64","Paid","2026-09-03 00:00:00","2026-09-11 00:00:00","2026-09-16","2026-09-11"
"1474","123","2026-10-01","797.85","5983.88","Overdue","2026-10-01 00:00:00","2026-10-19 00:00:00","2026-10-16","2026-10-19"
"1475","123","2026-11-01","123.94","867.58","Overdue","2026-11-03 00:00:00","2026-11-21 00:00:00","2026-11-16","2026-11-21"
"1476","123","2026-12-01","92.46","554.76","Paid","2026-12-02 00:00:00","2026-12-14 00:00:00","2026-12-16","2026-12-14"
"1477","124","2026-01-01","380.47","2092.59","Paid","2026-01-01 00:00:00","2026-01-14 00:00:00","2026-01-16","2026-01-14"
"1478","124","2026-02-01","781.83","5081.9","Paid","2026-02-03 00:00:00","2026-02-16 00:00:00","2026-02-16","2026-02-16"
"1479","124","2026-03-01","660.62","4624.34","Paid","2026-03-01 00:00:00","2026-03-12 00:00:00","2026-03-16","2026-03-12"
"1480","124","2026-04-01","378.11","2457.72","Paid","2026-04-01 00:00:00","2026-04-11 00:00:00","2026-04-16","2026-04-11"
"1481","124","2026-05-01","391.13","2151.22","Paid","2026-05-03 00:00:00","2026-05-12 00:00:00","2026-05-16","2026-05-12"
"1482","124","2026-06-01","98.17","539.94","Paid","2026-06-03 00:00:00","2026-06-14 00:00:00","2026-06-16","2026-06-14"
"1483","124","2026-07-01","567.94","4259.55","Pending","2026-07-02 00:00:00","2026-07-12 00:00:00","2026-07-16",""
"1484","124","2026-08-01","438.12","2847.78","Overdue","2026-08-03 00:00:00","2026-08-21 00:00:00","2026-08-16","2026-08-21"
"1485","124","2026-09-01","214.95","1397.17","Paid","2026-09-03 00:00:00","2026-09-15 00:00:00","2026-09-16","2026-09-15"
"1486","124","2026-10-01","604.7","3628.2","Paid","2026-10-03 00:00:00","2026-10-12 00:00:00","2026-10-16","2026-10-12"
"1487","124","2026-11-01","215.96","1295.76","Paid","2026-11-01 00:00:00","2026-11-13 00:00:00","2026-11-16","2026-11-13"
"1488","124","2026-12-01","864.94","5189.64","Paid","2026-12-01 00:00:00","2026-12-14 00:00:00","2026-12-16","2026-12-14"
"1489","125","2026-01-01","744.35","4093.93","Pending","2026-01-01 00:00:00","2026-01-11 00:00:00","2026-01-16",""
"1490","125","2026-02-01","422.57","3169.28","Paid","2026-02-01 00:00:00","2026-02-15 00:00:00","2026-02-16","2026-02-15"
"1491","125","2026-03-01","430.47","3013.29","Overdue","2026-03-03 00:00:00","2026-03-20 00:00:00","2026-03-16","2026-03-20"
"1492","125","2026-04-01","225.22","1576.54","Paid","2026-04-01 00:00:00","2026-04-15 00:00:00","2026-04-16","2026-04-15"
"1493","125","2026-05-01","659.2","4614.4","Paid","2026-05-02 00:00:00","2026-05-12 00:00:00","2026-05-16","2026-05-12"
"1494","125","2026-06-01","112.44","843.3","Paid","2026-06-02 00:00:00","2026-06-14 00:00:00","2026-06-16","2026-06-14"
"1495","125","2026-07-01","495.93","2727.62","Overdue","2026-07-03 00:00:00","2026-07-25 00:00:00","2026-07-16","2026-07-25"
"1496","125","2026-08-01","607.61","3341.86","Overdue","2026-08-01 00:00:00","2026-08-22 00:00:00","2026-08-16","2026-08-22"
"1497","125","2026-09-01","896.78","5829.07","Paid","2026-09-01 00:00:00","2026-09-15 00:00:00","2026-09-16","2026-09-15"
"1498","125","2026-10-01","232.79","1513.13","Pending","2026-10-01 00:00:00","2026-10-11 00:00:00","2026-10-16",""
"1499","125","2026-11-01","508.62","3560.34","Paid","2026-11-01 00:00:00","2026-11-15 00:00:00","2026-11-16","2026-11-15"
"1500","125","2026-12-01","406.52","2235.86","Paid","2026-12-03 00:00:00","2026-12-13 00:00:00","2026-12-16","2026-12-13"
"1501","126","2026-01-01","621.97","4664.78","Paid","2026-01-03 00:00:00","2026-01-12 00:00:00","2026-01-16","2026-01-12"
"1502","126","2026-02-01","545.28","4089.6","Paid","2026-02-03 00:00:00","2026-02-14 00:00:00","2026-02-16","2026-02-14"
"1503","126","2026-03-01","554.23","3325.38","Paid","2026-03-03 00:00:00","2026-03-14 00:00:00","2026-03-16","2026-03-14"
"1504","126","2026-04-01","90.56","588.64","Paid","2026-04-03 00:00:00","2026-04-15 00:00:00","2026-04-16","2026-04-15"
"1505","126","2026-05-01","369.17","2584.19","Paid","2026-05-02 00:00:00","2026-05-14 00:00:00","2026-05-16","2026-05-14"
"1506","126","2026-06-01","288.49","2163.68","Pending","2026-06-01 00:00:00","2026-06-11 00:00:00","2026-06-16",""
"1507","126","2026-07-01","866.46","5198.76","Pending","2026-07-03 00:00:00","2026-07-13 00:00:00","2026-07-16",""
"1508","126","2026-08-01","611.67","3975.85","Overdue","2026-08-01 00:00:00","2026-08-25 00:00:00","2026-08-16","2026-08-25"
"1509","126","2026-09-01","615.23","4306.61","Pending","2026-09-02 00:00:00","2026-09-12 00:00:00","2026-09-16",""
"1510","126","2026-10-01","887.71","5326.26","Pending","2026-10-03 00:00:00","2026-10-13 00:00:00","2026-10-16",""
"1511","126","2026-11-01","847.76","6358.2","Pending","2026-11-01 00:00:00","2026-11-11 00:00:00","2026-11-16",""
"1512","126","2026-12-01","755.11","4908.22","Paid","2026-12-03 00:00:00","2026-12-14 00:00:00","2026-12-16","2026-12-14"
"1513","127","2026-01-01","482.53","2653.91","Overdue","2026-01-01 00:00:00","2026-01-23 00:00:00","2026-01-16","2026-01-23"
"1514","127","2026-02-01","321.41","2410.58","Paid","2026-02-03 00:00:00","2026-02-13 00:00:00","2026-02-16","2026-02-13"
"1515","127","2026-03-01","706.88","3887.84","Paid","2026-03-03 00:00:00","2026-03-13 00:00:00","2026-03-16","2026-03-13"
"1516","127","2026-04-01","878.41","5709.66","Overdue","2026-04-01 00:00:00","2026-04-23 00:00:00","2026-04-16","2026-04-23"
"1517","127","2026-05-01","309.58","2167.06","Paid","2026-05-01 00:00:00","2026-05-15 00:00:00","2026-05-16","2026-05-15"
"1518","127","2026-06-01","422.96","2960.72","Paid","2026-06-01 00:00:00","2026-06-13 00:00:00","2026-06-16","2026-06-13"
"1519","127","2026-07-01","796.6","5974.5","Overdue","2026-07-03 00:00:00","2026-07-18 00:00:00","2026-07-16","2026-07-18"
"1520","127","2026-08-01","469.47","3521.03","Pending","2026-08-03 00:00:00","2026-08-13 00:00:00","2026-08-16",""
"1521","127","2026-09-01","471.22","3298.54","Overdue","2026-09-01 00:00:00","2026-09-19 00:00:00","2026-09-16","2026-09-19"
"1522","127","2026-10-01","732.48","5127.36","Pending","2026-10-02 00:00:00","2026-10-12 00:00:00","2026-10-16",""
"1523","127","2026-11-01","262.82","1708.33","Paid","2026-11-02 00:00:00","2026-11-11 00:00:00","2026-11-16","2026-11-11"
"1524","127","2026-12-01","316.6","1899.6","Overdue","2026-12-01 00:00:00","2026-12-24 00:00:00","2026-12-16","2026-12-24"
"1525","128","2026-01-01","497.97","2987.82","Pending","2026-01-03 00:00:00","2026-01-13 00:00:00","2026-01-16",""
"1526","128","2026-02-01","355.7","2134.2","Paid","2026-02-02 00:00:00","2026-02-12 00:00:00","2026-02-16","2026-02-12"
"1527","128","2026-03-01","791.9","5939.25","Paid","2026-03-01 00:00:00","2026-03-16 00:00:00","2026-03-16","2026-03-16"
"1528","128","2026-04-01","871.76","5230.56","Paid","2026-04-01 00:00:00","2026-04-13 00:00:00","2026-04-16","2026-04-13"
"1529","128","2026-05-01","292.13","1752.78","Paid","2026-05-02 00:00:00","2026-05-14 00:00:00","2026-05-16","2026-05-14"
"1530","128","2026-06-01","417.47","3131.03","Pending","2026-06-01 00:00:00","2026-06-11 00:00:00","2026-06-16",""
"1531","128","2026-07-01","804.03","4824.18","Paid","2026-07-02 00:00:00","2026-07-12 00:00:00","2026-07-16","2026-07-12"
"1532","128","2026-08-01","442.21","2432.15","Paid","2026-08-01 00:00:00","2026-08-16 00:00:00","2026-08-16","2026-08-16"
"1533","128","2026-09-01","359.2","2334.8","Paid","2026-09-01 00:00:00","2026-09-13 00:00:00","2026-09-16","2026-09-13"
"1534","128","2026-10-01","458.43","3438.22","Paid","2026-10-03 00:00:00","2026-10-13 00:00:00","2026-10-16","2026-10-13"
"1535","128","2026-11-01","857.73","6432.98","Pending","2026-11-02 00:00:00","2026-11-12 00:00:00","2026-11-16",""
"1536","128","2026-12-01","714.5","4287.0","Pending","2026-12-03 00:00:00","2026-12-13 00:00:00","2026-12-16",""
"1537","129","2026-01-01","538.65","2962.57","Paid","2026-01-03 00:00:00","2026-01-16 00:00:00","2026-01-16","2026-01-16"
"1538","129","2026-02-01","93.59","701.93","Pending","2026-02-03 00:00:00","2026-02-13 00:00:00","2026-02-16",""
"1539","129","2026-03-01","136.49","818.94","Pending","2026-03-01 00:00:00","2026-03-11 00:00:00","2026-03-16",""
"1540","129","2026-04-01","762.99","4577.94","Paid","2026-04-01 00:00:00","2026-04-11 00:00:00","2026-04-16","2026-04-11"
"1541","129","2026-05-01","102.21","766.57","Overdue","2026-05-03 00:00:00","2026-05-23 00:00:00","2026-05-16","2026-05-23"
"1542","129","2026-06-01","892.38","5354.28","Pending","2026-06-02 00:00:00","2026-06-12 00:00:00","2026-06-16",""
"1543","129","2026-07-01","335.26","2179.19","Paid","2026-07-02 00:00:00","2026-07-12 00:00:00","2026-07-16","2026-07-12"
"1544","129","2026-08-01","112.6","788.2","Paid","2026-08-01 00:00:00","2026-08-12 00:00:00","2026-08-16","2026-08-12"
"1545","129","2026-09-01","770.06","5775.45","Overdue","2026-09-01 00:00:00","2026-09-25 00:00:00","2026-09-16","2026-09-25"
"1546","129","2026-10-01","293.36","2200.2","Paid","2026-10-03 00:00:00","2026-10-15 00:00:00","2026-10-16","2026-10-15"
"1547","129","2026-11-01","310.83","2020.39","Pending","2026-11-01 00:00:00","2026-11-11 00:00:00","2026-11-16",""
"1548","129","2026-12-01","320.31","1921.86","Pending","2026-12-01 00:00:00","2026-12-11 00:00:00","2026-12-16",""
"1549","130","2026-01-01","850.07","6375.53","Overdue","2026-01-02 00:00:00","2026-01-22 00:00:00","2026-01-16","2026-01-22"
"1550","130","2026-02-01","145.99","875.94","Overdue","2026-02-03 00:00:00","2026-02-23 00:00:00","2026-02-16","2026-02-23"
"1551","130","2026-03-01","807.94","6059.55","Paid","2026-03-03 00:00:00","2026-03-14 00:00:00","2026-03-16","2026-03-14"
"1552","130","2026-04-01","441.05","2425.78","Paid","2026-04-03 00:00:00","2026-04-11 00:00:00","2026-04-16","2026-04-11"
"1553","130","2026-05-01","804.01","6030.07","Paid","2026-05-01 00:00:00","2026-05-11 00:00:00","2026-05-16","2026-05-11"
"1554","130","2026-06-01","628.08","3454.44","Overdue","2026-06-02 00:00:00","2026-06-18 00:00:00","2026-06-16","2026-06-18"
"1555","130","2026-07-01","648.03","3888.18","Paid","2026-07-01 00:00:00","2026-07-11 00:00:00","2026-07-16","2026-07-11"
"1556","130","2026-08-01","578.23","3758.49","Overdue","2026-08-03 00:00:00","2026-08-18 00:00:00","2026-08-16","2026-08-18"
"1557","130","2026-09-01","350.43","2277.8","Paid","2026-09-03 00:00:00","2026-09-11 00:00:00","2026-09-16","2026-09-11"
"1558","130","2026-10-01","584.48","3214.64","Paid","2026-10-02 00:00:00","2026-10-16 00:00:00","2026-10-16","2026-10-16"
"1559","130","2026-11-01","85.24","554.06","Overdue","2026-11-03 00:00:00","2026-11-24 00:00:00","2026-11-16","2026-11-24"
"1560","130","2026-12-01","556.13","3614.84","Overdue","2026-12-03 00:00:00","2026-12-24 00:00:00","2026-12-16","2026-12-24"
"1561","131","2026-01-01","117.12","644.16","Paid","2026-01-03 00:00:00","2026-01-12 00:00:00","2026-01-16","2026-01-12"
"1562","131","2026-02-01","237.03","1303.66","Paid","2026-02-03 00:00:00","2026-02-14 00:00:00","2026-02-16","2026-02-14"
"1563","131","2026-03-01","876.47","4820.59","Paid","2026-03-03 00:00:00","2026-03-13 00:00:00","2026-03-16","2026-03-13"
"1564","131","2026-04-01","642.82","3535.51","Paid","2026-04-01 00:00:00","2026-04-11 00:00:00","2026-04-16","2026-04-11"
"1565","131","2026-05-01","218.62","1530.34","Paid","2026-05-01 00:00:00","2026-05-15 00:00:00","2026-05-16","2026-05-15"
"1566","131","2026-06-01","723.36","3978.48","Paid","2026-06-01 00:00:00","2026-06-12 00:00:00","2026-06-16","2026-06-12"
"1567","131","2026-07-01","595.79","4468.42","Paid","2026-07-01 00:00:00","2026-07-16 00:00:00","2026-07-16","2026-07-16"
"1568","131","2026-08-01","295.97","1923.81","Paid","2026-08-03 00:00:00","2026-08-13 00:00:00","2026-08-16","2026-08-13"
"1569","131","2026-09-01","739.4","4806.1","Paid","2026-09-02 00:00:00","2026-09-14 00:00:00","2026-09-16","2026-09-14"
"1570","131","2026-10-01","380.01","2280.06","Paid","2026-10-02 00:00:00","2026-10-16 00:00:00","2026-10-16","2026-10-16"
"1571","131","2026-11-01","404.81","2833.67","Overdue","2026-11-03 00:00:00","2026-11-22 00:00:00","2026-11-16","2026-11-22"
"1572","131","2026-12-01","396.63","2776.41","Paid","2026-12-03 00:00:00","2026-12-13 00:00:00","2026-12-16","2026-12-13"
"1573","132","2026-01-01","890.81","5344.86","Paid","2026-01-02 00:00:00","2026-01-16 00:00:00","2026-01-16","2026-01-16"
"1574","132","2026-02-01","822.41","5756.87","Overdue","2026-02-03 00:00:00","2026-02-20 00:00:00","2026-02-16","2026-02-20"
"1575","132","2026-03-01","361.03","2166.18","Overdue","2026-03-03 00:00:00","2026-03-26 00:00:00","2026-03-16","2026-03-26"
"1576","132","2026-04-01","760.83","4184.57","Paid","2026-04-01 00:00:00","2026-04-11 00:00:00","2026-04-16","2026-04-11"
"1577","132","2026-05-01","699.42","3846.81","Paid","2026-05-01 00:00:00","2026-05-13 00:00:00","2026-05-16","2026-05-13"
"1578","132","2026-06-01","287.0","2152.5","Paid","2026-06-01 00:00:00","2026-06-12 00:00:00","2026-06-16","2026-06-12"
"1579","132","2026-07-01","718.15","3949.82","Paid","2026-07-01 00:00:00","2026-07-16 00:00:00","2026-07-16","2026-07-16"
"1580","132","2026-08-01","396.34","2972.55","Paid","2026-08-02 00:00:00","2026-08-15 00:00:00","2026-08-16","2026-08-15"
"1581","132","2026-09-01","885.73","6200.11","Pending","2026-09-01 00:00:00","2026-09-11 00:00:00","2026-09-16",""
"1582","132","2026-10-01","693.26","4506.19","Pending","2026-10-02 00:00:00","2026-10-12 00:00:00","2026-10-16",""
"1583","132","2026-11-01","302.24","2266.8","Paid","2026-11-02 00:00:00","2026-11-12 00:00:00","2026-11-16","2026-11-12"
"1584","132","2026-12-01","501.93","3764.47","Overdue","2026-12-02 00:00:00","2026-12-20 00:00:00","2026-12-16","2026-12-20"
"1585","133","2026-01-01","362.44","2718.3","Pending","2026-01-03 00:00:00","2026-01-13 00:00:00","2026-01-16",""
"1586","133","2026-02-01","776.51","5823.82","Paid","2026-02-01 00:00:00","2026-02-11 00:00:00","2026-02-16","2026-02-11"
"1587","133","2026-03-01","573.1","4298.25","Pending","2026-03-01 00:00:00","2026-03-11 00:00:00","2026-03-16",""
"1588","133","2026-04-01","240.42","1682.94","Paid","2026-04-01 00:00:00","2026-04-16 00:00:00","2026-04-16","2026-04-16"
"1589","133","2026-05-01","344.51","2583.82","Pending","2026-05-02 00:00:00","2026-05-12 00:00:00","2026-05-16",""
"1590","133","2026-06-01","728.61","4371.66","Paid","2026-06-03 00:00:00","2026-06-11 00:00:00","2026-06-16","2026-06-11"
"1591","133","2026-07-01","206.73","1137.01","Paid","2026-07-01 00:00:00","2026-07-12 00:00:00","2026-07-16","2026-07-12"
"1592","133","2026-08-01","622.18","4044.17","Paid","2026-08-03 00:00:00","2026-08-12 00:00:00","2026-08-16","2026-08-12"
"1593","133","2026-09-01","713.14","4278.84","Pending","2026-09-02 00:00:00","2026-09-12 00:00:00","2026-09-16",""
"1594","133","2026-10-01","479.28","2875.68","Paid","2026-10-02 00:00:00","2026-10-16 00:00:00","2026-10-16","2026-10-16"
"1595","133","2026-11-01","860.06","6450.45","Pending","2026-11-01 00:00:00","2026-11-11 00:00:00","2026-11-16",""
"1596","133","2026-12-01","128.31","769.86","Paid","2026-12-01 00:00:00","2026-12-13 00:00:00","2026-12-16","2026-12-13"
"1597","134","2026-01-01","268.58","2014.35","Pending","2026-01-01 00:00:00","2026-01-11 00:00:00","2026-01-16",""
"1598","134","2026-02-01","724.56","4709.64","Paid","2026-02-03 00:00:00","2026-02-16 00:00:00","2026-02-16","2026-02-16"
"1599","134","2026-03-01","297.65","1637.07","Paid","2026-03-03 00:00:00","2026-03-11 00:00:00","2026-03-16","2026-03-11"
"1600","134","2026-04-01","712.51","4987.57","Pending","2026-04-01 00:00:00","2026-04-11 00:00:00","2026-04-16",""
"1601","134","2026-05-01","652.1","3912.6","Paid","2026-05-01 00:00:00","2026-05-14 00:00:00","2026-05-16","2026-05-14"
"1602","134","2026-06-01","475.74","2854.44","Pending","2026-06-01 00:00:00","2026-06-11 00:00:00","2026-06-16",""
"1603","134","2026-07-01","269.58","1482.69","Pending","2026-07-02 00:00:00","2026-07-12 00:00:00","2026-07-16",""
"1604","134","2026-08-01","340.7","1873.85","Paid","2026-08-01 00:00:00","2026-08-15 00:00:00","2026-08-16","2026-08-15"
"1605","134","2026-09-01","487.54","3412.78","Paid","2026-09-01 00:00:00","2026-09-14 00:00:00","2026-09-16","2026-09-14"
"1606","134","2026-10-01","82.12","533.78","Paid","2026-10-03 00:00:00","2026-10-13 00:00:00","2026-10-16","2026-10-13"
"1607","134","2026-11-01","161.6","1131.2","Paid","2026-11-03 00:00:00","2026-11-14 00:00:00","2026-11-16","2026-11-14"
"1608","134","2026-12-01","413.46","2480.76","Paid","2026-12-01 00:00:00","2026-12-14 00:00:00","2026-12-16","2026-12-14"
"1609","135","2026-01-01","881.61","4848.86","Overdue","2026-01-03 00:00:00","2026-01-23 00:00:00","2026-01-16","2026-01-23"
"1610","135","2026-02-01","332.4","2493.0","Paid","2026-02-03 00:00:00","2026-02-16 00:00:00","2026-02-16","2026-02-16"
"1611","135","2026-03-01","725.57","4716.2","Paid","2026-03-02 00:00:00","2026-03-15 00:00:00","2026-03-16","2026-03-15"
"1612","135","2026-04-01","242.67","1820.02","Paid","2026-04-02 00:00:00","2026-04-13 00:00:00","2026-04-16","2026-04-13"
"1613","135","2026-05-01","741.84","5192.88","Paid","2026-05-02 00:00:00","2026-05-15 00:00:00","2026-05-16","2026-05-15"
"1614","135","2026-06-01","441.52","2649.12","Overdue","2026-06-01 00:00:00","2026-06-21 00:00:00","2026-06-16","2026-06-21"
"1615","135","2026-07-01","699.54","4547.01","Paid","2026-07-03 00:00:00","2026-07-13 00:00:00","2026-07-16","2026-07-13"
"1616","135","2026-08-01","363.34","1998.37","Paid","2026-08-02 00:00:00","2026-08-12 00:00:00","2026-08-16","2026-08-12"
"1617","135","2026-09-01","709.91","5324.32","Overdue","2026-09-01 00:00:00","2026-09-18 00:00:00","2026-09-16","2026-09-18"
"1618","135","2026-10-01","497.69","2986.14","Paid","2026-10-02 00:00:00","2026-10-12 00:00:00","2026-10-16","2026-10-12"
"1619","135","2026-11-01","317.75","2224.25","Paid","2026-11-01 00:00:00","2026-11-13 00:00:00","2026-11-16","2026-11-13"
"1620","135","2026-12-01","810.45","5673.15","Pending","2026-12-02 00:00:00","2026-12-12 00:00:00","2026-12-16",""
"1621","136","2026-01-01","799.05","4794.3","Pending","2026-01-03 00:00:00","2026-01-13 00:00:00","2026-01-16",""
"1622","136","2026-02-01","266.16","1730.04","Paid","2026-02-03 00:00:00","2026-02-12 00:00:00","2026-02-16","2026-02-12"
"1623","136","2026-03-01","650.04","4225.26","Overdue","2026-03-01 00:00:00","2026-03-21 00:00:00","2026-03-16","2026-03-21"
"1624","136","2026-04-01","580.85","3485.1","Paid","2026-04-03 00:00:00","2026-04-16 00:00:00","2026-04-16","2026-04-16"
"1625","136","2026-05-01","250.92","1505.52","Overdue","2026-05-03 00:00:00","2026-05-24 00:00:00","2026-05-16","2026-05-24"
"1626","136","2026-06-01","316.1","1896.6","Paid","2026-06-03 00:00:00","2026-06-13 00:00:00","2026-06-16","2026-06-13"
"1627","136","2026-07-01","869.95","6089.65","Pending","2026-07-02 00:00:00","2026-07-12 00:00:00","2026-07-16",""
"1628","136","2026-08-01","172.41","948.25","Paid","2026-08-02 00:00:00","2026-08-12 00:00:00","2026-08-16","2026-08-12"
"1629","136","2026-09-01","865.78","4761.79","Overdue","2026-09-03 00:00:00","2026-09-23 00:00:00","2026-09-16","2026-09-23"
"1630","136","2026-10-01","638.89","3833.34","Paid","2026-10-03 00:00:00","2026-10-15 00:00:00","2026-10-16","2026-10-15"
"1631","136","2026-11-01","790.69","4744.14","Pending","2026-11-03 00:00:00","2026-11-13 00:00:00","2026-11-16",""
"1632","136","2026-12-01","872.6","6108.2","Paid","2026-12-01 00:00:00","2026-12-12 00:00:00","2026-12-16","2026-12-12"
"1633","137","2026-01-01","468.03","3276.21","Paid","2026-01-02 00:00:00","2026-01-14 00:00:00","2026-01-16","2026-01-14"
"1634","137","2026-02-01","516.65","3874.88","Overdue","2026-02-03 00:00:00","2026-02-25 00:00:00","2026-02-16","2026-02-25"
"1635","137","2026-03-01","821.1","5747.7","Overdue","2026-03-02 00:00:00","2026-03-17 00:00:00","2026-03-16","2026-03-17"
"1636","137","2026-04-01","739.59","4807.34","Overdue","2026-04-01 00:00:00","2026-04-22 00:00:00","2026-04-16","2026-04-22"
"1637","137","2026-05-01","545.2","2998.6","Pending","2026-05-01 00:00:00","2026-05-11 00:00:00","2026-05-16",""
"1638","137","2026-06-01","584.27","3213.48","Paid","2026-06-01 00:00:00","2026-06-16 00:00:00","2026-06-16","2026-06-16"
"1639","137","2026-07-01","829.63","4977.78","Overdue","2026-07-02 00:00:00","2026-07-20 00:00:00","2026-07-16","2026-07-20"
"1640","137","2026-08-01","678.7","3732.85","Pending","2026-08-02 00:00:00","2026-08-12 00:00:00","2026-08-16",""
"1641","137","2026-09-01","600.28","3301.54","Paid","2026-09-01 00:00:00","2026-09-14 00:00:00","2026-09-16","2026-09-14"
"1642","137","2026-10-01","456.25","2509.38","Paid","2026-10-03 00:00:00","2026-10-14 00:00:00","2026-10-16","2026-10-14"
"1643","137","2026-11-01","678.58","4750.06","Paid","2026-11-03 00:00:00","2026-11-14 00:00:00","2026-11-16","2026-11-14"
"1644","137","2026-12-01","115.18","748.67","Pending","2026-12-01 00:00:00","2026-12-11 00:00:00","2026-12-16",""
"1645","138","2026-01-01","698.79","5240.92","Overdue","2026-01-02 00:00:00","2026-01-17 00:00:00","2026-01-16","2026-01-17"
"1646","138","2026-02-01","773.97","5804.78","Paid","2026-02-03 00:00:00","2026-02-15 00:00:00","2026-02-16","2026-02-15"
"1647","138","2026-03-01","453.81","3403.57","Paid","2026-03-02 00:00:00","2026-03-11 00:00:00","2026-03-16","2026-03-11"
"1648","138","2026-04-01","499.27","2745.98","Paid","2026-04-01 00:00:00","2026-04-14 00:00:00","2026-04-16","2026-04-14"
"1649","138","2026-05-01","807.62","5249.53","Pending","2026-05-02 00:00:00","2026-05-12 00:00:00","2026-05-16",""
"1650","138","2026-06-01","109.44","820.8","Pending","2026-06-01 00:00:00","2026-06-11 00:00:00","2026-06-16",""
"1651","138","2026-07-01","541.38","4060.35","Paid","2026-07-02 00:00:00","2026-07-14 00:00:00","2026-07-16","2026-07-14"
"1652","138","2026-08-01","693.69","4508.99","Overdue","2026-08-03 00:00:00","2026-08-25 00:00:00","2026-08-16","2026-08-25"
"1653","138","2026-09-01","199.61","1297.47","Pending","2026-09-01 00:00:00","2026-09-11 00:00:00","2026-09-16",""
"1654","138","2026-10-01","419.33","2725.64","Paid","2026-10-01 00:00:00","2026-10-13 00:00:00","2026-10-16","2026-10-13"
"1655","138","2026-11-01","852.2","4687.1","Paid","2026-11-01 00:00:00","2026-11-15 00:00:00","2026-11-16","2026-11-15"
"1656","138","2026-12-01","668.12","4008.72","Paid","2026-12-03 00:00:00","2026-12-16 00:00:00","2026-12-16","2026-12-16"
"1657","139","2026-01-01","729.94","5109.58","Pending","2026-01-02 00:00:00","2026-01-12 00:00:00","2026-01-16",""
"1658","139","2026-02-01","91.93","689.48","Paid","2026-02-02 00:00:00","2026-02-13 00:00:00","2026-02-16","2026-02-13"
"1659","139","2026-03-01","170.59","1108.84","Paid","2026-03-02 00:00:00","2026-03-13 00:00:00","2026-03-16","2026-03-13"
"1660","139","2026-04-01","819.82","5328.83","Paid","2026-04-01 00:00:00","2026-04-16 00:00:00","2026-04-16","2026-04-16"
"1661","139","2026-05-01","376.26","2257.56","Pending","2026-05-02 00:00:00","2026-05-12 00:00:00","2026-05-16",""
"1662","139","2026-06-01","739.05","4803.82","Paid","2026-06-02 00:00:00","2026-06-15 00:00:00","2026-06-16","2026-06-15"
"1663","139","2026-07-01","504.07","3024.42","Paid","2026-07-01 00:00:00","2026-07-12 00:00:00","2026-07-16","2026-07-12"
"1664","139","2026-08-01","317.03","2060.69","Overdue","2026-08-01 00:00:00","2026-08-25 00:00:00","2026-08-16","2026-08-25"
"1665","139","2026-09-01","359.28","2694.6","Pending","2026-09-02 00:00:00","2026-09-12 00:00:00","2026-09-16",""
"1666","139","2026-10-01","510.56","2808.08","Paid","2026-10-02 00:00:00","2026-10-13 00:00:00","2026-10-16","2026-10-13"
"1667","139","2026-11-01","635.54","4131.01","Overdue","2026-11-01 00:00:00","2026-11-24 00:00:00","2026-11-16","2026-11-24"
"1668","139","2026-12-01","508.72","3815.4","Overdue","2026-12-03 00:00:00","2026-12-24 00:00:00","2026-12-16","2026-12-24"
"1669","140","2026-01-01","142.84","1071.3","Paid","2026-01-02 00:00:00","2026-01-13 00:00:00","2026-01-16","2026-01-13"
"1670","140","2026-02-01","324.2","2107.3","Paid","2026-02-01 00:00:00","2026-02-12 00:00:00","2026-02-16","2026-02-12"
"1671","140","2026-03-01","82.73","579.11","Pending","2026-03-03 00:00:00","2026-03-13 00:00:00","2026-03-16",""
"1672","140","2026-04-01","796.44","5176.86","Pending","2026-04-02 00:00:00","2026-04-12 00:00:00","2026-04-16",""
"1673","140","2026-05-01","333.6","2335.2","Overdue","2026-05-03 00:00:00","2026-05-20 00:00:00","2026-05-16","2026-05-20"
"1674","140","2026-06-01","566.8","3684.2","Paid","2026-06-01 00:00:00","2026-06-14 00:00:00","2026-06-16","2026-06-14"
"1675","140","2026-07-01","683.76","4444.44","Paid","2026-07-01 00:00:00","2026-07-15 00:00:00","2026-07-16","2026-07-15"
"1676","140","2026-08-01","800.17","5601.19","Paid","2026-08-01 00:00:00","2026-08-12 00:00:00","2026-08-16","2026-08-12"
"1677","140","2026-09-01","764.13","4584.78","Paid","2026-09-03 00:00:00","2026-09-11 00:00:00","2026-09-16","2026-09-11"
"1678","140","2026-10-01","874.34","6557.55","Paid","2026-10-02 00:00:00","2026-10-15 00:00:00","2026-10-16","2026-10-15"
"1679","140","2026-11-01","862.45","5605.93","Pending","2026-11-02 00:00:00","2026-11-12 00:00:00","2026-11-16",""
"1680","140","2026-12-01","298.7","2240.25","Overdue","2026-12-02 00:00:00","2026-12-18 00:00:00","2026-12-16","2026-12-18"
"1681","141","2026-01-01","377.49","2642.43","Paid","2026-01-02 00:00:00","2026-01-13 00:00:00","2026-01-16","2026-01-13"
"1682","141","2026-02-01","769.12","5768.4","Paid","2026-02-01 00:00:00","2026-02-13 00:00:00","2026-02-16","2026-02-13"
"1683","141","2026-03-01","831.55","5405.07","Paid","2026-03-03 00:00:00","2026-03-14 00:00:00","2026-03-16","2026-03-14"
"1684","141","2026-04-01","651.77","4236.51","Paid","2026-04-02 00:00:00","2026-04-14 00:00:00","2026-04-16","2026-04-14"
"1685","141","2026-05-01","236.98","1658.86","Overdue","2026-05-01 00:00:00","2026-05-18 00:00:00","2026-05-16","2026-05-18"
"1686","141","2026-06-01","110.62","608.41","Pending","2026-06-01 00:00:00","2026-06-11 00:00:00","2026-06-16",""
"1687","141","2026-07-01","694.98","4517.37","Paid","2026-07-02 00:00:00","2026-07-15 00:00:00","2026-07-16","2026-07-15"
"1688","141","2026-08-01","833.28","5416.32","Paid","2026-08-03 00:00:00","2026-08-12 00:00:00","2026-08-16","2026-08-12"
"1689","141","2026-09-01","269.03","1883.21","Paid","2026-09-02 00:00:00","2026-09-16 00:00:00","2026-09-16","2026-09-16"
"1690","141","2026-10-01","502.28","3515.96","Paid","2026-10-02 00:00:00","2026-10-12 00:00:00","2026-10-16","2026-10-12"
"1691","141","2026-11-01","522.75","3659.25","Pending","2026-11-01 00:00:00","2026-11-11 00:00:00","2026-11-16",""
"1692","141","2026-12-01","650.98","4231.37","Paid","2026-12-01 00:00:00","2026-12-15 00:00:00","2026-12-16","2026-12-15"
"1693","142","2026-01-01","241.96","1814.7","Paid","2026-01-03 00:00:00","2026-01-15 00:00:00","2026-01-16","2026-01-15"
"1694","142","2026-02-01","469.23","3049.99","Paid","2026-02-03 00:00:00","2026-02-16 00:00:00","2026-02-16","2026-02-16"
"1695","142","2026-03-01","659.8","4618.6","Pending","2026-03-01 00:00:00","2026-03-11 00:00:00","2026-03-16",""
"1696","142","2026-04-01","492.58","3448.06","Overdue","2026-04-01 00:00:00","2026-04-24 00:00:00","2026-04-16","2026-04-24"
"1697","142","2026-05-01","448.76","3365.7","Pending","2026-05-02 00:00:00","2026-05-12 00:00:00","2026-05-16",""
"1698","142","2026-06-01","632.56","4427.92","Pending","2026-06-03 00:00:00","2026-06-13 00:00:00","2026-06-16",""
"1699","142","2026-07-01","188.12","1410.9","Paid","2026-07-03 00:00:00","2026-07-11 00:00:00","2026-07-16","2026-07-11"
"1700","142","2026-08-01","546.21","4096.58","Pending","2026-08-01 00:00:00","2026-08-11 00:00:00","2026-08-16",""
"1701","142","2026-09-01","564.49","3104.7","Overdue","2026-09-03 00:00:00","2026-09-24 00:00:00","2026-09-16","2026-09-24"
"1702","142","2026-10-01","666.55","3666.02","Paid","2026-10-01 00:00:00","2026-10-16 00:00:00","2026-10-16","2026-10-16"
"1703","142","2026-11-01","512.49","3587.43","Overdue","2026-11-03 00:00:00","2026-11-23 00:00:00","2026-11-16","2026-11-23"
"1704","142","2026-12-01","563.86","4228.95","Pending","2026-12-03 00:00:00","2026-12-13 00:00:00","2026-12-16",""
"1705","143","2026-01-01","249.64","1747.48","Paid","2026-01-01 00:00:00","2026-01-13 00:00:00","2026-01-16","2026-01-13"
"1706","143","2026-02-01","162.82","976.92","Paid","2026-02-01 00:00:00","2026-02-16 00:00:00","2026-02-16","2026-02-16"
"1707","143","2026-03-01","679.47","5096.03","Paid","2026-03-03 00:00:00","2026-03-13 00:00:00","2026-03-16","2026-03-13"
"1708","143","2026-04-01","129.49","712.2","Pending","2026-04-01 00:00:00","2026-04-11 00:00:00","2026-04-16",""
"1709","143","2026-05-01","454.51","2954.32","Paid","2026-05-02 00:00:00","2026-05-11 00:00:00","2026-05-16","2026-05-11"
"1710","143","2026-06-01","798.58","5989.35","Paid","2026-06-01 00:00:00","2026-06-14 00:00:00","2026-06-16","2026-06-14"
"1711","143","2026-07-01","574.5","3734.25","Paid","2026-07-03 00:00:00","2026-07-11 00:00:00","2026-07-16","2026-07-11"
"1712","143","2026-08-01","231.91","1739.33","Paid","2026-08-03 00:00:00","2026-08-16 00:00:00","2026-08-16","2026-08-16"
"1713","143","2026-09-01","507.96","3047.76","Paid","2026-09-02 00:00:00","2026-09-12 00:00:00","2026-09-16","2026-09-12"
"1714","143","2026-10-01","633.09","4431.63","Overdue","2026-10-03 00:00:00","2026-10-18 00:00:00","2026-10-16","2026-10-18"
"1715","143","2026-11-01","681.64","4771.48","Paid","2026-11-02 00:00:00","2026-11-12 00:00:00","2026-11-16","2026-11-12"
"1716","143","2026-12-01","309.87","1859.22","Paid","2026-12-02 00:00:00","2026-12-11 00:00:00","2026-12-16","2026-12-11"
"1717","144","2026-01-01","812.78","4876.68","Paid","2026-01-01 00:00:00","2026-01-11 00:00:00","2026-01-16","2026-01-11"
"1718","144","2026-02-01","521.57","3650.99","Paid","2026-02-03 00:00:00","2026-02-15 00:00:00","2026-02-16","2026-02-15"
"1719","144","2026-03-01","686.62","5149.65","Paid","2026-03-01 00:00:00","2026-03-12 00:00:00","2026-03-16","2026-03-12"
"1720","144","2026-04-01","805.25","5234.12","Overdue","2026-04-03 00:00:00","2026-04-24 00:00:00","2026-04-16","2026-04-24"
"1721","144","2026-05-01","786.74","5507.18","Pending","2026-05-03 00:00:00","2026-05-13 00:00:00","2026-05-16",""
"1722","144","2026-06-01","849.61","4672.86","Overdue","2026-06-01 00:00:00","2026-06-19 00:00:00","2026-06-16","2026-06-19"
"1723","144","2026-07-01","600.49","4203.43","Pending","2026-07-02 00:00:00","2026-07-12 00:00:00","2026-07-16",""
"1724","144","2026-08-01","506.71","2786.9","Paid","2026-08-01 00:00:00","2026-08-15 00:00:00","2026-08-16","2026-08-15"
"1725","144","2026-09-01","685.15","3768.32","Pending","2026-09-03 00:00:00","2026-09-13 00:00:00","2026-09-16",""
"1726","144","2026-10-01","661.35","4960.12","Pending","2026-10-03 00:00:00","2026-10-13 00:00:00","2026-10-16",""
"1727","144","2026-11-01","797.47","5981.03","Overdue","2026-11-01 00:00:00","2026-11-24 00:00:00","2026-11-16","2026-11-24"
"1728","144","2026-12-01","285.4","1855.1","Pending","2026-12-03 00:00:00","2026-12-13 00:00:00","2026-12-16",""
"1729","145","2026-01-01","435.96","3051.72","Paid","2026-01-01 00:00:00","2026-01-14 00:00:00","2026-01-16","2026-01-14"
"1730","145","2026-02-01","318.43","2069.8","Paid","2026-02-02 00:00:00","2026-02-16 00:00:00","2026-02-16","2026-02-16"
"1731","145","2026-03-01","863.81","5614.76","Overdue","2026-03-01 00:00:00","2026-03-22 00:00:00","2026-03-16","2026-03-22"
"1732","145","2026-04-01","498.05","3486.35","Pending","2026-04-01 00:00:00","2026-04-11 00:00:00","2026-04-16",""
"1733","145","2026-05-01","197.98","1385.86","Pending","2026-05-02 00:00:00","2026-05-12 00:00:00","2026-05-16",""
"1734","145","2026-06-01","747.92","5609.4","Paid","2026-06-02 00:00:00","2026-06-11 00:00:00","2026-06-16","2026-06-11"
"1735","145","2026-07-01","367.59","2389.34","Paid","2026-07-01 00:00:00","2026-07-13 00:00:00","2026-07-16","2026-07-13"
"1736","145","2026-08-01","404.35","2628.28","Paid","2026-08-01 00:00:00","2026-08-13 00:00:00","2026-08-16","2026-08-13"
"1737","145","2026-09-01","734.06","4037.33","Paid","2026-09-03 00:00:00","2026-09-13 00:00:00","2026-09-16","2026-09-13"
"1738","145","2026-10-01","461.26","3228.82","Pending","2026-10-03 00:00:00","2026-10-13 00:00:00","2026-10-16",""
"1739","145","2026-11-01","650.08","4875.6","Paid","2026-11-01 00:00:00","2026-11-11 00:00:00","2026-11-16","2026-11-11"
"1740","145","2026-12-01","806.2","4434.1","Paid","2026-12-03 00:00:00","2026-12-16 00:00:00","2026-12-16","2026-12-16"
"1741","146","2026-01-01","191.19","1051.55","Paid","2026-01-03 00:00:00","2026-01-16 00:00:00","2026-01-16","2026-01-16"
"1742","146","2026-02-01","258.34","1808.38","Pending","2026-02-03 00:00:00","2026-02-13 00:00:00","2026-02-16",""
"1743","146","2026-03-01","315.75","2368.12","Paid","2026-03-02 00:00:00","2026-03-14 00:00:00","2026-03-16","2026-03-14"
"1744","146","2026-04-01","573.24","4299.3","Overdue","2026-04-02 00:00:00","2026-04-26 00:00:00","2026-04-16","2026-04-26"
"1745","146","2026-05-01","779.98","5069.87","Paid","2026-05-03 00:00:00","2026-05-16 00:00:00","2026-05-16","2026-05-16"
"1746","146","2026-06-01","467.74","3508.05","Overdue","2026-06-01 00:00:00","2026-06-24 00:00:00","2026-06-16","2026-06-24"
"1747","146","2026-07-01","247.41","1855.58","Paid","2026-07-02 00:00:00","2026-07-13 00:00:00","2026-07-16","2026-07-13"
"1748","146","2026-08-01","153.81","845.96","Paid","2026-08-03 00:00:00","2026-08-13 00:00:00","2026-08-16","2026-08-13"
"1749","146","2026-09-01","758.58","4551.48","Overdue","2026-09-01 00:00:00","2026-09-17 00:00:00","2026-09-16","2026-09-17"
"1750","146","2026-10-01","133.17","865.6","Paid","2026-10-01 00:00:00","2026-10-12 00:00:00","2026-10-16","2026-10-12"
"1751","146","2026-11-01","628.37","4084.41","Overdue","2026-11-02 00:00:00","2026-11-18 00:00:00","2026-11-16","2026-11-18"
"1752","146","2026-12-01","243.6","1339.8","Paid","2026-12-03 00:00:00","2026-12-15 00:00:00","2026-12-16","2026-12-15"
"1753","147","2026-01-01","750.0","4500.0","Paid","2026-01-03 00:00:00","2026-01-12 00:00:00","2026-01-16","2026-01-12"
"1754","147","2026-02-01","82.45","577.15","Paid","2026-02-01 00:00:00","2026-02-14 00:00:00","2026-02-16","2026-02-14"
"1755","147","2026-03-01","604.38","3324.09","Paid","2026-03-03 00:00:00","2026-03-12 00:00:00","2026-03-16","2026-03-12"
"1756","147","2026-04-01","618.24","4018.56","Paid","2026-04-01 00:00:00","2026-04-12 00:00:00","2026-04-16","2026-04-12"
"1757","147","2026-05-01","685.39","4455.03","Paid","2026-05-03 00:00:00","2026-05-16 00:00:00","2026-05-16","2026-05-16"
"1758","147","2026-06-01","853.72","6402.9","Paid","2026-06-02 00:00:00","2026-06-14 00:00:00","2026-06-16","2026-06-14"
"1759","147","2026-07-01","606.87","4248.09","Paid","2026-07-03 00:00:00","2026-07-15 00:00:00","2026-07-16","2026-07-15"
"1760","147","2026-08-01","171.55","1200.85","Paid","2026-08-03 00:00:00","2026-08-14 00:00:00","2026-08-16","2026-08-14"
"1761","147","2026-09-01","665.16","3658.38","Paid","2026-09-02 00:00:00","2026-09-14 00:00:00","2026-09-16","2026-09-14"
"1762","147","2026-10-01","747.2","4856.8","Overdue","2026-10-03 00:00:00","2026-10-19 00:00:00","2026-10-16","2026-10-19"
"1763","147","2026-11-01","492.36","3200.34","Overdue","2026-11-03 00:00:00","2026-11-22 00:00:00","2026-11-16","2026-11-22"
"1764","147","2026-12-01","401.36","2608.84","Paid","2026-12-02 00:00:00","2026-12-15 00:00:00","2026-12-16","2026-12-15"
"1765","148","2026-01-01","158.58","951.48","Paid","2026-01-02 00:00:00","2026-01-16 00:00:00","2026-01-16","2026-01-16"
"1766","148","2026-02-01","848.19","5513.24","Paid","2026-02-03 00:00:00","2026-02-14 00:00:00","2026-02-16","2026-02-14"
"1767","148","2026-03-01","159.66","957.96","Paid","2026-03-01 00:00:00","2026-03-12 00:00:00","2026-03-16","2026-03-12"
"1768","148","2026-04-01","213.54","1494.78","Paid","2026-04-02 00:00:00","2026-04-16 00:00:00","2026-04-16","2026-04-16"
"1769","148","2026-05-01","214.94","1182.17","Overdue","2026-05-02 00:00:00","2026-05-19 00:00:00","2026-05-16","2026-05-19"
"1770","148","2026-06-01","528.38","2906.09","Paid","2026-06-01 00:00:00","2026-06-12 00:00:00","2026-06-16","2026-06-12"
"1771","148","2026-07-01","376.67","2825.03","Paid","2026-07-02 00:00:00","2026-07-11 00:00:00","2026-07-16","2026-07-11"
"1772","148","2026-08-01","586.65","4399.88","Paid","2026-08-01 00:00:00","2026-08-13 00:00:00","2026-08-16","2026-08-13"
"1773","148","2026-09-01","506.48","3798.6","Pending","2026-09-01 00:00:00","2026-09-11 00:00:00","2026-09-16",""
"1774","148","2026-10-01","796.93","5976.97","Pending","2026-10-01 00:00:00","2026-10-11 00:00:00","2026-10-16",""
"1775","148","2026-11-01","214.38","1286.28","Paid","2026-11-03 00:00:00","2026-11-11 00:00:00","2026-11-16","2026-11-11"
"1776","148","2026-12-01","617.77","4633.27","Pending","2026-12-03 00:00:00","2026-12-13 00:00:00","2026-12-16",""
"1777","149","2026-01-01","417.61","3132.08","Paid","2026-01-03 00:00:00","2026-01-12 00:00:00","2026-01-16","2026-01-12"
"1778","149","2026-02-01","94.79","710.93","Overdue","2026-02-02 00:00:00","2026-02-20 00:00:00","2026-02-16","2026-02-20"
"1779","149","2026-03-01","224.51","1347.06","Paid","2026-03-02 00:00:00","2026-03-16 00:00:00","2026-03-16","2026-03-16"
"1780","149","2026-04-01","146.68","953.42","Overdue","2026-04-02 00:00:00","2026-04-21 00:00:00","2026-04-16","2026-04-21"
"1781","149","2026-05-01","210.45","1157.47","Paid","2026-05-03 00:00:00","2026-05-16 00:00:00","2026-05-16","2026-05-16"
"1782","149","2026-06-01","459.18","2984.67","Paid","2026-06-02 00:00:00","2026-06-11 00:00:00","2026-06-16","2026-06-11"
"1783","149","2026-07-01","172.4","948.2","Paid","2026-07-02 00:00:00","2026-07-15 00:00:00","2026-07-16","2026-07-15"
"1784","149","2026-08-01","729.11","5468.32","Paid","2026-08-01 00:00:00","2026-08-16 00:00:00","2026-08-16","2026-08-16"
"1785","149","2026-09-01","840.31","6302.32","Paid","2026-09-02 00:00:00","2026-09-14 00:00:00","2026-09-16","2026-09-14"
"1786","149","2026-10-01","859.64","4728.02","Paid","2026-10-01 00:00:00","2026-10-14 00:00:00","2026-10-16","2026-10-14"
"1787","149","2026-11-01","595.09","3570.54","Paid","2026-11-02 00:00:00","2026-11-12 00:00:00","2026-11-16","2026-11-12"
"1788","149","2026-12-01","267.79","1472.85","Pending","2026-12-01 00:00:00","2026-12-11 00:00:00","2026-12-16",""
"1789","150","2026-01-01","420.34","3152.55","Paid","2026-01-02 00:00:00","2026-01-16 00:00:00","2026-01-16","2026-01-16"
"1790","150","2026-02-01","736.25","4049.38","Paid","2026-02-02 00:00:00","2026-02-11 00:00:00","2026-02-16","2026-02-11"
"1791","150","2026-03-01","228.74","1258.07","Overdue","2026-03-03 00:00:00","2026-03-18 00:00:00","2026-03-16","2026-03-18"
"1792","150","2026-04-01","672.95","4037.7","Paid","2026-04-02 00:00:00","2026-04-13 00:00:00","2026-04-16","2026-04-13"
"1793","150","2026-05-01","116.35","756.27","Paid","2026-05-03 00:00:00","2026-05-11 00:00:00","2026-05-16","2026-05-11"
"1794","150","2026-06-01","684.35","5132.62","Pending","2026-06-01 00:00:00","2026-06-11 00:00:00","2026-06-16",""
"1795","150","2026-07-01","542.72","3799.04","Pending","2026-07-01 00:00:00","2026-07-11 00:00:00","2026-07-16",""
"1796","150","2026-08-01","397.17","2184.43","Paid","2026-08-02 00:00:00","2026-08-14 00:00:00","2026-08-16","2026-08-14"
"1797","150","2026-09-01","130.39","912.73","Overdue","2026-09-03 00:00:00","2026-09-23 00:00:00","2026-09-16","2026-09-23"
"1798","150","2026-10-01","881.33","5287.98","Pending","2026-10-01 00:00:00","2026-10-11 00:00:00","2026-10-16",""
"1799","150","2026-11-01","660.83","3634.57","Paid","2026-11-01 00:00:00","2026-11-14 00:00:00","2026-11-16","2026-11-14"
"1800","150","2026-12-01","676.64","4398.16","Paid","2026-12-01 00:00:00","2026-12-15 00:00:00","2026-12-16","2026-12-15"
"1801","151","2026-01-01","247.29","1731.03","Overdue","2026-01-03 00:00:00","2026-01-19 00:00:00","2026-01-16","2026-01-19"
"1802","151","2026-02-01","888.5","6663.75","Paid","2026-02-03 00:00:00","2026-02-16 00:00:00","2026-02-16","2026-02-16"
"1803","151","2026-03-01","150.81","904.86","Paid","2026-03-02 00:00:00","2026-03-16 00:00:00","2026-03-16","2026-03-16"
"1804","151","2026-04-01","108.23","649.38","Paid","2026-04-03 00:00:00","2026-04-13 00:00:00","2026-04-16","2026-04-13"
"1805","151","2026-05-01","228.77","1487.01","Pending","2026-05-03 00:00:00","2026-05-13 00:00:00","2026-05-16",""
"1806","151","2026-06-01","356.97","2320.31","Paid","2026-06-02 00:00:00","2026-06-16 00:00:00","2026-06-16","2026-06-16"
"1807","151","2026-07-01","652.72","4895.4","Paid","2026-07-01 00:00:00","2026-07-15 00:00:00","2026-07-16","2026-07-15"
"1808","151","2026-08-01","687.52","4125.12","Overdue","2026-08-03 00:00:00","2026-08-25 00:00:00","2026-08-16","2026-08-25"
"1809","151","2026-09-01","348.94","1919.17","Pending","2026-09-03 00:00:00","2026-09-13 00:00:00","2026-09-16",""
"1810","151","2026-10-01","765.63","5742.23","Pending","2026-10-01 00:00:00","2026-10-11 00:00:00","2026-10-16",""
"1811","151","2026-11-01","372.39","2606.73","Paid","2026-11-01 00:00:00","2026-11-14 00:00:00","2026-11-16","2026-11-14"
"1812","151","2026-12-01","391.79","2938.43","Pending","2026-12-02 00:00:00","2026-12-12 00:00:00","2026-12-16",""
"1813","152","2026-01-01","895.5","6716.25","Paid","2026-01-02 00:00:00","2026-01-15 00:00:00","2026-01-16","2026-01-15"
"1814","152","2026-02-01","641.42","3527.81","Paid","2026-02-01 00:00:00","2026-02-16 00:00:00","2026-02-16","2026-02-16"
"1815","152","2026-03-01","417.8","2297.9","Overdue","2026-03-02 00:00:00","2026-03-18 00:00:00","2026-03-16","2026-03-18"
"1816","152","2026-04-01","573.89","3156.39","Overdue","2026-04-03 00:00:00","2026-04-24 00:00:00","2026-04-16","2026-04-24"
"1817","152","2026-05-01","454.68","2955.42","Paid","2026-05-03 00:00:00","2026-05-13 00:00:00","2026-05-16","2026-05-13"
"1818","152","2026-06-01","864.02","5616.13","Paid","2026-06-01 00:00:00","2026-06-11 00:00:00","2026-06-16","2026-06-11"
"1819","152","2026-07-01","608.72","3347.96","Overdue","2026-07-02 00:00:00","2026-07-17 00:00:00","2026-07-16","2026-07-17"
"1820","152","2026-08-01","426.67","2346.68","Overdue","2026-08-02 00:00:00","2026-08-23 00:00:00","2026-08-16","2026-08-23"
"1821","152","2026-09-01","584.74","4093.18","Pending","2026-09-01 00:00:00","2026-09-11 00:00:00","2026-09-16",""
"1822","152","2026-10-01","713.75","4996.25","Paid","2026-10-03 00:00:00","2026-10-16 00:00:00","2026-10-16","2026-10-16"
"1823","152","2026-11-01","414.34","2900.38","Overdue","2026-11-02 00:00:00","2026-11-22 00:00:00","2026-11-16","2026-11-22"
"1824","152","2026-12-01","899.15","6743.62","Paid","2026-12-01 00:00:00","2026-12-16 00:00:00","2026-12-16","2026-12-16"
"1825","153","2026-01-01","317.63","1746.96","Overdue","2026-01-01 00:00:00","2026-01-18 00:00:00","2026-01-16","2026-01-18"
"1826","153","2026-02-01","97.55","682.85","Paid","2026-02-01 00:00:00","2026-02-14 00:00:00","2026-02-16","2026-02-14"
"1827","153","2026-03-01","415.95","2911.65","Paid","2026-03-02 00:00:00","2026-03-12 00:00:00","2026-03-16","2026-03-12"
"1828","153","2026-04-01","634.2","4756.5","Pending","2026-04-03 00:00:00","2026-04-13 00:00:00","2026-04-16",""
"1829","153","2026-05-01","254.87","1911.53","Paid","2026-05-01 00:00:00","2026-05-11 00:00:00","2026-05-16","2026-05-11"
"1830","153","2026-06-01","483.12","2898.72","Pending","2026-06-01 00:00:00","2026-06-11 00:00:00","2026-06-16",""
"1831","153","2026-07-01","750.31","4877.01","Overdue","2026-07-02 00:00:00","2026-07-18 00:00:00","2026-07-16","2026-07-18"
"1832","153","2026-08-01","283.96","1987.72","Paid","2026-08-01 00:00:00","2026-08-11 00:00:00","2026-08-16","2026-08-11"
"1833","153","2026-09-01","891.39","6685.43","Paid","2026-09-02 00:00:00","2026-09-14 00:00:00","2026-09-16","2026-09-14"
"1834","153","2026-10-01","173.08","951.94","Paid","2026-10-02 00:00:00","2026-10-15 00:00:00","2026-10-16","2026-10-15"
"1835","153","2026-11-01","147.27","1104.53","Pending","2026-11-02 00:00:00","2026-11-12 00:00:00","2026-11-16",""
"1836","153","2026-12-01","868.22","5209.32","Overdue","2026-12-02 00:00:00","2026-12-25 00:00:00","2026-12-16","2026-12-25"
"1837","154","2026-01-01","809.59","6071.93","Pending","2026-01-02 00:00:00","2026-01-12 00:00:00","2026-01-16",""
"1838","154","2026-02-01","531.57","2923.64","Overdue","2026-02-03 00:00:00","2026-02-17 00:00:00","2026-02-16","2026-02-17"
"1839","154","2026-03-01","840.21","5881.47","Paid","2026-03-01 00:00:00","2026-03-12 00:00:00","2026-03-16","2026-03-12"
"1840","154","2026-04-01","495.53","2973.18","Pending","2026-04-02 00:00:00","2026-04-12 00:00:00","2026-04-16",""
"1841","154","2026-05-01","183.48","1192.62","Paid","2026-05-02 00:00:00","2026-05-11 00:00:00","2026-05-16","2026-05-11"
"1842","154","2026-06-01","530.41","3978.07","Paid","2026-06-03 00:00:00","2026-06-13 00:00:00","2026-06-16","2026-06-13"
"1843","154","2026-07-01","389.39","2725.73","Paid","2026-07-02 00:00:00","2026-07-16 00:00:00","2026-07-16","2026-07-16"
"1844","154","2026-08-01","288.44","1730.64","Paid","2026-08-03 00:00:00","2026-08-14 00:00:00","2026-08-16","2026-08-14"
"1845","154","2026-09-01","185.46","1205.49","Paid","2026-09-03 00:00:00","2026-09-13 00:00:00","2026-09-16","2026-09-13"
"1846","154","2026-10-01","629.36","4090.84","Paid","2026-10-03 00:00:00","2026-10-15 00:00:00","2026-10-16","2026-10-15"
"1847","154","2026-11-01","493.05","3697.88","Pending","2026-11-02 00:00:00","2026-11-12 00:00:00","2026-11-16",""
"1848","154","2026-12-01","386.92","2708.44","Pending","2026-12-02 00:00:00","2026-12-12 00:00:00","2026-12-16",""
"1849","155","2026-01-01","842.97","5057.82","Paid","2026-01-03 00:00:00","2026-01-11 00:00:00","2026-01-16","2026-01-11"
"1850","155","2026-02-01","269.57","1886.99","Paid","2026-02-03 00:00:00","2026-02-14 00:00:00","2026-02-16","2026-02-14"
"1851","155","2026-03-01","598.16","3289.88","Pending","2026-03-01 00:00:00","2026-03-11 00:00:00","2026-03-16",""
"1852","155","2026-04-01","151.55","1060.85","Paid","2026-04-03 00:00:00","2026-04-15 00:00:00","2026-04-16","2026-04-15"
"1853","155","2026-05-01","116.78","875.85","Paid","2026-05-03 00:00:00","2026-05-13 00:00:00","2026-05-16","2026-05-13"
"1854","155","2026-06-01","391.62","2349.72","Paid","2026-06-03 00:00:00","2026-06-12 00:00:00","2026-06-16","2026-06-12"
"1855","155","2026-07-01","82.58","619.35","Paid","2026-07-02 00:00:00","2026-07-15 00:00:00","2026-07-16","2026-07-15"
"1856","155","2026-08-01","127.84","894.88","Paid","2026-08-03 00:00:00","2026-08-13 00:00:00","2026-08-16","2026-08-13"
"1857","155","2026-09-01","596.18","3875.17","Paid","2026-09-02 00:00:00","2026-09-16 00:00:00","2026-09-16","2026-09-16"
"1858","155","2026-10-01","223.1","1561.7","Pending","2026-10-03 00:00:00","2026-10-13 00:00:00","2026-10-16",""
"1859","155","2026-11-01","547.77","4108.27","Pending","2026-11-02 00:00:00","2026-11-12 00:00:00","2026-11-16",""
"1860","155","2026-12-01","382.59","2104.24","Pending","2026-12-01 00:00:00","2026-12-11 00:00:00","2026-12-16",""
"1861","156","2026-01-01","878.01","4829.06","Pending","2026-01-03 00:00:00","2026-01-13 00:00:00","2026-01-16",""
"1862","156","2026-02-01","804.42","6033.15","Pending","2026-02-01 00:00:00","2026-02-11 00:00:00","2026-02-16",""
"1863","156","2026-03-01","209.03","1567.72","Paid","2026-03-02 00:00:00","2026-03-11 00:00:00","2026-03-16","2026-03-11"
"1864","156","2026-04-01","230.93","1731.98","Overdue","2026-04-02 00:00:00","2026-04-21 00:00:00","2026-04-16","2026-04-21"
"1865","156","2026-05-01","235.55","1295.53","Pending","2026-05-03 00:00:00","2026-05-13 00:00:00","2026-05-16",""
"1866","156","2026-06-01","703.23","4922.61","Overdue","2026-06-03 00:00:00","2026-06-17 00:00:00","2026-06-16","2026-06-17"
"1867","156","2026-07-01","571.8","3144.9","Paid","2026-07-01 00:00:00","2026-07-12 00:00:00","2026-07-16","2026-07-12"
"1868","156","2026-08-01","519.31","3375.51","Paid","2026-08-03 00:00:00","2026-08-11 00:00:00","2026-08-16","2026-08-11"
"1869","156","2026-09-01","774.27","5032.76","Overdue","2026-09-02 00:00:00","2026-09-17 00:00:00","2026-09-16","2026-09-17"
"1870","156","2026-10-01","85.72","557.18","Overdue","2026-10-01 00:00:00","2026-10-22 00:00:00","2026-10-16","2026-10-22"
"1871","156","2026-11-01","628.31","4084.01","Paid","2026-11-03 00:00:00","2026-11-13 00:00:00","2026-11-16","2026-11-13"
"1872","156","2026-12-01","706.87","3887.78","Pending","2026-12-02 00:00:00","2026-12-12 00:00:00","2026-12-16",""
"1873","157","2026-01-01","405.5","2230.25","Overdue","2026-01-01 00:00:00","2026-01-26 00:00:00","2026-01-16","2026-01-26"
"1874","157","2026-02-01","543.75","3262.5","Paid","2026-02-02 00:00:00","2026-02-15 00:00:00","2026-02-16","2026-02-15"
"1875","157","2026-03-01","869.49","6521.18","Paid","2026-03-02 00:00:00","2026-03-14 00:00:00","2026-03-16","2026-03-14"
"1876","157","2026-04-01","310.1","1705.55","Paid","2026-04-02 00:00:00","2026-04-11 00:00:00","2026-04-16","2026-04-11"
"1877","157","2026-05-01","581.36","3778.84","Pending","2026-05-03 00:00:00","2026-05-13 00:00:00","2026-05-16",""
"1878","157","2026-06-01","296.82","1632.51","Paid","2026-06-03 00:00:00","2026-06-13 00:00:00","2026-06-16","2026-06-13"
"1879","157","2026-07-01","276.9","1938.3","Pending","2026-07-02 00:00:00","2026-07-12 00:00:00","2026-07-16",""
"1880","157","2026-08-01","150.37","1052.59","Overdue","2026-08-02 00:00:00","2026-08-18 00:00:00","2026-08-16","2026-08-18"
"1881","157","2026-09-01","752.38","5266.66","Overdue","2026-09-01 00:00:00","2026-09-26 00:00:00","2026-09-16","2026-09-26"
"1882","157","2026-10-01","473.77","3553.27","Paid","2026-10-02 00:00:00","2026-10-13 00:00:00","2026-10-16","2026-10-13"
"1883","157","2026-11-01","434.77","3043.39","Paid","2026-11-01 00:00:00","2026-11-15 00:00:00","2026-11-16","2026-11-15"
"1884","157","2026-12-01","97.55","634.07","Paid","2026-12-01 00:00:00","2026-12-16 00:00:00","2026-12-16","2026-12-16"
"1885","158","2026-01-01","143.18","1002.26","Paid","2026-01-02 00:00:00","2026-01-15 00:00:00","2026-01-16","2026-01-15"
"1886","158","2026-02-01","170.42","1278.15","Paid","2026-02-03 00:00:00","2026-02-14 00:00:00","2026-02-16","2026-02-14"
"1887","158","2026-03-01","639.53","4796.47","Overdue","2026-03-02 00:00:00","2026-03-17 00:00:00","2026-03-16","2026-03-17"
"1888","158","2026-04-01","240.0","1680.0","Paid","2026-04-03 00:00:00","2026-04-11 00:00:00","2026-04-16","2026-04-11"
"1889","158","2026-05-01","811.38","5273.97","Overdue","2026-05-01 00:00:00","2026-05-24 00:00:00","2026-05-16","2026-05-24"
"1890","158","2026-06-01","343.71","2577.82","Paid","2026-06-03 00:00:00","2026-06-13 00:00:00","2026-06-16","2026-06-13"
"1891","158","2026-07-01","502.87","3268.66","Paid","2026-07-03 00:00:00","2026-07-14 00:00:00","2026-07-16","2026-07-14"
"1892","158","2026-08-01","570.97","3711.31","Overdue","2026-08-02 00:00:00","2026-08-26 00:00:00","2026-08-16","2026-08-26"
"1893","158","2026-09-01","198.47","1488.53","Paid","2026-09-02 00:00:00","2026-09-13 00:00:00","2026-09-16","2026-09-13"
"1894","158","2026-10-01","478.5","2631.75","Paid","2026-10-02 00:00:00","2026-10-14 00:00:00","2026-10-16","2026-10-14"
"1895","158","2026-11-01","393.52","2164.36","Paid","2026-11-01 00:00:00","2026-11-16 00:00:00","2026-11-16","2026-11-16"
"1896","158","2026-12-01","134.02","938.14","Paid","2026-12-02 00:00:00","2026-12-11 00:00:00","2026-12-16","2026-12-11"
"1897","159","2026-01-01","105.97","688.8","Pending","2026-01-01 00:00:00","2026-01-11 00:00:00","2026-01-16",""
"1898","159","2026-02-01","871.95","5667.68","Paid","2026-02-01 00:00:00","2026-02-13 00:00:00","2026-02-16","2026-02-13"
"1899","159","2026-03-01","209.86","1154.23","Overdue","2026-03-02 00:00:00","2026-03-19 00:00:00","2026-03-16","2026-03-19"
"1900","159","2026-04-01","171.07","1197.49","Paid","2026-04-03 00:00:00","2026-04-14 00:00:00","2026-04-16","2026-04-14"
"1901","159","2026-05-01","838.81","6291.07","Overdue","2026-05-03 00:00:00","2026-05-26 00:00:00","2026-05-16","2026-05-26"
"1902","159","2026-06-01","579.37","3186.53","Overdue","2026-06-01 00:00:00","2026-06-26 00:00:00","2026-06-16","2026-06-26"
"1903","159","2026-07-01","264.02","1716.13","Paid","2026-07-03 00:00:00","2026-07-11 00:00:00","2026-07-16","2026-07-11"
"1904","159","2026-08-01","666.3","4330.95","Overdue","2026-08-01 00:00:00","2026-08-20 00:00:00","2026-08-16","2026-08-20"
"1905","159","2026-09-01","512.79","3076.74","Paid","2026-09-01 00:00:00","2026-09-13 00:00:00","2026-09-16","2026-09-13"
"1906","159","2026-10-01","509.85","3059.1","Overdue","2026-10-02 00:00:00","2026-10-25 00:00:00","2026-10-16","2026-10-25"
"1907","159","2026-11-01","701.16","4908.12","Paid","2026-11-02 00:00:00","2026-11-16 00:00:00","2026-11-16","2026-11-16"
"1908","159","2026-12-01","159.23","1114.61","Paid","2026-12-01 00:00:00","2026-12-14 00:00:00","2026-12-16","2026-12-14"
"1909","160","2026-01-01","249.61","1372.86","Paid","2026-01-01 00:00:00","2026-01-13 00:00:00","2026-01-16","2026-01-13"
"1910","160","2026-02-01","468.28","3277.96","Paid","2026-02-02 00:00:00","2026-02-12 00:00:00","2026-02-16","2026-02-12"
"1911","160","2026-03-01","688.96","5167.2","Overdue","2026-03-03 00:00:00","2026-03-23 00:00:00","2026-03-16","2026-03-23"
"1912","160","2026-04-01","752.34","5266.38","Paid","2026-04-01 00:00:00","2026-04-15 00:00:00","2026-04-16","2026-04-15"
"1913","160","2026-05-01","715.27","5364.52","Paid","2026-05-02 00:00:00","2026-05-13 00:00:00","2026-05-16","2026-05-13"
"1914","160","2026-06-01","220.44","1322.64","Paid","2026-06-03 00:00:00","2026-06-15 00:00:00","2026-06-16","2026-06-15"
"1915","160","2026-07-01","390.76","2539.94","Paid","2026-07-01 00:00:00","2026-07-16 00:00:00","2026-07-16","2026-07-16"
"1916","160","2026-08-01","540.88","3786.16","Paid","2026-08-01 00:00:00","2026-08-14 00:00:00","2026-08-16","2026-08-14"
"1917","160","2026-09-01","631.4","4735.5","Paid","2026-09-03 00:00:00","2026-09-16 00:00:00","2026-09-16","2026-09-16"
"1918","160","2026-10-01","543.46","3804.22","Pending","2026-10-02 00:00:00","2026-10-12 00:00:00","2026-10-16",""
"1919","160","2026-11-01","705.98","4941.86","Paid","2026-11-02 00:00:00","2026-11-11 00:00:00","2026-11-16","2026-11-11"
"1920","160","2026-12-01","422.96","3172.2","Paid","2026-12-03 00:00:00","2026-12-12 00:00:00","2026-12-16","2026-12-12"
"1921","161","2026-01-01","685.44","4798.08","Paid","2026-01-03 00:00:00","2026-01-13 00:00:00","2026-01-16","2026-01-13"
"1922","161","2026-02-01","864.79","6485.92","Paid","2026-02-02 00:00:00","2026-02-15 00:00:00","2026-02-16","2026-02-15"
"1923","161","2026-03-01","328.23","1805.27","Paid","2026-03-01 00:00:00","2026-03-11 00:00:00","2026-03-16","2026-03-11"
"1924","161","2026-04-01","842.26","4632.43","Paid","2026-04-01 00:00:00","2026-04-16 00:00:00","2026-04-16","2026-04-16"
"1925","161","2026-05-01","421.59","2318.74","Paid","2026-05-03 00:00:00","2026-05-16 00:00:00","2026-05-16","2026-05-16"
"1926","161","2026-06-01","459.81","2988.76","Paid","2026-06-02 00:00:00","2026-06-15 00:00:00","2026-06-16","2026-06-15"
"1927","161","2026-07-01","815.6","6117.0","Overdue","2026-07-01 00:00:00","2026-07-24 00:00:00","2026-07-16","2026-07-24"
"1928","161","2026-08-01","160.62","883.41","Pending","2026-08-03 00:00:00","2026-08-13 00:00:00","2026-08-16",""
"1929","161","2026-09-01","110.83","831.23","Paid","2026-09-03 00:00:00","2026-09-14 00:00:00","2026-09-16","2026-09-14"
"1930","161","2026-10-01","700.37","4902.59","Paid","2026-10-02 00:00:00","2026-10-16 00:00:00","2026-10-16","2026-10-16"
"1931","161","2026-11-01","628.48","3456.64","Overdue","2026-11-03 00:00:00","2026-11-18 00:00:00","2026-11-16","2026-11-18"
"1932","161","2026-12-01","588.23","3823.49","Pending","2026-12-03 00:00:00","2026-12-13 00:00:00","2026-12-16",""
"1933","162","2026-01-01","192.57","1444.27","Paid","2026-01-02 00:00:00","2026-01-15 00:00:00","2026-01-16","2026-01-15"
"1934","162","2026-02-01","91.05","546.3","Paid","2026-02-02 00:00:00","2026-02-15 00:00:00","2026-02-16","2026-02-15"
"1935","162","2026-03-01","814.37","4886.22","Paid","2026-03-03 00:00:00","2026-03-12 00:00:00","2026-03-16","2026-03-12"
"1936","162","2026-04-01","530.67","3449.35","Paid","2026-04-02 00:00:00","2026-04-13 00:00:00","2026-04-16","2026-04-13"
"1937","162","2026-05-01","363.63","1999.96","Paid","2026-05-01 00:00:00","2026-05-11 00:00:00","2026-05-16","2026-05-11"
"1938","162","2026-06-01","857.76","6004.32","Paid","2026-06-03 00:00:00","2026-06-11 00:00:00","2026-06-16","2026-06-11"
"1939","162","2026-07-01","378.53","2460.44","Paid","2026-07-02 00:00:00","2026-07-15 00:00:00","2026-07-16","2026-07-15"
"1940","162","2026-08-01","364.09","2366.59","Overdue","2026-08-02 00:00:00","2026-08-20 00:00:00","2026-08-16","2026-08-20"
"1941","162","2026-09-01","191.0","1432.5","Paid","2026-09-01 00:00:00","2026-09-13 00:00:00","2026-09-16","2026-09-13"
"1942","162","2026-10-01","345.47","2418.29","Paid","2026-10-02 00:00:00","2026-10-13 00:00:00","2026-10-16","2026-10-13"
"1943","162","2026-11-01","848.01","5088.06","Paid","2026-11-02 00:00:00","2026-11-12 00:00:00","2026-11-16","2026-11-12"
"1944","162","2026-12-01","802.83","5619.81","Pending","2026-12-01 00:00:00","2026-12-11 00:00:00","2026-12-16",""
"1945","163","2026-01-01","175.69","1317.67","Paid","2026-01-02 00:00:00","2026-01-14 00:00:00","2026-01-16","2026-01-14"
"1946","163","2026-02-01","327.99","2131.93","Paid","2026-02-03 00:00:00","2026-02-12 00:00:00","2026-02-16","2026-02-12"
"1947","163","2026-03-01","671.28","4698.96","Paid","2026-03-01 00:00:00","2026-03-14 00:00:00","2026-03-16","2026-03-14"
"1948","163","2026-04-01","433.04","2598.24","Paid","2026-04-02 00:00:00","2026-04-13 00:00:00","2026-04-16","2026-04-13"
"1949","163","2026-05-01","224.15","1232.83","Overdue","2026-05-01 00:00:00","2026-05-17 00:00:00","2026-05-16","2026-05-17"
"1950","163","2026-06-01","304.43","1978.8","Pending","2026-06-02 00:00:00","2026-06-12 00:00:00","2026-06-16",""
"1951","163","2026-07-01","222.2","1666.5","Pending","2026-07-03 00:00:00","2026-07-13 00:00:00","2026-07-16",""
"1952","163","2026-08-01","159.11","1193.33","Paid","2026-08-02 00:00:00","2026-08-13 00:00:00","2026-08-16","2026-08-13"
"1953","163","2026-09-01","243.47","1460.82","Paid","2026-09-03 00:00:00","2026-09-13 00:00:00","2026-09-16","2026-09-13"
"1954","163","2026-10-01","116.42","814.94","Pending","2026-10-01 00:00:00","2026-10-11 00:00:00","2026-10-16",""
"1955","163","2026-11-01","86.17","473.94","Paid","2026-11-01 00:00:00","2026-11-12 00:00:00","2026-11-16","2026-11-12"
"1956","163","2026-12-01","395.79","2176.85","Paid","2026-12-02 00:00:00","2026-12-14 00:00:00","2026-12-16","2026-12-14"
"1957","164","2026-01-01","836.7","4601.85","Overdue","2026-01-01 00:00:00","2026-01-24 00:00:00","2026-01-16","2026-01-24"
"1958","164","2026-02-01","149.27","1119.53","Overdue","2026-02-01 00:00:00","2026-02-20 00:00:00","2026-02-16","2026-02-20"
"1959","164","2026-03-01","794.74","4371.07","Pending","2026-03-03 00:00:00","2026-03-13 00:00:00","2026-03-16",""
"1960","164","2026-04-01","202.48","1316.12","Paid","2026-04-03 00:00:00","2026-04-11 00:00:00","2026-04-16","2026-04-11"
"1961","164","2026-05-01","883.74","6186.18","Paid","2026-05-01 00:00:00","2026-05-12 00:00:00","2026-05-16","2026-05-12"
"1962","164","2026-06-01","316.59","2216.13","Pending","2026-06-01 00:00:00","2026-06-11 00:00:00","2026-06-16",""
"1963","164","2026-07-01","247.25","1483.5","Overdue","2026-07-01 00:00:00","2026-07-17 00:00:00","2026-07-16","2026-07-17"
"1964","164","2026-08-01","493.23","3205.99","Paid","2026-08-03 00:00:00","2026-08-16 00:00:00","2026-08-16","2026-08-16"
"1965","164","2026-09-01","193.8","1065.9","Overdue","2026-09-01 00:00:00","2026-09-22 00:00:00","2026-09-16","2026-09-22"
"1966","164","2026-10-01","539.61","3777.27","Paid","2026-10-01 00:00:00","2026-10-14 00:00:00","2026-10-16","2026-10-14"
"1967","164","2026-11-01","474.5","3558.75","Paid","2026-11-02 00:00:00","2026-11-16 00:00:00","2026-11-16","2026-11-16"
"1968","164","2026-12-01","836.21","4599.16","Paid","2026-12-02 00:00:00","2026-12-13 00:00:00","2026-12-16","2026-12-13"
"1969","165","2026-01-01","593.45","4154.15","Overdue","2026-01-03 00:00:00","2026-01-17 00:00:00","2026-01-16","2026-01-17"
"1970","165","2026-02-01","285.49","1855.68","Paid","2026-02-01 00:00:00","2026-02-13 00:00:00","2026-02-16","2026-02-13"
"1971","165","2026-03-01","608.07","4256.49","Paid","2026-03-02 00:00:00","2026-03-14 00:00:00","2026-03-16","2026-03-14"
"1972","165","2026-04-01","186.49","1212.18","Paid","2026-04-03 00:00:00","2026-04-12 00:00:00","2026-04-16","2026-04-12"
"1973","165","2026-05-01","466.75","3267.25","Pending","2026-05-02 00:00:00","2026-05-12 00:00:00","2026-05-16",""
"1974","165","2026-06-01","478.27","2869.62","Paid","2026-06-02 00:00:00","2026-06-12 00:00:00","2026-06-16","2026-06-12"
"1975","165","2026-07-01","701.18","4908.26","Paid","2026-07-01 00:00:00","2026-07-15 00:00:00","2026-07-16","2026-07-15"
"1976","165","2026-08-01","702.54","5269.05","Paid","2026-08-01 00:00:00","2026-08-16 00:00:00","2026-08-16","2026-08-16"
"1977","165","2026-09-01","353.68","2122.08","Pending","2026-09-02 00:00:00","2026-09-12 00:00:00","2026-09-16",""
"1978","165","2026-10-01","892.82","4910.51","Pending","2026-10-01 00:00:00","2026-10-11 00:00:00","2026-10-16",""
"1979","165","2026-11-01","268.75","1881.25","Paid","2026-11-03 00:00:00","2026-11-12 00:00:00","2026-11-16","2026-11-12"
"1980","165","2026-12-01","699.01","3844.55","Pending","2026-12-01 00:00:00","2026-12-11 00:00:00","2026-12-16",""
"1981","166","2026-01-01","869.07","5214.42","Paid","2026-01-03 00:00:00","2026-01-12 00:00:00","2026-01-16","2026-01-12"
"1982","166","2026-02-01","174.33","1133.14","Pending","2026-02-02 00:00:00","2026-02-12 00:00:00","2026-02-16",""
"1983","166","2026-03-01","685.15","4796.05","Overdue","2026-03-01 00:00:00","2026-03-21 00:00:00","2026-03-16","2026-03-21"
"1984","166","2026-04-01","93.69","702.67","Paid","2026-04-01 00:00:00","2026-04-16 00:00:00","2026-04-16","2026-04-16"
"1985","166","2026-05-01","723.53","4341.18","Overdue","2026-05-01 00:00:00","2026-05-18 00:00:00","2026-05-16","2026-05-18"
"1986","166","2026-06-01","434.32","2605.92","Paid","2026-06-01 00:00:00","2026-06-13 00:00:00","2026-06-16","2026-06-13"
"1987","166","2026-07-01","343.07","2401.49","Overdue","2026-07-03 00:00:00","2026-07-22 00:00:00","2026-07-16","2026-07-22"
"1988","166","2026-08-01","881.25","5287.5","Paid","2026-08-01 00:00:00","2026-08-15 00:00:00","2026-08-16","2026-08-15"
"1989","166","2026-09-01","588.56","3825.64","Paid","2026-09-03 00:00:00","2026-09-12 00:00:00","2026-09-16","2026-09-12"
"1990","166","2026-10-01","688.77","4132.62","Pending","2026-10-01 00:00:00","2026-10-11 00:00:00","2026-10-16",""
"1991","166","2026-11-01","717.99","5025.93","Paid","2026-11-03 00:00:00","2026-11-12 00:00:00","2026-11-16","2026-11-12"
"1992","166","2026-12-01","786.8","5114.2","Paid","2026-12-02 00:00:00","2026-12-13 00:00:00","2026-12-16","2026-12-13"
"1993","167","2026-01-01","839.7","5458.05","Overdue","2026-01-02 00:00:00","2026-01-18 00:00:00","2026-01-16","2026-01-18"
"1994","167","2026-02-01","308.76","2161.32","Paid","2026-02-02 00:00:00","2026-02-14 00:00:00","2026-02-16","2026-02-14"
"1995","167","2026-03-01","353.26","2649.45","Overdue","2026-03-02 00:00:00","2026-03-20 00:00:00","2026-03-16","2026-03-20"
"1996","167","2026-04-01","599.83","3598.98","Pending","2026-04-03 00:00:00","2026-04-13 00:00:00","2026-04-16",""
"1997","167","2026-05-01","883.93","4861.61","Paid","2026-05-01 00:00:00","2026-05-15 00:00:00","2026-05-16","2026-05-15"
"1998","167","2026-06-01","426.51","2772.32","Paid","2026-06-03 00:00:00","2026-06-12 00:00:00","2026-06-16","2026-06-12"
"1999","167","2026-07-01","634.15","4439.05","Paid","2026-07-01 00:00:00","2026-07-12 00:00:00","2026-07-16","2026-07-12"
"2000","167","2026-08-01","657.29","4929.67","Paid","2026-08-02 00:00:00","2026-08-13 00:00:00","2026-08-16","2026-08-13"
"2001","167","2026-09-01","281.92","1973.44","Paid","2026-09-01 00:00:00","2026-09-16 00:00:00","2026-09-16","2026-09-16"
"2002","167","2026-10-01","722.55","4335.3","Overdue","2026-10-03 00:00:00","2026-10-23 00:00:00","2026-10-16","2026-10-23"
"2003","167","2026-11-01","93.8","656.6","Paid","2026-11-01 00:00:00","2026-11-12 00:00:00","2026-11-16","2026-11-12"
"2004","167","2026-12-01","389.72","2533.18","Paid","2026-12-02 00:00:00","2026-12-14 00:00:00","2026-12-16","2026-12-14"
"2005","168","2026-01-01","832.65","4579.57","Paid","2026-01-02 00:00:00","2026-01-13 00:00:00","2026-01-16","2026-01-13"
"2006","168","2026-02-01","778.91","4673.46","Paid","2026-02-03 00:00:00","2026-02-16 00:00:00","2026-02-16","2026-02-16"
"2007","168","2026-03-01","857.12","4714.16","Overdue","2026-03-01 00:00:00","2026-03-26 00:00:00","2026-03-16","2026-03-26"
"2008","168","2026-04-01","566.85","3401.1","Paid","2026-04-02 00:00:00","2026-04-16 00:00:00","2026-04-16","2026-04-16"
"2009","168","2026-05-01","191.46","1435.95","Paid","2026-05-02 00:00:00","2026-05-14 00:00:00","2026-05-16","2026-05-14"
"2010","168","2026-06-01","855.14","5985.98","Paid","2026-06-01 00:00:00","2026-06-11 00:00:00","2026-06-16","2026-06-11"
"2011","168","2026-07-01","749.33","5619.98","Pending","2026-07-01 00:00:00","2026-07-11 00:00:00","2026-07-16",""
"2012","168","2026-08-01","762.74","5720.55","Paid","2026-08-01 00:00:00","2026-08-11 00:00:00","2026-08-16","2026-08-11"
"2013","168","2026-09-01","279.68","1678.08","Pending","2026-09-01 00:00:00","2026-09-11 00:00:00","2026-09-16",""
"2014","168","2026-10-01","215.32","1507.24","Overdue","2026-10-02 00:00:00","2026-10-26 00:00:00","2026-10-16","2026-10-26"
"2015","168","2026-11-01","697.62","5232.15","Paid","2026-11-01 00:00:00","2026-11-13 00:00:00","2026-11-16","2026-11-13"
"2016","168","2026-12-01","885.38","5754.97","Overdue","2026-12-02 00:00:00","2026-12-18 00:00:00","2026-12-16","2026-12-18"
"2017","169","2026-01-01","881.52","4848.36","Paid","2026-01-01 00:00:00","2026-01-13 00:00:00","2026-01-16","2026-01-13"
"2018","169","2026-02-01","187.26","1123.56","Paid","2026-02-01 00:00:00","2026-02-15 00:00:00","2026-02-16","2026-02-15"
"2019","169","2026-03-01","518.24","3627.68","Paid","2026-03-02 00:00:00","2026-03-11 00:00:00","2026-03-16","2026-03-11"
"2020","169","2026-04-01","88.37","530.22","Paid","2026-04-03 00:00:00","2026-04-15 00:00:00","2026-04-16","2026-04-15"
"2021","169","2026-05-01","381.11","2477.22","Pending","2026-05-03 00:00:00","2026-05-13 00:00:00","2026-05-16",""
"2022","169","2026-06-01","899.74","6298.18","Paid","2026-06-03 00:00:00","2026-06-15 00:00:00","2026-06-16","2026-06-15"
"2023","169","2026-07-01","269.62","1617.72","Paid","2026-07-03 00:00:00","2026-07-14 00:00:00","2026-07-16","2026-07-14"
"2024","169","2026-08-01","565.33","3674.65","Paid","2026-08-03 00:00:00","2026-08-16 00:00:00","2026-08-16","2026-08-16"
"2025","169","2026-09-01","329.32","1975.92","Paid","2026-09-01 00:00:00","2026-09-13 00:00:00","2026-09-16","2026-09-13"
"2026","169","2026-10-01","462.49","2774.94","Paid","2026-10-01 00:00:00","2026-10-15 00:00:00","2026-10-16","2026-10-15"
"2027","169","2026-11-01","519.03","3373.69","Paid","2026-11-01 00:00:00","2026-11-14 00:00:00","2026-11-16","2026-11-14"
"2028","169","2026-12-01","695.64","4869.48","Overdue","2026-12-01 00:00:00","2026-12-22 00:00:00","2026-12-16","2026-12-22"
"2029","170","2026-01-01","184.99","1387.43","Paid","2026-01-02 00:00:00","2026-01-11 00:00:00","2026-01-16","2026-01-11"
"2030","170","2026-02-01","274.74","1648.44","Paid","2026-02-01 00:00:00","2026-02-12 00:00:00","2026-02-16","2026-02-12"
"2031","170","2026-03-01","129.59","842.34","Paid","2026-03-02 00:00:00","2026-03-13 00:00:00","2026-03-16","2026-03-13"
"2032","170","2026-04-01","263.46","1580.76","Paid","2026-04-02 00:00:00","2026-04-16 00:00:00","2026-04-16","2026-04-16"
"2033","170","2026-05-01","272.56","1635.36","Paid","2026-05-02 00:00:00","2026-05-13 00:00:00","2026-05-16","2026-05-13"
"2034","170","2026-06-01","208.82","1357.33","Paid","2026-06-03 00:00:00","2026-06-13 00:00:00","2026-06-16","2026-06-13"
"2035","170","2026-07-01","864.31","5618.01","Overdue","2026-07-01 00:00:00","2026-07-17 00:00:00","2026-07-16","2026-07-17"
"2036","170","2026-08-01","275.8","1516.9","Pending","2026-08-02 00:00:00","2026-08-12 00:00:00","2026-08-16",""
"2037","170","2026-09-01","357.64","2145.84","Paid","2026-09-01 00:00:00","2026-09-11 00:00:00","2026-09-16","2026-09-11"
"2038","170","2026-10-01","837.58","6281.85","Overdue","2026-10-03 00:00:00","2026-10-26 00:00:00","2026-10-16","2026-10-26"
"2039","170","2026-11-01","665.57","4326.2","Overdue","2026-11-01 00:00:00","2026-11-18 00:00:00","2026-11-16","2026-11-18"
"2040","170","2026-12-01","535.98","3483.87","Overdue","2026-12-03 00:00:00","2026-12-25 00:00:00","2026-12-16","2026-12-25"
"2041","171","2026-01-01","148.32","1112.4","Paid","2026-01-02 00:00:00","2026-01-16 00:00:00","2026-01-16","2026-01-16"
"2042","171","2026-02-01","734.47","4039.59","Pending","2026-02-01 00:00:00","2026-02-11 00:00:00","2026-02-16",""
"2043","171","2026-03-01","308.51","2313.82","Overdue","2026-03-03 00:00:00","2026-03-21 00:00:00","2026-03-16","2026-03-21"
"2044","171","2026-04-01","521.69","2869.3","Paid","2026-04-01 00:00:00","2026-04-16 00:00:00","2026-04-16","2026-04-16"
"2045","171","2026-05-01","781.93","5864.47","Pending","2026-05-03 00:00:00","2026-05-13 00:00:00","2026-05-16",""
"2046","171","2026-06-01","478.83","2633.57","Overdue","2026-06-02 00:00:00","2026-06-18 00:00:00","2026-06-16","2026-06-18"
"2047","171","2026-07-01","606.49","3335.7","Paid","2026-07-02 00:00:00","2026-07-11 00:00:00","2026-07-16","2026-07-11"
"2048","171","2026-08-01","838.34","4610.87","Paid","2026-08-03 00:00:00","2026-08-12 00:00:00","2026-08-16","2026-08-12"
"2049","171","2026-09-01","774.98","5037.37","Paid","2026-09-01 00:00:00","2026-09-11 00:00:00","2026-09-16","2026-09-11"
"2050","171","2026-10-01","675.67","4054.02","Paid","2026-10-02 00:00:00","2026-10-15 00:00:00","2026-10-16","2026-10-15"
"2051","171","2026-11-01","572.54","3721.51","Paid","2026-11-02 00:00:00","2026-11-13 00:00:00","2026-11-16","2026-11-13"
"2052","171","2026-12-01","475.12","2613.16","Overdue","2026-12-01 00:00:00","2026-12-21 00:00:00","2026-12-16","2026-12-21"
"2053","172","2026-01-01","871.67","5665.85","Pending","2026-01-01 00:00:00","2026-01-11 00:00:00","2026-01-16",""
"2054","172","2026-02-01","487.99","2927.94","Paid","2026-02-03 00:00:00","2026-02-15 00:00:00","2026-02-16","2026-02-15"
"2055","172","2026-03-01","272.29","1906.03","Overdue","2026-03-02 00:00:00","2026-03-22 00:00:00","2026-03-16","2026-03-22"
"2056","172","2026-04-01","205.94","1235.64","Pending","2026-04-02 00:00:00","2026-04-12 00:00:00","2026-04-16",""
"2057","172","2026-05-01","777.7","4277.35","Overdue","2026-05-03 00:00:00","2026-05-22 00:00:00","2026-05-16","2026-05-22"
"2058","172","2026-06-01","873.9","5243.4","Paid","2026-06-01 00:00:00","2026-06-14 00:00:00","2026-06-16","2026-06-14"
"2059","172","2026-07-01","692.72","4849.04","Overdue","2026-07-02 00:00:00","2026-07-25 00:00:00","2026-07-16","2026-07-25"
"2060","172","2026-08-01","320.02","1760.11","Paid","2026-08-03 00:00:00","2026-08-13 00:00:00","2026-08-16","2026-08-13"
"2061","172","2026-09-01","759.71","4938.11","Paid","2026-09-02 00:00:00","2026-09-16 00:00:00","2026-09-16","2026-09-16"
"2062","172","2026-10-01","81.25","609.38","Paid","2026-10-01 00:00:00","2026-10-15 00:00:00","2026-10-16","2026-10-15"
"2063","172","2026-11-01","542.71","2984.91","Paid","2026-11-02 00:00:00","2026-11-12 00:00:00","2026-11-16","2026-11-12"
"2064","172","2026-12-01","315.58","2209.06","Paid","2026-12-03 00:00:00","2026-12-11 00:00:00","2026-12-16","2026-12-11"
"2065","173","2026-01-01","589.7","4127.9","Overdue","2026-01-02 00:00:00","2026-01-24 00:00:00","2026-01-16","2026-01-24"
"2066","173","2026-02-01","269.63","2022.22","Pending","2026-02-02 00:00:00","2026-02-12 00:00:00","2026-02-16",""
"2067","173","2026-03-01","223.51","1564.57","Paid","2026-03-03 00:00:00","2026-03-16 00:00:00","2026-03-16","2026-03-16"
"2068","173","2026-04-01","418.71","2930.97","Paid","2026-04-01 00:00:00","2026-04-13 00:00:00","2026-04-16","2026-04-13"
"2069","173","2026-05-01","682.28","3752.54","Pending","2026-05-01 00:00:00","2026-05-11 00:00:00","2026-05-16",""
"2070","173","2026-06-01","132.02","990.15","Pending","2026-06-01 00:00:00","2026-06-11 00:00:00","2026-06-16",""
"2071","173","2026-07-01","386.01","2316.06","Paid","2026-07-02 00:00:00","2026-07-15 00:00:00","2026-07-16","2026-07-15"
"2072","173","2026-08-01","848.59","6364.43","Pending","2026-08-01 00:00:00","2026-08-11 00:00:00","2026-08-16",""
"2073","173","2026-09-01","147.6","885.6","Pending","2026-09-01 00:00:00","2026-09-11 00:00:00","2026-09-16",""
"2074","173","2026-10-01","508.22","3811.65","Paid","2026-10-01 00:00:00","2026-10-11 00:00:00","2026-10-16","2026-10-11"
"2075","173","2026-11-01","552.35","3037.93","Overdue","2026-11-03 00:00:00","2026-11-22 00:00:00","2026-11-16","2026-11-22"
"2076","173","2026-12-01","119.15","714.9","Paid","2026-12-02 00:00:00","2026-12-13 00:00:00","2026-12-16","2026-12-13"
"2077","174","2026-01-01","430.72","3230.4","Paid","2026-01-03 00:00:00","2026-01-15 00:00:00","2026-01-16","2026-01-15"
"2078","174","2026-02-01","857.37","6001.59","Paid","2026-02-02 00:00:00","2026-02-15 00:00:00","2026-02-16","2026-02-15"
"2079","174","2026-03-01","185.58","1020.69","Paid","2026-03-03 00:00:00","2026-03-14 00:00:00","2026-03-16","2026-03-14"
"2080","174","2026-04-01","406.76","2643.94","Paid","2026-04-03 00:00:00","2026-04-15 00:00:00","2026-04-16","2026-04-15"
"2081","174","2026-05-01","125.64","942.3","Pending","2026-05-03 00:00:00","2026-05-13 00:00:00","2026-05-16",""
"2082","174","2026-06-01","177.33","1329.98","Pending","2026-06-02 00:00:00","2026-06-12 00:00:00","2026-06-16",""
"2083","174","2026-07-01","803.01","5621.07","Paid","2026-07-02 00:00:00","2026-07-13 00:00:00","2026-07-16","2026-07-13"
"2084","174","2026-08-01","243.59","1826.92","Paid","2026-08-03 00:00:00","2026-08-13 00:00:00","2026-08-16","2026-08-13"
"2085","174","2026-09-01","285.05","1995.35","Paid","2026-09-02 00:00:00","2026-09-14 00:00:00","2026-09-16","2026-09-14"
"2086","174","2026-10-01","494.3","3460.1","Paid","2026-10-03 00:00:00","2026-10-11 00:00:00","2026-10-16","2026-10-11"
"2087","174","2026-11-01","653.13","4245.35","Paid","2026-11-01 00:00:00","2026-11-15 00:00:00","2026-11-16","2026-11-15"
"2088","174","2026-12-01","838.27","5029.62","Overdue","2026-12-02 00:00:00","2026-12-22 00:00:00","2026-12-16","2026-12-22"
"2089","175","2026-01-01","869.97","6089.79","Paid","2026-01-02 00:00:00","2026-01-12 00:00:00","2026-01-16","2026-01-12"
"2090","175","2026-02-01","606.88","4551.6","Paid","2026-02-02 00:00:00","2026-02-13 00:00:00","2026-02-16","2026-02-13"
"2091","175","2026-03-01","297.63","1636.96","Paid","2026-03-01 00:00:00","2026-03-15 00:00:00","2026-03-16","2026-03-15"
"2092","175","2026-04-01","232.26","1625.82","Pending","2026-04-03 00:00:00","2026-04-13 00:00:00","2026-04-16",""
"2093","175","2026-05-01","463.04","3241.28","Paid","2026-05-01 00:00:00","2026-05-12 00:00:00","2026-05-16","2026-05-12"
"2094","175","2026-06-01","168.57","927.13","Overdue","2026-06-03 00:00:00","2026-06-17 00:00:00","2026-06-16","2026-06-17"
"2095","175","2026-07-01","366.95","2568.65","Paid","2026-07-03 00:00:00","2026-07-16 00:00:00","2026-07-16","2026-07-16"
"2096","175","2026-08-01","726.15","5446.12","Overdue","2026-08-03 00:00:00","2026-08-23 00:00:00","2026-08-16","2026-08-23"
"2097","175","2026-09-01","364.27","2549.89","Pending","2026-09-02 00:00:00","2026-09-12 00:00:00","2026-09-16",""
"2098","175","2026-10-01","626.68","3760.08","Overdue","2026-10-02 00:00:00","2026-10-26 00:00:00","2026-10-16","2026-10-26"
"2099","175","2026-11-01","677.15","4401.47","Paid","2026-11-02 00:00:00","2026-11-14 00:00:00","2026-11-16","2026-11-14"
"2100","175","2026-12-01","179.88","1259.16","Pending","2026-12-02 00:00:00","2026-12-12 00:00:00","2026-12-16",""
"2101","176","2026-01-01","228.67","1257.68","Paid","2026-01-02 00:00:00","2026-01-13 00:00:00","2026-01-16","2026-01-13"
"2102","176","2026-02-01","214.72","1180.96","Paid","2026-02-02 00:00:00","2026-02-13 00:00:00","2026-02-16","2026-02-13"
"2103","176","2026-03-01","129.73","908.11","Paid","2026-03-02 00:00:00","2026-03-11 00:00:00","2026-03-16","2026-03-11"
"2104","176","2026-04-01","522.07","3654.49","Paid","2026-04-01 00:00:00","2026-04-12 00:00:00","2026-04-16","2026-04-12"
"2105","176","2026-05-01","299.34","1796.04","Pending","2026-05-02 00:00:00","2026-05-12 00:00:00","2026-05-16",""
"2106","176","2026-06-01","738.16","4059.88","Pending","2026-06-02 00:00:00","2026-06-12 00:00:00","2026-06-16",""
"2107","176","2026-07-01","166.08","1162.56","Pending","2026-07-01 00:00:00","2026-07-11 00:00:00","2026-07-16",""
"2108","176","2026-08-01","331.34","1988.04","Overdue","2026-08-01 00:00:00","2026-08-24 00:00:00","2026-08-16","2026-08-24"
"2109","176","2026-09-01","831.62","4573.91","Overdue","2026-09-01 00:00:00","2026-09-20 00:00:00","2026-09-16","2026-09-20"
"2110","176","2026-10-01","243.3","1581.45","Pending","2026-10-03 00:00:00","2026-10-13 00:00:00","2026-10-16",""
"2111","176","2026-11-01","877.08","5701.02","Paid","2026-11-01 00:00:00","2026-11-13 00:00:00","2026-11-16","2026-11-13"
"2112","176","2026-12-01","118.42","710.52","Overdue","2026-12-03 00:00:00","2026-12-22 00:00:00","2026-12-16","2026-12-22"
"2113","177","2026-01-01","159.52","1196.4","Pending","2026-01-03 00:00:00","2026-01-13 00:00:00","2026-01-16",""
"2114","177","2026-02-01","535.88","3483.22","Paid","2026-02-03 00:00:00","2026-02-13 00:00:00","2026-02-16","2026-02-13"
"2115","177","2026-03-01","265.58","1991.85","Paid","2026-03-02 00:00:00","2026-03-12 00:00:00","2026-03-16","2026-03-12"
"2116","177","2026-04-01","688.67","4476.35","Paid","2026-04-01 00:00:00","2026-04-16 00:00:00","2026-04-16","2026-04-16"
"2117","177","2026-05-01","430.56","2798.64","Paid","2026-05-02 00:00:00","2026-05-12 00:00:00","2026-05-16","2026-05-12"
"2118","177","2026-06-01","169.91","1274.33","Pending","2026-06-03 00:00:00","2026-06-13 00:00:00","2026-06-16",""
"2119","177","2026-07-01","870.9","4789.95","Paid","2026-07-02 00:00:00","2026-07-13 00:00:00","2026-07-16","2026-07-13"
"2120","177","2026-08-01","312.93","2034.05","Paid","2026-08-01 00:00:00","2026-08-15 00:00:00","2026-08-16","2026-08-15"
"2121","177","2026-09-01","523.44","3402.36","Pending","2026-09-02 00:00:00","2026-09-12 00:00:00","2026-09-16",""
"2122","177","2026-10-01","737.49","5162.43","Paid","2026-10-01 00:00:00","2026-10-15 00:00:00","2026-10-16","2026-10-15"
"2123","177","2026-11-01","355.25","2664.38","Pending","2026-11-01 00:00:00","2026-11-11 00:00:00","2026-11-16",""
"2124","177","2026-12-01","572.12","4004.84","Pending","2026-12-01 00:00:00","2026-12-11 00:00:00","2026-12-16",""
"2125","178","2026-01-01","288.06","1728.36","Pending","2026-01-01 00:00:00","2026-01-11 00:00:00","2026-01-16",""
"2126","178","2026-02-01","684.86","4794.02","Pending","2026-02-02 00:00:00","2026-02-12 00:00:00","2026-02-16",""
"2127","178","2026-03-01","802.58","5618.06","Overdue","2026-03-03 00:00:00","2026-03-21 00:00:00","2026-03-16","2026-03-21"
"2128","178","2026-04-01","723.51","4702.81","Paid","2026-04-01 00:00:00","2026-04-16 00:00:00","2026-04-16","2026-04-16"
"2129","178","2026-05-01","319.62","1917.72","Paid","2026-05-01 00:00:00","2026-05-15 00:00:00","2026-05-16","2026-05-15"
"2130","178","2026-06-01","530.43","3447.79","Pending","2026-06-01 00:00:00","2026-06-11 00:00:00","2026-06-16",""
"2131","178","2026-07-01","776.12","5432.84","Paid","2026-07-02 00:00:00","2026-07-13 00:00:00","2026-07-16","2026-07-13"
"2132","178","2026-08-01","393.72","2559.18","Paid","2026-08-03 00:00:00","2026-08-13 00:00:00","2026-08-16","2026-08-13"
"2133","178","2026-09-01","302.3","1813.8","Paid","2026-09-02 00:00:00","2026-09-15 00:00:00","2026-09-16","2026-09-15"
"2134","178","2026-10-01","208.86","1566.45","Paid","2026-10-01 00:00:00","2026-10-14 00:00:00","2026-10-16","2026-10-14"
"2135","178","2026-11-01","722.76","3975.18","Paid","2026-11-03 00:00:00","2026-11-11 00:00:00","2026-11-16","2026-11-11"
"2136","178","2026-12-01","146.94","1028.58","Paid","2026-12-01 00:00:00","2026-12-13 00:00:00","2026-12-16","2026-12-13"
"2137","179","2026-01-01","564.71","3388.26","Paid","2026-01-01 00:00:00","2026-01-13 00:00:00","2026-01-16","2026-01-13"
"2138","179","2026-02-01","830.45","5397.93","Paid","2026-02-01 00:00:00","2026-02-12 00:00:00","2026-02-16","2026-02-12"
"2139","179","2026-03-01","531.82","3456.83","Paid","2026-03-03 00:00:00","2026-03-11 00:00:00","2026-03-16","2026-03-11"
"2140","179","2026-04-01","289.57","1882.2","Overdue","2026-04-02 00:00:00","2026-04-19 00:00:00","2026-04-16","2026-04-19"
"2141","179","2026-05-01","780.88","4294.84","Paid","2026-05-03 00:00:00","2026-05-13 00:00:00","2026-05-16","2026-05-13"
"2142","179","2026-06-01","381.5","2098.25","Pending","2026-06-03 00:00:00","2026-06-13 00:00:00","2026-06-16",""
"2143","179","2026-07-01","401.18","3008.85","Overdue","2026-07-01 00:00:00","2026-07-18 00:00:00","2026-07-16","2026-07-18"
"2144","179","2026-08-01","124.67","810.36","Pending","2026-08-03 00:00:00","2026-08-13 00:00:00","2026-08-16",""
"2145","179","2026-09-01","734.74","4775.81","Paid","2026-09-01 00:00:00","2026-09-15 00:00:00","2026-09-16","2026-09-15"
"2146","179","2026-10-01","136.23","817.38","Paid","2026-10-02 00:00:00","2026-10-12 00:00:00","2026-10-16","2026-10-12"
"2147","179","2026-11-01","489.69","2693.3","Pending","2026-11-01 00:00:00","2026-11-11 00:00:00","2026-11-16",""
"2148","179","2026-12-01","740.07","5550.53","Pending","2026-12-02 00:00:00","2026-12-12 00:00:00","2026-12-16",""
"2149","180","2026-01-01","458.21","2749.26","Paid","2026-01-01 00:00:00","2026-01-16 00:00:00","2026-01-16","2026-01-16"
"2150","180","2026-02-01","172.65","1035.9","Pending","2026-02-03 00:00:00","2026-02-13 00:00:00","2026-02-16",""
"2151","180","2026-03-01","316.58","1741.19","Paid","2026-03-01 00:00:00","2026-03-15 00:00:00","2026-03-16","2026-03-15"
"2152","180","2026-04-01","544.72","3268.32","Paid","2026-04-02 00:00:00","2026-04-13 00:00:00","2026-04-16","2026-04-13"
"2153","180","2026-05-01","328.48","2463.6","Paid","2026-05-01 00:00:00","2026-05-11 00:00:00","2026-05-16","2026-05-11"
"2154","180","2026-06-01","184.22","1013.21","Overdue","2026-06-02 00:00:00","2026-06-19 00:00:00","2026-06-16","2026-06-19"
"2155","180","2026-07-01","580.8","4065.6","Paid","2026-07-03 00:00:00","2026-07-15 00:00:00","2026-07-16","2026-07-15"
"2156","180","2026-08-01","743.66","4833.79","Paid","2026-08-02 00:00:00","2026-08-12 00:00:00","2026-08-16","2026-08-12"
"2157","180","2026-09-01","724.34","5432.55","Paid","2026-09-03 00:00:00","2026-09-13 00:00:00","2026-09-16","2026-09-13"
"2158","180","2026-10-01","287.14","2009.98","Pending","2026-10-03 00:00:00","2026-10-13 00:00:00","2026-10-16",""
"2159","180","2026-11-01","94.67","520.69","Paid","2026-11-02 00:00:00","2026-11-11 00:00:00","2026-11-16","2026-11-11"
"2160","180","2026-12-01","287.34","2155.05","Pending","2026-12-01 00:00:00","2026-12-11 00:00:00","2026-12-16",""
"2161","181","2026-01-01","144.61","1012.27","Paid","2026-01-01 00:00:00","2026-01-15 00:00:00","2026-01-16","2026-01-15"
"2162","181","2026-02-01","256.51","1795.57","Overdue","2026-02-02 00:00:00","2026-02-22 00:00:00","2026-02-16","2026-02-22"
"2163","181","2026-03-01","310.05","2015.33","Paid","2026-03-03 00:00:00","2026-03-11 00:00:00","2026-03-16","2026-03-11"
"2164","181","2026-04-01","585.78","4100.46","Paid","2026-04-02 00:00:00","2026-04-11 00:00:00","2026-04-16","2026-04-11"
"2165","181","2026-05-01","774.95","5424.65","Overdue","2026-05-03 00:00:00","2026-05-26 00:00:00","2026-05-16","2026-05-26"
"2166","181","2026-06-01","846.71","5926.97","Paid","2026-06-02 00:00:00","2026-06-13 00:00:00","2026-06-16","2026-06-13"
"2167","181","2026-07-01","183.08","1098.48","Paid","2026-07-03 00:00:00","2026-07-14 00:00:00","2026-07-16","2026-07-14"
"2168","181","2026-08-01","295.32","1771.92","Overdue","2026-08-03 00:00:00","2026-08-20 00:00:00","2026-08-16","2026-08-20"
"2169","181","2026-09-01","743.69","5577.68","Overdue","2026-09-03 00:00:00","2026-09-20 00:00:00","2026-09-16","2026-09-20"
"2170","181","2026-10-01","386.27","2124.48","Paid","2026-10-03 00:00:00","2026-10-13 00:00:00","2026-10-16","2026-10-13"
"2171","181","2026-11-01","868.58","4777.19","Paid","2026-11-03 00:00:00","2026-11-12 00:00:00","2026-11-16","2026-11-12"
"2172","181","2026-12-01","607.38","4555.35","Paid","2026-12-02 00:00:00","2026-12-13 00:00:00","2026-12-16","2026-12-13"
"2173","182","2026-01-01","598.91","4192.37","Overdue","2026-01-03 00:00:00","2026-01-18 00:00:00","2026-01-16","2026-01-18"
"2174","182","2026-02-01","283.37","1983.59","Pending","2026-02-02 00:00:00","2026-02-12 00:00:00","2026-02-16",""
"2175","182","2026-03-01","229.9","1724.25","Pending","2026-03-02 00:00:00","2026-03-12 00:00:00","2026-03-16",""
"2176","182","2026-04-01","323.11","2100.22","Paid","2026-04-01 00:00:00","2026-04-13 00:00:00","2026-04-16","2026-04-13"
"2177","182","2026-05-01","208.91","1357.91","Paid","2026-05-03 00:00:00","2026-05-14 00:00:00","2026-05-16","2026-05-14"
"2178","182","2026-06-01","189.38","1041.59","Paid","2026-06-03 00:00:00","2026-06-15 00:00:00","2026-06-16","2026-06-15"
"2179","182","2026-07-01","420.59","2313.24","Paid","2026-07-03 00:00:00","2026-07-14 00:00:00","2026-07-16","2026-07-14"
"2180","182","2026-08-01","458.9","2982.85","Paid","2026-08-03 00:00:00","2026-08-16 00:00:00","2026-08-16","2026-08-16"
"2181","182","2026-09-01","632.48","4111.12","Paid","2026-09-02 00:00:00","2026-09-11 00:00:00","2026-09-16","2026-09-11"
"2182","182","2026-10-01","168.62","1264.65","Overdue","2026-10-02 00:00:00","2026-10-23 00:00:00","2026-10-16","2026-10-23"
"2183","182","2026-11-01","644.11","3864.66","Paid","2026-11-01 00:00:00","2026-11-16 00:00:00","2026-11-16","2026-11-16"
"2184","182","2026-12-01","786.53","5112.44","Paid","2026-12-02 00:00:00","2026-12-11 00:00:00","2026-12-16","2026-12-11"
"2185","183","2026-01-01","820.44","4922.64","Paid","2026-01-01 00:00:00","2026-01-13 00:00:00","2026-01-16","2026-01-13"
"2186","183","2026-02-01","214.68","1288.08","Paid","2026-02-03 00:00:00","2026-02-13 00:00:00","2026-02-16","2026-02-13"
"2187","183","2026-03-01","490.81","2699.45","Overdue","2026-03-02 00:00:00","2026-03-22 00:00:00","2026-03-16","2026-03-22"
"2188","183","2026-04-01","88.7","576.55","Paid","2026-04-03 00:00:00","2026-04-15 00:00:00","2026-04-16","2026-04-15"
"2189","183","2026-05-01","124.46","871.22","Pending","2026-05-01 00:00:00","2026-05-11 00:00:00","2026-05-16",""
"2190","183","2026-06-01","666.26","4330.69","Paid","2026-06-01 00:00:00","2026-06-12 00:00:00","2026-06-16","2026-06-12"
"2191","183","2026-07-01","673.78","4716.46","Paid","2026-07-03 00:00:00","2026-07-16 00:00:00","2026-07-16","2026-07-16"
"2192","183","2026-08-01","136.76","1025.7","Overdue","2026-08-01 00:00:00","2026-08-19 00:00:00","2026-08-16","2026-08-19"
"2193","183","2026-09-01","259.89","1819.23","Paid","2026-09-02 00:00:00","2026-09-16 00:00:00","2026-09-16","2026-09-16"
"2194","183","2026-10-01","114.04","627.22","Overdue","2026-10-03 00:00:00","2026-10-21 00:00:00","2026-10-16","2026-10-21"
"2195","183","2026-11-01","371.09","2040.99","Paid","2026-11-02 00:00:00","2026-11-16 00:00:00","2026-11-16","2026-11-16"
"2196","183","2026-12-01","223.26","1339.56","Paid","2026-12-03 00:00:00","2026-12-15 00:00:00","2026-12-16","2026-12-15"
"2197","184","2026-01-01","390.32","2732.24","Paid","2026-01-01 00:00:00","2026-01-14 00:00:00","2026-01-16","2026-01-14"
"2198","184","2026-02-01","656.87","3612.78","Paid","2026-02-02 00:00:00","2026-02-15 00:00:00","2026-02-16","2026-02-15"
"2199","184","2026-03-01","375.58","2441.27","Paid","2026-03-01 00:00:00","2026-03-16 00:00:00","2026-03-16","2026-03-16"
"2200","184","2026-04-01","524.85","3673.95","Paid","2026-04-02 00:00:00","2026-04-14 00:00:00","2026-04-16","2026-04-14"
"2201","184","2026-05-01","626.09","4069.59","Paid","2026-05-02 00:00:00","2026-05-12 00:00:00","2026-05-16","2026-05-12"
"2202","184","2026-06-01","713.96","4997.72","Pending","2026-06-01 00:00:00","2026-06-11 00:00:00","2026-06-16",""
"2203","184","2026-07-01","107.21","696.87","Paid","2026-07-02 00:00:00","2026-07-12 00:00:00","2026-07-16","2026-07-12"
"2204","184","2026-08-01","387.71","2713.97","Pending","2026-08-01 00:00:00","2026-08-11 00:00:00","2026-08-16",""
"2205","184","2026-09-01","221.97","1331.82","Overdue","2026-09-01 00:00:00","2026-09-19 00:00:00","2026-09-16","2026-09-19"
"2206","184","2026-10-01","231.51","1389.06","Paid","2026-10-01 00:00:00","2026-10-15 00:00:00","2026-10-16","2026-10-15"
"2207","184","2026-11-01","483.16","2657.38","Overdue","2026-11-03 00:00:00","2026-11-17 00:00:00","2026-11-16","2026-11-17"
"2208","184","2026-12-01","644.89","3546.89","Paid","2026-12-01 00:00:00","2026-12-16 00:00:00","2026-12-16","2026-12-16"
"2209","185","2026-01-01","484.77","2666.23","Pending","2026-01-02 00:00:00","2026-01-12 00:00:00","2026-01-16",""
"2210","185","2026-02-01","196.17","1275.11","Paid","2026-02-02 00:00:00","2026-02-16 00:00:00","2026-02-16","2026-02-16"
"2211","185","2026-03-01","778.0","5835.0","Paid","2026-03-03 00:00:00","2026-03-15 00:00:00","2026-03-16","2026-03-15"
"2212","185","2026-04-01","774.08","4257.44","Paid","2026-04-01 00:00:00","2026-04-13 00:00:00","2026-04-16","2026-04-13"
"2213","185","2026-05-01","483.71","3627.82","Pending","2026-05-01 00:00:00","2026-05-11 00:00:00","2026-05-16",""
"2214","185","2026-06-01","142.02","1065.15","Paid","2026-06-01 00:00:00","2026-06-12 00:00:00","2026-06-16","2026-06-12"
"2215","185","2026-07-01","413.18","3098.85","Paid","2026-07-03 00:00:00","2026-07-15 00:00:00","2026-07-16","2026-07-15"
"2216","185","2026-08-01","259.09","1554.54","Paid","2026-08-01 00:00:00","2026-08-12 00:00:00","2026-08-16","2026-08-12"
"2217","185","2026-09-01","813.14","4878.84","Paid","2026-09-02 00:00:00","2026-09-13 00:00:00","2026-09-16","2026-09-13"
"2218","185","2026-10-01","708.6","3897.3","Paid","2026-10-01 00:00:00","2026-10-16 00:00:00","2026-10-16","2026-10-16"
"2219","185","2026-11-01","267.93","1607.58","Paid","2026-11-02 00:00:00","2026-11-12 00:00:00","2026-11-16","2026-11-12"
"2220","185","2026-12-01","576.95","3173.23","Paid","2026-12-01 00:00:00","2026-12-15 00:00:00","2026-12-16","2026-12-15"
"2221","186","2026-01-01","166.96","1168.72","Paid","2026-01-01 00:00:00","2026-01-13 00:00:00","2026-01-16","2026-01-13"
"2222","186","2026-02-01","440.83","2644.98","Paid","2026-02-02 00:00:00","2026-02-15 00:00:00","2026-02-16","2026-02-15"
"2223","186","2026-03-01","138.05","1035.38","Paid","2026-03-02 00:00:00","2026-03-11 00:00:00","2026-03-16","2026-03-11"
"2224","186","2026-04-01","540.17","2970.93","Paid","2026-04-03 00:00:00","2026-04-15 00:00:00","2026-04-16","2026-04-15"
"2225","186","2026-05-01","620.27","4031.76","Paid","2026-05-03 00:00:00","2026-05-14 00:00:00","2026-05-16","2026-05-14"
"2226","186","2026-06-01","316.63","1741.46","Paid","2026-06-02 00:00:00","2026-06-15 00:00:00","2026-06-16","2026-06-15"
"2227","186","2026-07-01","626.05","3756.3","Overdue","2026-07-02 00:00:00","2026-07-22 00:00:00","2026-07-16","2026-07-22"
"2228","186","2026-08-01","362.61","2719.58","Overdue","2026-08-03 00:00:00","2026-08-19 00:00:00","2026-08-16","2026-08-19"
"2229","186","2026-09-01","587.11","4403.32","Paid","2026-09-02 00:00:00","2026-09-14 00:00:00","2026-09-16","2026-09-14"
"2230","186","2026-10-01","676.79","3722.34","Paid","2026-10-03 00:00:00","2026-10-11 00:00:00","2026-10-16","2026-10-11"
"2231","186","2026-11-01","724.08","5430.6","Pending","2026-11-02 00:00:00","2026-11-12 00:00:00","2026-11-16",""
"2232","186","2026-12-01","804.91","6036.82","Paid","2026-12-03 00:00:00","2026-12-11 00:00:00","2026-12-16","2026-12-11"
"2233","187","2026-01-01","509.59","2802.74","Pending","2026-01-03 00:00:00","2026-01-13 00:00:00","2026-01-16",""
"2234","187","2026-02-01","872.22","6105.54","Paid","2026-02-01 00:00:00","2026-02-12 00:00:00","2026-02-16","2026-02-12"
"2235","187","2026-03-01","820.74","5334.81","Overdue","2026-03-03 00:00:00","2026-03-25 00:00:00","2026-03-16","2026-03-25"
"2236","187","2026-04-01","91.13","637.91","Paid","2026-04-03 00:00:00","2026-04-13 00:00:00","2026-04-16","2026-04-13"
"2237","187","2026-05-01","557.5","3345.0","Pending","2026-05-02 00:00:00","2026-05-12 00:00:00","2026-05-16",""
"2238","187","2026-06-01","337.64","2025.84","Overdue","2026-06-01 00:00:00","2026-06-22 00:00:00","2026-06-16","2026-06-22"
"2239","187","2026-07-01","561.72","4212.9","Overdue","2026-07-03 00:00:00","2026-07-18 00:00:00","2026-07-16","2026-07-18"
"2240","187","2026-08-01","214.5","1501.5","Paid","2026-08-03 00:00:00","2026-08-16 00:00:00","2026-08-16","2026-08-16"
"2241","187","2026-09-01","277.69","1804.98","Overdue","2026-09-01 00:00:00","2026-09-22 00:00:00","2026-09-16","2026-09-22"
"2242","187","2026-10-01","217.82","1524.74","Pending","2026-10-02 00:00:00","2026-10-12 00:00:00","2026-10-16",""
"2243","187","2026-11-01","372.33","2420.14","Overdue","2026-11-01 00:00:00","2026-11-20 00:00:00","2026-11-16","2026-11-20"
"2244","187","2026-12-01","238.26","1548.69","Overdue","2026-12-02 00:00:00","2026-12-22 00:00:00","2026-12-16","2026-12-22"
"2245","188","2026-01-01","132.71","928.97","Pending","2026-01-03 00:00:00","2026-01-13 00:00:00","2026-01-16",""
"2246","188","2026-02-01","448.6","3140.2","Overdue","2026-02-02 00:00:00","2026-02-23 00:00:00","2026-02-16","2026-02-23"
"2247","188","2026-03-01","276.03","1932.21","Paid","2026-03-03 00:00:00","2026-03-13 00:00:00","2026-03-16","2026-03-13"
"2248","188","2026-04-01","744.3","4465.8","Overdue","2026-04-03 00:00:00","2026-04-19 00:00:00","2026-04-16","2026-04-19"
"2249","188","2026-05-01","262.11","1703.72","Paid","2026-05-02 00:00:00","2026-05-16 00:00:00","2026-05-16","2026-05-16"
"2250","188","2026-06-01","242.11","1573.72","Paid","2026-06-02 00:00:00","2026-06-11 00:00:00","2026-06-16","2026-06-11"
"2251","188","2026-07-01","410.06","3075.45","Pending","2026-07-03 00:00:00","2026-07-13 00:00:00","2026-07-16",""
"2252","188","2026-08-01","706.17","4943.19","Paid","2026-08-02 00:00:00","2026-08-16 00:00:00","2026-08-16","2026-08-16"
"2253","188","2026-09-01","337.96","2196.74","Overdue","2026-09-03 00:00:00","2026-09-22 00:00:00","2026-09-16","2026-09-22"
"2254","188","2026-10-01","466.7","2566.85","Paid","2026-10-01 00:00:00","2026-10-14 00:00:00","2026-10-16","2026-10-14"
"2255","188","2026-11-01","523.24","3662.68","Pending","2026-11-02 00:00:00","2026-11-12 00:00:00","2026-11-16",""
"2256","188","2026-12-01","746.9","5228.3","Pending","2026-12-03 00:00:00","2026-12-13 00:00:00","2026-12-16",""
"2257","189","2026-01-01","269.26","1480.93","Pending","2026-01-01 00:00:00","2026-01-11 00:00:00","2026-01-16",""
"2258","189","2026-02-01","167.98","1175.86","Paid","2026-02-03 00:00:00","2026-02-13 00:00:00","2026-02-16","2026-02-13"
"2259","189","2026-03-01","450.45","3153.15","Pending","2026-03-03 00:00:00","2026-03-13 00:00:00","2026-03-16",""
"2260","189","2026-04-01","417.78","3133.35","Pending","2026-04-03 00:00:00","2026-04-13 00:00:00","2026-04-16",""
"2261","189","2026-05-01","499.97","3249.81","Pending","2026-05-01 00:00:00","2026-05-11 00:00:00","2026-05-16",""
"2262","189","2026-06-01","114.65","630.58","Pending","2026-06-03 00:00:00","2026-06-13 00:00:00","2026-06-16",""
"2263","189","2026-07-01","443.81","2884.76","Paid","2026-07-01 00:00:00","2026-07-15 00:00:00","2026-07-16","2026-07-15"
"2264","189","2026-08-01","871.19","5227.14","Overdue","2026-08-01 00:00:00","2026-08-26 00:00:00","2026-08-16","2026-08-26"
"2265","189","2026-09-01","781.45","5860.88","Pending","2026-09-02 00:00:00","2026-09-12 00:00:00","2026-09-16",""
"2266","189","2026-10-01","503.44","3272.36","Paid","2026-10-02 00:00:00","2026-10-11 00:00:00","2026-10-16","2026-10-11"
"2267","189","2026-11-01","156.52","860.86","Paid","2026-11-03 00:00:00","2026-11-16 00:00:00","2026-11-16","2026-11-16"
"2268","189","2026-12-01","518.0","3108.0","Paid","2026-12-02 00:00:00","2026-12-14 00:00:00","2026-12-16","2026-12-14"
"2269","190","2026-01-01","247.18","1730.26","Paid","2026-01-01 00:00:00","2026-01-15 00:00:00","2026-01-16","2026-01-15"
"2270","190","2026-02-01","771.78","5016.57","Paid","2026-02-02 00:00:00","2026-02-16 00:00:00","2026-02-16","2026-02-16"
"2271","190","2026-03-01","399.05","2194.78","Overdue","2026-03-03 00:00:00","2026-03-20 00:00:00","2026-03-16","2026-03-20"
"2272","190","2026-04-01","372.78","2050.29","Overdue","2026-04-03 00:00:00","2026-04-24 00:00:00","2026-04-16","2026-04-24"
"2273","190","2026-05-01","651.73","4887.98","Pending","2026-05-03 00:00:00","2026-05-13 00:00:00","2026-05-16",""
"2274","190","2026-06-01","226.1","1356.6","Paid","2026-06-01 00:00:00","2026-06-11 00:00:00","2026-06-16","2026-06-11"
"2275","190","2026-07-01","852.26","5539.69","Overdue","2026-07-03 00:00:00","2026-07-24 00:00:00","2026-07-16","2026-07-24"
"2276","190","2026-08-01","113.95","740.68","Pending","2026-08-02 00:00:00","2026-08-12 00:00:00","2026-08-16",""
"2277","190","2026-09-01","421.47","3161.03","Overdue","2026-09-03 00:00:00","2026-09-20 00:00:00","2026-09-16","2026-09-20"
"2278","190","2026-10-01","713.22","4992.54","Paid","2026-10-01 00:00:00","2026-10-12 00:00:00","2026-10-16","2026-10-12"
"2279","190","2026-11-01","281.57","1689.42","Pending","2026-11-02 00:00:00","2026-11-12 00:00:00","2026-11-16",""
"2280","190","2026-12-01","388.91","2333.46","Pending","2026-12-03 00:00:00","2026-12-13 00:00:00","2026-12-16",""
"2281","191","2026-01-01","841.9","5893.3","Paid","2026-01-01 00:00:00","2026-01-15 00:00:00","2026-01-16","2026-01-15"
"2282","191","2026-02-01","690.36","4142.16","Paid","2026-02-02 00:00:00","2026-02-16 00:00:00","2026-02-16","2026-02-16"
"2283","191","2026-03-01","526.63","3423.09","Paid","2026-03-02 00:00:00","2026-03-16 00:00:00","2026-03-16","2026-03-16"
"2284","191","2026-04-01","110.34","717.21","Paid","2026-04-01 00:00:00","2026-04-14 00:00:00","2026-04-16","2026-04-14"
"2285","191","2026-05-01","594.11","3267.61","Paid","2026-05-02 00:00:00","2026-05-12 00:00:00","2026-05-16","2026-05-12"
"2286","191","2026-06-01","258.38","1808.66","Overdue","2026-06-03 00:00:00","2026-06-17 00:00:00","2026-06-16","2026-06-17"
"2287","191","2026-07-01","140.13","980.91","Paid","2026-07-01 00:00:00","2026-07-11 00:00:00","2026-07-16","2026-07-11"
"2288","191","2026-08-01","887.43","5324.58","Paid","2026-08-02 00:00:00","2026-08-12 00:00:00","2026-08-16","2026-08-12"
"2289","191","2026-09-01","347.85","2608.88","Overdue","2026-09-03 00:00:00","2026-09-23 00:00:00","2026-09-16","2026-09-23"
"2290","191","2026-10-01","335.57","2013.42","Paid","2026-10-01 00:00:00","2026-10-12 00:00:00","2026-10-16","2026-10-12"
"2291","191","2026-11-01","415.16","2490.96","Paid","2026-11-01 00:00:00","2026-11-13 00:00:00","2026-11-16","2026-11-13"
"2292","191","2026-12-01","481.87","2891.22","Overdue","2026-12-03 00:00:00","2026-12-22 00:00:00","2026-12-16","2026-12-22"
"2293","192","2026-01-01","224.22","1681.65","Overdue","2026-01-03 00:00:00","2026-01-17 00:00:00","2026-01-16","2026-01-17"
"2294","192","2026-02-01","524.18","3931.35","Paid","2026-02-03 00:00:00","2026-02-14 00:00:00","2026-02-16","2026-02-14"
"2295","192","2026-03-01","859.29","5155.74","Pending","2026-03-01 00:00:00","2026-03-11 00:00:00","2026-03-16",""
"2296","192","2026-04-01","568.3","3693.95","Pending","2026-04-03 00:00:00","2026-04-13 00:00:00","2026-04-16",""
"2297","192","2026-05-01","439.75","3298.12","Paid","2026-05-01 00:00:00","2026-05-16 00:00:00","2026-05-16","2026-05-16"
"2298","192","2026-06-01","716.39","5372.93","Overdue","2026-06-03 00:00:00","2026-06-21 00:00:00","2026-06-16","2026-06-21"
"2299","192","2026-07-01","627.69","3452.3","Paid","2026-07-02 00:00:00","2026-07-14 00:00:00","2026-07-16","2026-07-14"
"2300","192","2026-08-01","390.69","2344.14","Overdue","2026-08-01 00:00:00","2026-08-20 00:00:00","2026-08-16","2026-08-20"
"2301","192","2026-09-01","760.98","4565.88","Pending","2026-09-01 00:00:00","2026-09-11 00:00:00","2026-09-16",""
"2302","192","2026-10-01","213.89","1390.28","Paid","2026-10-02 00:00:00","2026-10-13 00:00:00","2026-10-16","2026-10-13"
"2303","192","2026-11-01","286.35","1861.28","Overdue","2026-11-01 00:00:00","2026-11-26 00:00:00","2026-11-16","2026-11-26"
"2304","192","2026-12-01","187.86","1315.02","Paid","2026-12-01 00:00:00","2026-12-12 00:00:00","2026-12-16","2026-12-12"
"2305","193","2026-01-01","766.7","4983.55","Paid","2026-01-01 00:00:00","2026-01-13 00:00:00","2026-01-16","2026-01-13"
"2306","193","2026-02-01","208.96","1567.2","Paid","2026-02-01 00:00:00","2026-02-12 00:00:00","2026-02-16","2026-02-12"
"2307","193","2026-03-01","212.63","1169.46","Overdue","2026-03-02 00:00:00","2026-03-18 00:00:00","2026-03-16","2026-03-18"
"2308","193","2026-04-01","573.39","3153.64","Paid","2026-04-01 00:00:00","2026-04-11 00:00:00","2026-04-16","2026-04-11"
"2309","193","2026-05-01","321.61","1768.86","Paid","2026-05-03 00:00:00","2026-05-14 00:00:00","2026-05-16","2026-05-14"
"2310","193","2026-06-01","241.95","1451.7","Paid","2026-06-01 00:00:00","2026-06-14 00:00:00","2026-06-16","2026-06-14"
"2311","193","2026-07-01","434.77","2826.01","Pending","2026-07-03 00:00:00","2026-07-13 00:00:00","2026-07-16",""
"2312","193","2026-08-01","388.99","2722.93","Paid","2026-08-01 00:00:00","2026-08-13 00:00:00","2026-08-16","2026-08-13"
"2313","193","2026-09-01","348.16","2437.12","Paid","2026-09-02 00:00:00","2026-09-16 00:00:00","2026-09-16","2026-09-16"
"2314","193","2026-10-01","420.64","2313.52","Paid","2026-10-03 00:00:00","2026-10-15 00:00:00","2026-10-16","2026-10-15"
"2315","193","2026-11-01","891.41","6685.57","Pending","2026-11-01 00:00:00","2026-11-11 00:00:00","2026-11-16",""
"2316","193","2026-12-01","529.66","3442.79","Paid","2026-12-02 00:00:00","2026-12-16 00:00:00","2026-12-16","2026-12-16"
"2317","194","2026-01-01","501.9","3262.35","Paid","2026-01-03 00:00:00","2026-01-16 00:00:00","2026-01-16","2026-01-16"
"2318","194","2026-02-01","135.34","744.37","Paid","2026-02-03 00:00:00","2026-02-14 00:00:00","2026-02-16","2026-02-14"
"2319","194","2026-03-01","684.03","4788.21","Paid","2026-03-03 00:00:00","2026-03-13 00:00:00","2026-03-16","2026-03-13"
"2320","194","2026-04-01","448.96","3142.72","Paid","2026-04-01 00:00:00","2026-04-14 00:00:00","2026-04-16","2026-04-14"
"2321","194","2026-05-01","364.4","2004.2","Pending","2026-05-02 00:00:00","2026-05-12 00:00:00","2026-05-16",""
"2322","194","2026-06-01","453.19","2945.74","Pending","2026-06-02 00:00:00","2026-06-12 00:00:00","2026-06-16",""
"2323","194","2026-07-01","751.57","5260.99","Paid","2026-07-03 00:00:00","2026-07-15 00:00:00","2026-07-16","2026-07-15"
"2324","194","2026-08-01","169.47","1271.03","Pending","2026-08-01 00:00:00","2026-08-11 00:00:00","2026-08-16",""
"2325","194","2026-09-01","199.58","1197.48","Paid","2026-09-01 00:00:00","2026-09-11 00:00:00","2026-09-16","2026-09-11"
"2326","194","2026-10-01","769.98","5004.87","Overdue","2026-10-02 00:00:00","2026-10-24 00:00:00","2026-10-16","2026-10-24"
"2327","194","2026-11-01","191.22","1338.54","Paid","2026-11-03 00:00:00","2026-11-11 00:00:00","2026-11-16","2026-11-11"
"2328","194","2026-12-01","811.02","4460.61","Pending","2026-12-02 00:00:00","2026-12-12 00:00:00","2026-12-16",""
"2329","195","2026-01-01","867.53","5638.94","Overdue","2026-01-02 00:00:00","2026-01-18 00:00:00","2026-01-16","2026-01-18"
"2330","195","2026-02-01","493.41","2960.46","Pending","2026-02-03 00:00:00","2026-02-13 00:00:00","2026-02-16",""
"2331","195","2026-03-01","262.77","1839.39","Paid","2026-03-01 00:00:00","2026-03-14 00:00:00","2026-03-16","2026-03-14"
"2332","195","2026-04-01","860.79","4734.34","Overdue","2026-04-02 00:00:00","2026-04-21 00:00:00","2026-04-16","2026-04-21"
"2333","195","2026-05-01","103.81","622.86","Paid","2026-05-02 00:00:00","2026-05-14 00:00:00","2026-05-16","2026-05-14"
"2334","195","2026-06-01","81.71","571.97","Paid","2026-06-01 00:00:00","2026-06-15 00:00:00","2026-06-16","2026-06-15"
"2335","195","2026-07-01","505.33","3789.97","Paid","2026-07-01 00:00:00","2026-07-15 00:00:00","2026-07-16","2026-07-15"
"2336","195","2026-08-01","637.81","4464.67","Paid","2026-08-02 00:00:00","2026-08-15 00:00:00","2026-08-16","2026-08-15"
"2337","195","2026-09-01","86.88","651.6","Paid","2026-09-02 00:00:00","2026-09-11 00:00:00","2026-09-16","2026-09-11"
"2338","195","2026-10-01","194.99","1169.94","Paid","2026-10-01 00:00:00","2026-10-12 00:00:00","2026-10-16","2026-10-12"
"2339","195","2026-11-01","520.23","3641.61","Paid","2026-11-02 00:00:00","2026-11-11 00:00:00","2026-11-16","2026-11-11"
"2340","195","2026-12-01","716.25","4655.62","Paid","2026-12-03 00:00:00","2026-12-15 00:00:00","2026-12-16","2026-12-15"
"2341","196","2026-01-01","869.12","5214.72","Pending","2026-01-02 00:00:00","2026-01-12 00:00:00","2026-01-16",""
"2342","196","2026-02-01","569.1","4268.25","Paid","2026-02-01 00:00:00","2026-02-13 00:00:00","2026-02-16","2026-02-13"
"2343","196","2026-03-01","745.28","5589.6","Paid","2026-03-01 00:00:00","2026-03-13 00:00:00","2026-03-16","2026-03-13"
"2344","196","2026-04-01","850.34","5952.38","Overdue","2026-04-03 00:00:00","2026-04-26 00:00:00","2026-04-16","2026-04-26"
"2345","196","2026-05-01","552.99","3041.45","Paid","2026-05-01 00:00:00","2026-05-14 00:00:00","2026-05-16","2026-05-14"
"2346","196","2026-06-01","327.58","1801.69","Paid","2026-06-03 00:00:00","2026-06-11 00:00:00","2026-06-16","2026-06-11"
"2347","196","2026-07-01","185.34","1019.37","Paid","2026-07-03 00:00:00","2026-07-16 00:00:00","2026-07-16","2026-07-16"
"2348","196","2026-08-01","613.33","3986.65","Paid","2026-08-03 00:00:00","2026-08-13 00:00:00","2026-08-16","2026-08-13"
"2349","196","2026-09-01","237.77","1307.74","Paid","2026-09-03 00:00:00","2026-09-16 00:00:00","2026-09-16","2026-09-16"
"2350","196","2026-10-01","369.57","2586.99","Pending","2026-10-01 00:00:00","2026-10-11 00:00:00","2026-10-16",""
"2351","196","2026-11-01","643.74","4184.31","Pending","2026-11-02 00:00:00","2026-11-12 00:00:00","2026-11-16",""
"2352","196","2026-12-01","392.86","2357.16","Paid","2026-12-01 00:00:00","2026-12-13 00:00:00","2026-12-16","2026-12-13"
"2353","197","2026-01-01","225.27","1238.99","Pending","2026-01-03 00:00:00","2026-01-13 00:00:00","2026-01-16",""
"2354","197","2026-02-01","213.67","1175.18","Paid","2026-02-03 00:00:00","2026-02-12 00:00:00","2026-02-16","2026-02-12"
"2355","197","2026-03-01","692.32","4500.08","Pending","2026-03-03 00:00:00","2026-03-13 00:00:00","2026-03-16",""
"2356","197","2026-04-01","732.51","5493.82","Overdue","2026-04-02 00:00:00","2026-04-23 00:00:00","2026-04-16","2026-04-23"
"2357","197","2026-05-01","807.19","4843.14","Paid","2026-05-03 00:00:00","2026-05-15 00:00:00","2026-05-16","2026-05-15"
"2358","197","2026-06-01","741.98","5193.86","Overdue","2026-06-02 00:00:00","2026-06-18 00:00:00","2026-06-16","2026-06-18"
"2359","197","2026-07-01","631.09","3786.54","Overdue","2026-07-02 00:00:00","2026-07-22 00:00:00","2026-07-16","2026-07-22"
"2360","197","2026-08-01","216.22","1621.65","Overdue","2026-08-03 00:00:00","2026-08-24 00:00:00","2026-08-16","2026-08-24"
"2361","197","2026-09-01","431.48","2588.88","Paid","2026-09-03 00:00:00","2026-09-16 00:00:00","2026-09-16","2026-09-16"
"2362","197","2026-10-01","287.18","1723.08","Paid","2026-10-01 00:00:00","2026-10-11 00:00:00","2026-10-16","2026-10-11"
"2363","197","2026-11-01","879.94","4839.67","Paid","2026-11-01 00:00:00","2026-11-12 00:00:00","2026-11-16","2026-11-12"
"2364","197","2026-12-01","861.65","6031.55","Pending","2026-12-03 00:00:00","2026-12-13 00:00:00","2026-12-16",""
"2365","198","2026-01-01","853.58","6401.85","Pending","2026-01-01 00:00:00","2026-01-11 00:00:00","2026-01-16",""
"2366","198","2026-02-01","300.83","1654.56","Paid","2026-02-01 00:00:00","2026-02-12 00:00:00","2026-02-16","2026-02-12"
"2367","198","2026-03-01","447.13","2682.78","Paid","2026-03-03 00:00:00","2026-03-14 00:00:00","2026-03-16","2026-03-14"
"2368","198","2026-04-01","283.15","2123.62","Paid","2026-04-02 00:00:00","2026-04-16 00:00:00","2026-04-16","2026-04-16"
"2369","198","2026-05-01","259.25","1685.12","Paid","2026-05-03 00:00:00","2026-05-12 00:00:00","2026-05-16","2026-05-12"
"2370","198","2026-06-01","699.61","3847.86","Pending","2026-06-03 00:00:00","2026-06-13 00:00:00","2026-06-16",""
"2371","198","2026-07-01","558.81","3352.86","Paid","2026-07-01 00:00:00","2026-07-14 00:00:00","2026-07-16","2026-07-14"
"2372","198","2026-08-01","110.68","664.08","Overdue","2026-08-02 00:00:00","2026-08-23 00:00:00","2026-08-16","2026-08-23"
"2373","198","2026-09-01","462.92","3008.98","Paid","2026-09-03 00:00:00","2026-09-15 00:00:00","2026-09-16","2026-09-15"
"2374","198","2026-10-01","647.11","4206.22","Paid","2026-10-01 00:00:00","2026-10-12 00:00:00","2026-10-16","2026-10-12"
"2375","198","2026-11-01","617.16","3394.38","Paid","2026-11-01 00:00:00","2026-11-15 00:00:00","2026-11-16","2026-11-15"
"2376","198","2026-12-01","91.64","595.66","Pending","2026-12-02 00:00:00","2026-12-12 00:00:00","2026-12-16",""
"2377","199","2026-01-01","415.95","2703.67","Paid","2026-01-02 00:00:00","2026-01-15 00:00:00","2026-01-16","2026-01-15"
"2378","199","2026-02-01","481.73","2649.52","Pending","2026-02-02 00:00:00","2026-02-12 00:00:00","2026-02-16",""
"2379","199","2026-03-01","644.48","4189.12","Paid","2026-03-02 00:00:00","2026-03-15 00:00:00","2026-03-16","2026-03-15"
"2380","199","2026-04-01","376.59","2071.24","Paid","2026-04-03 00:00:00","2026-04-12 00:00:00","2026-04-16","2026-04-12"
"2381","199","2026-05-01","185.0","1110.0","Paid","2026-05-02 00:00:00","2026-05-16 00:00:00","2026-05-16","2026-05-16"
"2382","199","2026-06-01","142.99","1072.43","Pending","2026-06-03 00:00:00","2026-06-13 00:00:00","2026-06-16",""
"2383","199","2026-07-01","721.12","5408.4","Pending","2026-07-01 00:00:00","2026-07-11 00:00:00","2026-07-16",""
"2384","199","2026-08-01","679.15","3735.32","Pending","2026-08-03 00:00:00","2026-08-13 00:00:00","2026-08-16",""
"2385","199","2026-09-01","427.46","3205.95","Overdue","2026-09-02 00:00:00","2026-09-19 00:00:00","2026-09-16","2026-09-19"
"2386","199","2026-10-01","125.22","813.93","Pending","2026-10-03 00:00:00","2026-10-13 00:00:00","2026-10-16",""
"2387","199","2026-11-01","512.81","2820.45","Overdue","2026-11-03 00:00:00","2026-11-17 00:00:00","2026-11-16","2026-11-17"
"2388","199","2026-12-01","280.79","1684.74","Pending","2026-12-02 00:00:00","2026-12-12 00:00:00","2026-12-16",""
"2389","200","2026-01-01","245.55","1350.53","Pending","2026-01-01 00:00:00","2026-01-11 00:00:00","2026-01-16",""
"2390","200","2026-02-01","320.28","2241.96","Paid","2026-02-02 00:00:00","2026-02-12 00:00:00","2026-02-16","2026-02-12"
"2391","200","2026-03-01","755.75","4912.38","Paid","2026-03-03 00:00:00","2026-03-13 00:00:00","2026-03-16","2026-03-13"
"2392","200","2026-04-01","261.09","1697.08","Paid","2026-04-03 00:00:00","2026-04-15 00:00:00","2026-04-16","2026-04-15"
"2393","200","2026-05-01","253.47","1647.56","Overdue","2026-05-03 00:00:00","2026-05-20 00:00:00","2026-05-16","2026-05-20"
"2394","200","2026-06-01","755.11","4530.66","Pending","2026-06-01 00:00:00","2026-06-11 00:00:00","2026-06-16",""
"2395","200","2026-07-01","891.48","6686.1","Paid","2026-07-01 00:00:00","2026-07-12 00:00:00","2026-07-16","2026-07-12"
"2396","200","2026-08-01","650.23","3901.38","Paid","2026-08-02 00:00:00","2026-08-13 00:00:00","2026-08-16","2026-08-13"
"2397","200","2026-09-01","886.56","6649.2","Paid","2026-09-02 00:00:00","2026-09-16 00:00:00","2026-09-16","2026-09-16"
"2398","200","2026-10-01","252.12","1386.66","Paid","2026-10-02 00:00:00","2026-10-13 00:00:00","2026-10-16","2026-10-13"
"2399","200","2026-11-01","516.59","3616.13","Paid","2026-11-01 00:00:00","2026-11-12 00:00:00","2026-11-16","2026-11-12"
"2400","200","2026-12-01","765.07","5355.49","Paid","2026-12-02 00:00:00","2026-12-13 00:00:00","2026-12-16","2026-12-13"
"2401","201","2026-01-01","127.95","831.68","Overdue","2026-01-03 00:00:00","2026-01-20 00:00:00","2026-01-16","2026-01-20"
"2402","201","2026-02-01","212.77","1383.01","Pending","2026-02-01 00:00:00","2026-02-11 00:00:00","2026-02-16",""
"2403","201","2026-03-01","364.95","2189.7","Pending","2026-03-03 00:00:00","2026-03-13 00:00:00","2026-03-16",""
"2404","201","2026-04-01","645.5","4195.75","Paid","2026-04-01 00:00:00","2026-04-14 00:00:00","2026-04-16","2026-04-14"
"2405","201","2026-05-01","733.21","4399.26","Paid","2026-05-03 00:00:00","2026-05-14 00:00:00","2026-05-16","2026-05-14"
"2406","201","2026-06-01","780.89","4294.89","Pending","2026-06-02 00:00:00","2026-06-12 00:00:00","2026-06-16",""
"2407","201","2026-07-01","873.47","4804.09","Paid","2026-07-01 00:00:00","2026-07-15 00:00:00","2026-07-16","2026-07-15"
"2408","201","2026-08-01","892.91","4911.01","Paid","2026-08-03 00:00:00","2026-08-11 00:00:00","2026-08-16","2026-08-11"
"2409","201","2026-09-01","480.29","3362.03","Paid","2026-09-03 00:00:00","2026-09-14 00:00:00","2026-09-16","2026-09-14"
"2410","201","2026-10-01","406.62","3049.65","Paid","2026-10-02 00:00:00","2026-10-12 00:00:00","2026-10-16","2026-10-12"
"2411","201","2026-11-01","827.46","5792.22","Pending","2026-11-01 00:00:00","2026-11-11 00:00:00","2026-11-16",""
"2412","201","2026-12-01","482.62","2654.41","Pending","2026-12-02 00:00:00","2026-12-12 00:00:00","2026-12-16",""
"2413","202","2026-01-01","473.81","3079.76","Overdue","2026-01-02 00:00:00","2026-01-20 00:00:00","2026-01-16","2026-01-20"
"2414","202","2026-02-01","594.48","4458.6","Paid","2026-02-02 00:00:00","2026-02-16 00:00:00","2026-02-16","2026-02-16"
"2415","202","2026-03-01","480.8","2644.4","Paid","2026-03-01 00:00:00","2026-03-11 00:00:00","2026-03-16","2026-03-11"
"2416","202","2026-04-01","334.0","2505.0","Paid","2026-04-03 00:00:00","2026-04-13 00:00:00","2026-04-16","2026-04-13"
"2417","202","2026-05-01","719.9","4679.35","Paid","2026-05-01 00:00:00","2026-05-13 00:00:00","2026-05-16","2026-05-13"
"2418","202","2026-06-01","157.03","863.66","Pending","2026-06-03 00:00:00","2026-06-13 00:00:00","2026-06-16",""
"2419","202","2026-07-01","423.88","2543.28","Paid","2026-07-02 00:00:00","2026-07-12 00:00:00","2026-07-16","2026-07-12"
"2420","202","2026-08-01","493.65","2715.07","Paid","2026-08-01 00:00:00","2026-08-15 00:00:00","2026-08-16","2026-08-15"
"2421","202","2026-09-01","209.67","1572.52","Paid","2026-09-02 00:00:00","2026-09-13 00:00:00","2026-09-16","2026-09-13"
"2422","202","2026-10-01","694.24","5206.8","Paid","2026-10-02 00:00:00","2026-10-11 00:00:00","2026-10-16","2026-10-11"
"2423","202","2026-11-01","228.0","1368.0","Paid","2026-11-03 00:00:00","2026-11-14 00:00:00","2026-11-16","2026-11-14"
"2424","202","2026-12-01","160.59","1043.84","Paid","2026-12-01 00:00:00","2026-12-13 00:00:00","2026-12-16","2026-12-13"
"2425","203","2026-01-01","481.85","3132.03","Pending","2026-01-03 00:00:00","2026-01-13 00:00:00","2026-01-16",""
"2426","203","2026-02-01","453.2","2492.6","Paid","2026-02-01 00:00:00","2026-02-15 00:00:00","2026-02-16","2026-02-15"
"2427","203","2026-03-01","513.41","3593.87","Overdue","2026-03-02 00:00:00","2026-03-17 00:00:00","2026-03-16","2026-03-17"
"2428","203","2026-04-01","318.79","2390.93","Paid","2026-04-02 00:00:00","2026-04-12 00:00:00","2026-04-16","2026-04-12"
"2429","203","2026-05-01","476.48","3097.12","Pending","2026-05-02 00:00:00","2026-05-12 00:00:00","2026-05-16",""
"2430","203","2026-06-01","409.32","3069.9","Paid","2026-06-02 00:00:00","2026-06-13 00:00:00","2026-06-16","2026-06-13"
"2431","203","2026-07-01","654.76","3601.18","Pending","2026-07-01 00:00:00","2026-07-11 00:00:00","2026-07-16",""
"2432","203","2026-08-01","668.12","4676.84","Paid","2026-08-01 00:00:00","2026-08-13 00:00:00","2026-08-16","2026-08-13"
"2433","203","2026-09-01","206.87","1241.22","Paid","2026-09-03 00:00:00","2026-09-11 00:00:00","2026-09-16","2026-09-11"
"2434","203","2026-10-01","382.72","2296.32","Paid","2026-10-01 00:00:00","2026-10-13 00:00:00","2026-10-16","2026-10-13"
"2435","203","2026-11-01","249.5","1372.25","Paid","2026-11-01 00:00:00","2026-11-12 00:00:00","2026-11-16","2026-11-12"
"2436","203","2026-12-01","163.23","1060.99","Overdue","2026-12-02 00:00:00","2026-12-18 00:00:00","2026-12-16","2026-12-18"
"2437","204","2026-01-01","158.04","1106.28","Overdue","2026-01-01 00:00:00","2026-01-19 00:00:00","2026-01-16","2026-01-19"
"2438","204","2026-02-01","798.64","4791.84","Paid","2026-02-02 00:00:00","2026-02-12 00:00:00","2026-02-16","2026-02-12"
"2439","204","2026-03-01","457.93","2747.58","Paid","2026-03-03 00:00:00","2026-03-14 00:00:00","2026-03-16","2026-03-14"
"2440","204","2026-04-01","898.86","5842.59","Overdue","2026-04-03 00:00:00","2026-04-26 00:00:00","2026-04-16","2026-04-26"
"2441","204","2026-05-01","483.77","3144.51","Paid","2026-05-01 00:00:00","2026-05-16 00:00:00","2026-05-16","2026-05-16"
"2442","204","2026-06-01","811.03","6082.72","Paid","2026-06-01 00:00:00","2026-06-15 00:00:00","2026-06-16","2026-06-15"
"2443","204","2026-07-01","497.89","2738.39","Paid","2026-07-01 00:00:00","2026-07-11 00:00:00","2026-07-16","2026-07-11"
"2444","204","2026-08-01","698.78","4542.07","Paid","2026-08-01 00:00:00","2026-08-16 00:00:00","2026-08-16","2026-08-16"
"2445","204","2026-09-01","646.32","3877.92","Paid","2026-09-03 00:00:00","2026-09-16 00:00:00","2026-09-16","2026-09-16"
"2446","204","2026-10-01","485.17","2668.43","Pending","2026-10-02 00:00:00","2026-10-12 00:00:00","2026-10-16",""
"2447","204","2026-11-01","285.97","1715.82","Paid","2026-11-02 00:00:00","2026-11-14 00:00:00","2026-11-16","2026-11-14"
"2448","204","2026-12-01","535.38","3212.28","Pending","2026-12-02 00:00:00","2026-12-12 00:00:00","2026-12-16",""
"2449","205","2026-01-01","140.55","983.85","Paid","2026-01-02 00:00:00","2026-01-16 00:00:00","2026-01-16","2026-01-16"
"2450","205","2026-02-01","396.65","2379.9","Paid","2026-02-02 00:00:00","2026-02-12 00:00:00","2026-02-16","2026-02-12"
"2451","205","2026-03-01","185.11","1110.66","Paid","2026-03-03 00:00:00","2026-03-15 00:00:00","2026-03-16","2026-03-15"
"2452","205","2026-04-01","312.22","2185.54","Paid","2026-04-02 00:00:00","2026-04-16 00:00:00","2026-04-16","2026-04-16"
"2453","205","2026-05-01","170.89","1110.78","Pending","2026-05-02 00:00:00","2026-05-12 00:00:00","2026-05-16",""
"2454","205","2026-06-01","83.03","539.7","Overdue","2026-06-01 00:00:00","2026-06-18 00:00:00","2026-06-16","2026-06-18"
"2455","205","2026-07-01","883.73","6627.98","Overdue","2026-07-01 00:00:00","2026-07-21 00:00:00","2026-07-16","2026-07-21"
"2456","205","2026-08-01","352.66","2644.95","Overdue","2026-08-03 00:00:00","2026-08-26 00:00:00","2026-08-16","2026-08-26"
"2457","205","2026-09-01","749.08","5243.56","Paid","2026-09-02 00:00:00","2026-09-12 00:00:00","2026-09-16","2026-09-12"
"2458","205","2026-10-01","821.04","4926.24","Paid","2026-10-03 00:00:00","2026-10-13 00:00:00","2026-10-16","2026-10-13"
"2459","205","2026-11-01","649.45","3571.98","Paid","2026-11-01 00:00:00","2026-11-13 00:00:00","2026-11-16","2026-11-13"
"2460","205","2026-12-01","339.36","2036.16","Pending","2026-12-02 00:00:00","2026-12-12 00:00:00","2026-12-16",""
"2461","206","2026-01-01","214.48","1608.6","Pending","2026-01-02 00:00:00","2026-01-12 00:00:00","2026-01-16",""
"2462","206","2026-02-01","802.64","5618.48","Paid","2026-02-01 00:00:00","2026-02-14 00:00:00","2026-02-16","2026-02-14"
"2463","206","2026-03-01","180.96","1085.76","Overdue","2026-03-01 00:00:00","2026-03-20 00:00:00","2026-03-16","2026-03-20"
"2464","206","2026-04-01","276.62","2074.65","Paid","2026-04-03 00:00:00","2026-04-11 00:00:00","2026-04-16","2026-04-11"
"2465","206","2026-05-01","514.21","2828.16","Overdue","2026-05-01 00:00:00","2026-05-18 00:00:00","2026-05-16","2026-05-18"
"2466","206","2026-06-01","549.26","3570.19","Paid","2026-06-03 00:00:00","2026-06-16 00:00:00","2026-06-16","2026-06-16"
"2467","206","2026-07-01","767.22","4986.93","Overdue","2026-07-03 00:00:00","2026-07-17 00:00:00","2026-07-16","2026-07-17"
"2468","206","2026-08-01","553.1","3042.05","Paid","2026-08-02 00:00:00","2026-08-15 00:00:00","2026-08-16","2026-08-15"
"2469","206","2026-09-01","194.33","1263.14","Pending","2026-09-01 00:00:00","2026-09-11 00:00:00","2026-09-16",""
"2470","206","2026-10-01","669.08","3679.94","Overdue","2026-10-03 00:00:00","2026-10-19 00:00:00","2026-10-16","2026-10-19"
"2471","206","2026-11-01","558.53","3630.44","Paid","2026-11-02 00:00:00","2026-11-13 00:00:00","2026-11-16","2026-11-13"
"2472","206","2026-12-01","151.99","1139.93","Paid","2026-12-02 00:00:00","2026-12-15 00:00:00","2026-12-16","2026-12-15"
"2473","207","2026-01-01","549.63","3022.97","Paid","2026-01-02 00:00:00","2026-01-15 00:00:00","2026-01-16","2026-01-15"
"2474","207","2026-02-01","745.04","4842.76","Paid","2026-02-01 00:00:00","2026-02-12 00:00:00","2026-02-16","2026-02-12"
"2475","207","2026-03-01","574.04","3731.26","Paid","2026-03-01 00:00:00","2026-03-14 00:00:00","2026-03-16","2026-03-14"
"2476","207","2026-04-01","698.73","4192.38","Paid","2026-04-02 00:00:00","2026-04-16 00:00:00","2026-04-16","2026-04-16"
"2477","207","2026-05-01","384.97","2117.34","Paid","2026-05-03 00:00:00","2026-05-14 00:00:00","2026-05-16","2026-05-14"
"2478","207","2026-06-01","874.83","6561.23","Overdue","2026-06-02 00:00:00","2026-06-25 00:00:00","2026-06-16","2026-06-25"
"2479","207","2026-07-01","466.57","2799.42","Pending","2026-07-02 00:00:00","2026-07-12 00:00:00","2026-07-16",""
"2480","207","2026-08-01","392.79","2945.93","Overdue","2026-08-03 00:00:00","2026-08-17 00:00:00","2026-08-16","2026-08-17"
"2481","207","2026-09-01","862.65","5175.9","Paid","2026-09-02 00:00:00","2026-09-12 00:00:00","2026-09-16","2026-09-12"
"2482","207","2026-10-01","219.12","1205.16","Overdue","2026-10-02 00:00:00","2026-10-24 00:00:00","2026-10-16","2026-10-24"
"2483","207","2026-11-01","470.51","3293.57","Paid","2026-11-01 00:00:00","2026-11-12 00:00:00","2026-11-16","2026-11-12"
"2484","207","2026-12-01","790.76","4349.18","Overdue","2026-12-02 00:00:00","2026-12-23 00:00:00","2026-12-16","2026-12-23"
"2485","208","2026-01-01","333.27","1832.98","Paid","2026-01-01 00:00:00","2026-01-15 00:00:00","2026-01-16","2026-01-15"
"2486","208","2026-02-01","251.72","1887.9","Overdue","2026-02-03 00:00:00","2026-02-21 00:00:00","2026-02-16","2026-02-21"
"2487","208","2026-03-01","128.7","772.2","Paid","2026-03-01 00:00:00","2026-03-16 00:00:00","2026-03-16","2026-03-16"
"2488","208","2026-04-01","459.25","2525.88","Paid","2026-04-02 00:00:00","2026-04-15 00:00:00","2026-04-16","2026-04-15"
"2489","208","2026-05-01","557.49","4181.18","Paid","2026-05-02 00:00:00","2026-05-14 00:00:00","2026-05-16","2026-05-14"
"2490","208","2026-06-01","97.38","632.97","Pending","2026-06-03 00:00:00","2026-06-13 00:00:00","2026-06-16",""
"2491","208","2026-07-01","297.8","2084.6","Overdue","2026-07-02 00:00:00","2026-07-26 00:00:00","2026-07-16","2026-07-26"
"2492","208","2026-08-01","780.38","5072.47","Paid","2026-08-03 00:00:00","2026-08-13 00:00:00","2026-08-16","2026-08-13"
"2493","208","2026-09-01","673.21","3702.66","Overdue","2026-09-03 00:00:00","2026-09-21 00:00:00","2026-09-16","2026-09-21"
"2494","208","2026-10-01","482.56","3377.92","Paid","2026-10-01 00:00:00","2026-10-11 00:00:00","2026-10-16","2026-10-11"
"2495","208","2026-11-01","814.35","5700.45","Pending","2026-11-02 00:00:00","2026-11-12 00:00:00","2026-11-16",""
"2496","208","2026-12-01","783.4","5875.5","Pending","2026-12-02 00:00:00","2026-12-12 00:00:00","2026-12-16",""
"2497","209","2026-01-01","737.84","4058.12","Pending","2026-01-01 00:00:00","2026-01-11 00:00:00","2026-01-16",""
"2498","209","2026-02-01","212.15","1272.9","Overdue","2026-02-03 00:00:00","2026-02-20 00:00:00","2026-02-16","2026-02-20"
"2499","209","2026-03-01","693.41","4853.87","Pending","2026-03-02 00:00:00","2026-03-12 00:00:00","2026-03-16",""
"2500","209","2026-04-01","486.62","2919.72","Paid","2026-04-02 00:00:00","2026-04-16 00:00:00","2026-04-16","2026-04-16"
"2501","209","2026-05-01","860.79","5595.14","Overdue","2026-05-02 00:00:00","2026-05-21 00:00:00","2026-05-16","2026-05-21"
"2502","209","2026-06-01","639.25","3515.88","Paid","2026-06-03 00:00:00","2026-06-16 00:00:00","2026-06-16","2026-06-16"
"2503","209","2026-07-01","403.83","3028.72","Overdue","2026-07-01 00:00:00","2026-07-23 00:00:00","2026-07-16","2026-07-23"
"2504","209","2026-08-01","157.61","1182.08","Overdue","2026-08-03 00:00:00","2026-08-22 00:00:00","2026-08-16","2026-08-22"
"2505","209","2026-09-01","579.84","3189.12","Pending","2026-09-01 00:00:00","2026-09-11 00:00:00","2026-09-16",""
"2506","209","2026-10-01","312.07","2340.53","Pending","2026-10-02 00:00:00","2026-10-12 00:00:00","2026-10-16",""
"2507","209","2026-11-01","559.76","3078.68","Paid","2026-11-01 00:00:00","2026-11-14 00:00:00","2026-11-16","2026-11-14"
"2508","209","2026-12-01","765.05","4207.77","Pending","2026-12-03 00:00:00","2026-12-13 00:00:00","2026-12-16",""
"2509","210","2026-01-01","187.53","1406.47","Pending","2026-01-01 00:00:00","2026-01-11 00:00:00","2026-01-16",""
"2510","210","2026-02-01","200.67","1404.69","Pending","2026-02-03 00:00:00","2026-02-13 00:00:00","2026-02-16",""
"2511","210","2026-03-01","166.71","916.91","Paid","2026-03-01 00:00:00","2026-03-16 00:00:00","2026-03-16","2026-03-16"
"2512","210","2026-04-01","763.51","4581.06","Paid","2026-04-01 00:00:00","2026-04-16 00:00:00","2026-04-16","2026-04-16"
"2513","210","2026-05-01","402.8","3021.0","Pending","2026-05-02 00:00:00","2026-05-12 00:00:00","2026-05-16",""
"2514","210","2026-06-01","302.23","2115.61","Overdue","2026-06-01 00:00:00","2026-06-21 00:00:00","2026-06-16","2026-06-21"
"2515","210","2026-07-01","629.73","3463.52","Pending","2026-07-03 00:00:00","2026-07-13 00:00:00","2026-07-16",""
"2516","210","2026-08-01","269.59","1482.74","Paid","2026-08-01 00:00:00","2026-08-15 00:00:00","2026-08-16","2026-08-15"
"2517","210","2026-09-01","179.08","984.94","Pending","2026-09-01 00:00:00","2026-09-11 00:00:00","2026-09-16",""
"2518","210","2026-10-01","732.58","4029.19","Paid","2026-10-03 00:00:00","2026-10-16 00:00:00","2026-10-16","2026-10-16"
"2519","210","2026-11-01","696.4","4178.4","Paid","2026-11-01 00:00:00","2026-11-14 00:00:00","2026-11-16","2026-11-14"
"2520","210","2026-12-01","141.24","918.06","Paid","2026-12-02 00:00:00","2026-12-15 00:00:00","2026-12-16","2026-12-15"
"2521","211","2026-01-01","472.64","3072.16","Overdue","2026-01-02 00:00:00","2026-01-19 00:00:00","2026-01-16","2026-01-19"
"2522","211","2026-02-01","315.47","2208.29","Pending","2026-02-03 00:00:00","2026-02-13 00:00:00","2026-02-16",""
"2523","211","2026-03-01","117.62","764.53","Overdue","2026-03-02 00:00:00","2026-03-23 00:00:00","2026-03-16","2026-03-23"
"2524","211","2026-04-01","507.38","3805.35","Paid","2026-04-02 00:00:00","2026-04-14 00:00:00","2026-04-16","2026-04-14"
"2525","211","2026-05-01","136.45","750.47","Paid","2026-05-03 00:00:00","2026-05-16 00:00:00","2026-05-16","2026-05-16"
"2526","211","2026-06-01","509.2","2800.6","Paid","2026-06-02 00:00:00","2026-06-13 00:00:00","2026-06-16","2026-06-13"
"2527","211","2026-07-01","107.8","646.8","Paid","2026-07-01 00:00:00","2026-07-16 00:00:00","2026-07-16","2026-07-16"
"2528","211","2026-08-01","381.32","2478.58","Paid","2026-08-02 00:00:00","2026-08-12 00:00:00","2026-08-16","2026-08-12"
"2529","211","2026-09-01","648.93","4866.97","Paid","2026-09-02 00:00:00","2026-09-13 00:00:00","2026-09-16","2026-09-13"
"2530","211","2026-10-01","196.25","1079.38","Paid","2026-10-01 00:00:00","2026-10-13 00:00:00","2026-10-16","2026-10-13"
"2531","211","2026-11-01","705.06","5287.95","Paid","2026-11-03 00:00:00","2026-11-12 00:00:00","2026-11-16","2026-11-12"
"2532","211","2026-12-01","296.09","1924.58","Pending","2026-12-01 00:00:00","2026-12-11 00:00:00","2026-12-16",""
"2533","212","2026-01-01","758.87","5691.52","Paid","2026-01-01 00:00:00","2026-01-16 00:00:00","2026-01-16","2026-01-16"
"2534","212","2026-02-01","836.46","5436.99","Paid","2026-02-02 00:00:00","2026-02-15 00:00:00","2026-02-16","2026-02-15"
"2535","212","2026-03-01","339.91","2379.37","Paid","2026-03-01 00:00:00","2026-03-15 00:00:00","2026-03-16","2026-03-15"
"2536","212","2026-04-01","839.01","5873.07","Pending","2026-04-02 00:00:00","2026-04-12 00:00:00","2026-04-16",""
"2537","212","2026-05-01","172.13","1118.85","Paid","2026-05-02 00:00:00","2026-05-15 00:00:00","2026-05-16","2026-05-15"
"2538","212","2026-06-01","83.09","581.63","Paid","2026-06-02 00:00:00","2026-06-15 00:00:00","2026-06-16","2026-06-15"
"2539","212","2026-07-01","218.6","1530.2","Overdue","2026-07-03 00:00:00","2026-07-22 00:00:00","2026-07-16","2026-07-22"
"2540","212","2026-08-01","883.17","5299.02","Paid","2026-08-02 00:00:00","2026-08-15 00:00:00","2026-08-16","2026-08-15"
"2541","212","2026-09-01","556.52","3339.12","Paid","2026-09-01 00:00:00","2026-09-12 00:00:00","2026-09-16","2026-09-12"
"2542","212","2026-10-01","798.25","5986.88","Paid","2026-10-01 00:00:00","2026-10-11 00:00:00","2026-10-16","2026-10-11"
"2543","212","2026-11-01","894.53","6261.71","Overdue","2026-11-01 00:00:00","2026-11-26 00:00:00","2026-11-16","2026-11-26"
"2544","212","2026-12-01","571.03","3997.21","Paid","2026-12-02 00:00:00","2026-12-16 00:00:00","2026-12-16","2026-12-16"
"2545","213","2026-01-01","230.15","1726.12","Overdue","2026-01-02 00:00:00","2026-01-25 00:00:00","2026-01-16","2026-01-25"
"2546","213","2026-02-01","385.66","2506.79","Paid","2026-02-01 00:00:00","2026-02-13 00:00:00","2026-02-16","2026-02-13"
"2547","213","2026-03-01","554.66","3882.62","Pending","2026-03-01 00:00:00","2026-03-11 00:00:00","2026-03-16",""
"2548","213","2026-04-01","497.3","2983.8","Pending","2026-04-02 00:00:00","2026-04-12 00:00:00","2026-04-16",""
"2549","213","2026-05-01","461.27","2536.98","Paid","2026-05-02 00:00:00","2026-05-14 00:00:00","2026-05-16","2026-05-14"
"2550","213","2026-06-01","197.4","1480.5","Paid","2026-06-02 00:00:00","2026-06-11 00:00:00","2026-06-16","2026-06-11"
"2551","213","2026-07-01","145.26","1016.82","Paid","2026-07-01 00:00:00","2026-07-14 00:00:00","2026-07-16","2026-07-14"
"2552","213","2026-08-01","549.25","3295.5","Paid","2026-08-02 00:00:00","2026-08-14 00:00:00","2026-08-16","2026-08-14"
"2553","213","2026-09-01","588.06","3528.36","Paid","2026-09-02 00:00:00","2026-09-15 00:00:00","2026-09-16","2026-09-15"
"2554","213","2026-10-01","659.51","4946.32","Overdue","2026-10-03 00:00:00","2026-10-24 00:00:00","2026-10-16","2026-10-24"
"2555","213","2026-11-01","99.13","545.21","Paid","2026-11-03 00:00:00","2026-11-15 00:00:00","2026-11-16","2026-11-15"
"2556","213","2026-12-01","301.89","1811.34","Overdue","2026-12-01 00:00:00","2026-12-23 00:00:00","2026-12-16","2026-12-23"
"2557","214","2026-01-01","770.56","5779.2","Paid","2026-01-03 00:00:00","2026-01-13 00:00:00","2026-01-16","2026-01-13"
"2558","214","2026-02-01","262.7","1707.55","Overdue","2026-02-01 00:00:00","2026-02-25 00:00:00","2026-02-16","2026-02-25"
"2559","214","2026-03-01","287.22","1579.71","Paid","2026-03-03 00:00:00","2026-03-14 00:00:00","2026-03-16","2026-03-14"
"2560","214","2026-04-01","822.1","5343.65","Pending","2026-04-02 00:00:00","2026-04-12 00:00:00","2026-04-16",""
"2561","214","2026-05-01","572.12","4004.84","Paid","2026-05-03 00:00:00","2026-05-12 00:00:00","2026-05-16","2026-05-12"
"2562","214","2026-06-01","372.41","2234.46","Paid","2026-06-02 00:00:00","2026-06-13 00:00:00","2026-06-16","2026-06-13"
"2563","214","2026-07-01","391.91","2547.41","Pending","2026-07-01 00:00:00","2026-07-11 00:00:00","2026-07-16",""
"2564","214","2026-08-01","411.23","2467.38","Paid","2026-08-03 00:00:00","2026-08-12 00:00:00","2026-08-16","2026-08-12"
"2565","214","2026-09-01","267.57","2006.77","Paid","2026-09-01 00:00:00","2026-09-11 00:00:00","2026-09-16","2026-09-11"
"2566","214","2026-10-01","247.55","1609.08","Paid","2026-10-01 00:00:00","2026-10-11 00:00:00","2026-10-16","2026-10-11"
"2567","214","2026-11-01","539.51","3237.06","Paid","2026-11-01 00:00:00","2026-11-14 00:00:00","2026-11-16","2026-11-14"
"2568","214","2026-12-01","468.98","3517.35","Paid","2026-12-03 00:00:00","2026-12-14 00:00:00","2026-12-16","2026-12-14"
"2569","215","2026-01-01","164.51","1069.32","Pending","2026-01-03 00:00:00","2026-01-13 00:00:00","2026-01-16",""
"2570","215","2026-02-01","791.71","5937.83","Paid","2026-02-01 00:00:00","2026-02-11 00:00:00","2026-02-16","2026-02-11"
"2571","215","2026-03-01","110.75","830.62","Overdue","2026-03-03 00:00:00","2026-03-17 00:00:00","2026-03-16","2026-03-17"
"2572","215","2026-04-01","421.36","3160.2","Paid","2026-04-02 00:00:00","2026-04-15 00:00:00","2026-04-16","2026-04-15"
"2573","215","2026-05-01","89.1","490.05","Paid","2026-05-01 00:00:00","2026-05-11 00:00:00","2026-05-16","2026-05-11"
"2574","215","2026-06-01","754.64","4150.52","Paid","2026-06-02 00:00:00","2026-06-12 00:00:00","2026-06-16","2026-06-12"
"2575","215","2026-07-01","95.57","668.99","Pending","2026-07-02 00:00:00","2026-07-12 00:00:00","2026-07-16",""
"2576","215","2026-08-01","485.44","3640.8","Pending","2026-08-01 00:00:00","2026-08-11 00:00:00","2026-08-16",""
"2577","215","2026-09-01","155.22","853.71","Overdue","2026-09-02 00:00:00","2026-09-17 00:00:00","2026-09-16","2026-09-17"
"2578","215","2026-10-01","631.8","4106.7","Paid","2026-10-01 00:00:00","2026-10-11 00:00:00","2026-10-16","2026-10-11"
"2579","215","2026-11-01","533.75","3469.38","Paid","2026-11-03 00:00:00","2026-11-15 00:00:00","2026-11-16","2026-11-15"
"2580","215","2026-12-01","364.41","2368.66","Overdue","2026-12-01 00:00:00","2026-12-25 00:00:00","2026-12-16","2026-12-25"
"2581","216","2026-01-01","371.07","2040.88","Paid","2026-01-03 00:00:00","2026-01-13 00:00:00","2026-01-16","2026-01-13"
"2582","216","2026-02-01","540.85","4056.38","Pending","2026-02-02 00:00:00","2026-02-12 00:00:00","2026-02-16",""
"2583","216","2026-03-01","199.7","1298.05","Paid","2026-03-01 00:00:00","2026-03-16 00:00:00","2026-03-16","2026-03-16"
"2584","216","2026-04-01","388.39","2718.73","Paid","2026-04-03 00:00:00","2026-04-13 00:00:00","2026-04-16","2026-04-13"
"2585","216","2026-05-01","335.8","2014.8","Paid","2026-05-01 00:00:00","2026-05-15 00:00:00","2026-05-16","2026-05-15"
"2586","216","2026-06-01","509.65","3312.72","Paid","2026-06-02 00:00:00","2026-06-12 00:00:00","2026-06-16","2026-06-12"
"2587","216","2026-07-01","865.35","6057.45","Paid","2026-07-03 00:00:00","2026-07-16 00:00:00","2026-07-16","2026-07-16"
"2588","216","2026-08-01","194.1","1261.65","Paid","2026-08-03 00:00:00","2026-08-14 00:00:00","2026-08-16","2026-08-14"
"2589","216","2026-09-01","791.58","5936.85","Pending","2026-09-02 00:00:00","2026-09-12 00:00:00","2026-09-16",""
"2590","216","2026-10-01","773.68","4642.08","Paid","2026-10-01 00:00:00","2026-10-14 00:00:00","2026-10-16","2026-10-14"
"2591","216","2026-11-01","296.2","1925.3","Paid","2026-11-03 00:00:00","2026-11-11 00:00:00","2026-11-16","2026-11-11"
"2592","216","2026-12-01","815.33","6114.98","Paid","2026-12-03 00:00:00","2026-12-13 00:00:00","2026-12-16","2026-12-13"
"2593","217","2026-01-01","171.86","1203.02","Pending","2026-01-03 00:00:00","2026-01-13 00:00:00","2026-01-16",""
"2594","217","2026-02-01","785.33","4711.98","Overdue","2026-02-03 00:00:00","2026-02-22 00:00:00","2026-02-16","2026-02-22"
"2595","217","2026-03-01","721.64","4690.66","Overdue","2026-03-03 00:00:00","2026-03-24 00:00:00","2026-03-16","2026-03-24"
"2596","217","2026-04-01","680.67","4764.69","Paid","2026-04-02 00:00:00","2026-04-15 00:00:00","2026-04-16","2026-04-15"
"2597","217","2026-05-01","132.42","926.94","Paid","2026-05-01 00:00:00","2026-05-13 00:00:00","2026-05-16","2026-05-13"
"2598","217","2026-06-01","263.94","1847.58","Paid","2026-06-03 00:00:00","2026-06-12 00:00:00","2026-06-16","2026-06-12"
"2599","217","2026-07-01","202.08","1515.6","Pending","2026-07-01 00:00:00","2026-07-11 00:00:00","2026-07-16",""
"2600","217","2026-08-01","449.4","2471.7","Pending","2026-08-01 00:00:00","2026-08-11 00:00:00","2026-08-16",""
"2601","217","2026-09-01","144.4","938.6","Paid","2026-09-01 00:00:00","2026-09-14 00:00:00","2026-09-16","2026-09-14"
"2602","217","2026-10-01","292.15","2045.05","Paid","2026-10-02 00:00:00","2026-10-16 00:00:00","2026-10-16","2026-10-16"
"2603","217","2026-11-01","170.4","1192.8","Paid","2026-11-01 00:00:00","2026-11-11 00:00:00","2026-11-16","2026-11-11"
"2604","217","2026-12-01","288.17","1584.94","Paid","2026-12-02 00:00:00","2026-12-14 00:00:00","2026-12-16","2026-12-14"
"2605","218","2026-01-01","525.78","3154.68","Overdue","2026-01-02 00:00:00","2026-01-20 00:00:00","2026-01-16","2026-01-20"
"2606","218","2026-02-01","805.29","5637.03","Paid","2026-02-01 00:00:00","2026-02-12 00:00:00","2026-02-16","2026-02-12"
"2607","218","2026-03-01","86.35","604.45","Paid","2026-03-01 00:00:00","2026-03-11 00:00:00","2026-03-16","2026-03-11"
"2608","218","2026-04-01","350.24","2626.8","Paid","2026-04-02 00:00:00","2026-04-15 00:00:00","2026-04-16","2026-04-15"
"2609","218","2026-05-01","214.74","1181.07","Paid","2026-05-02 00:00:00","2026-05-16 00:00:00","2026-05-16","2026-05-16"
"2610","218","2026-06-01","315.61","2209.27","Paid","2026-06-01 00:00:00","2026-06-15 00:00:00","2026-06-16","2026-06-15"
"2611","218","2026-07-01","496.2","2729.1","Pending","2026-07-01 00:00:00","2026-07-11 00:00:00","2026-07-16",""
"2612","218","2026-08-01","491.77","2704.73","Pending","2026-08-02 00:00:00","2026-08-12 00:00:00","2026-08-16",""
"2613","218","2026-09-01","235.41","1530.16","Overdue","2026-09-01 00:00:00","2026-09-21 00:00:00","2026-09-16","2026-09-21"
"2614","218","2026-10-01","508.51","3559.57","Paid","2026-10-02 00:00:00","2026-10-16 00:00:00","2026-10-16","2026-10-16"
"2615","218","2026-11-01","704.45","3874.48","Paid","2026-11-03 00:00:00","2026-11-14 00:00:00","2026-11-16","2026-11-14"
"2616","218","2026-12-01","819.86","4509.23","Paid","2026-12-03 00:00:00","2026-12-14 00:00:00","2026-12-16","2026-12-14"
"2617","219","2026-01-01","879.22","5275.32","Paid","2026-01-01 00:00:00","2026-01-13 00:00:00","2026-01-16","2026-01-13"
"2618","219","2026-02-01","218.52","1529.64","Paid","2026-02-01 00:00:00","2026-02-14 00:00:00","2026-02-16","2026-02-14"
"2619","219","2026-03-01","219.51","1317.06","Paid","2026-03-03 00:00:00","2026-03-16 00:00:00","2026-03-16","2026-03-16"
"2620","219","2026-04-01","512.19","3585.33","Paid","2026-04-02 00:00:00","2026-04-16 00:00:00","2026-04-16","2026-04-16"
"2621","219","2026-05-01","781.25","4296.88","Paid","2026-05-01 00:00:00","2026-05-15 00:00:00","2026-05-16","2026-05-15"
"2622","219","2026-06-01","309.97","1704.84","Paid","2026-06-03 00:00:00","2026-06-16 00:00:00","2026-06-16","2026-06-16"
"2623","219","2026-07-01","360.65","2344.22","Overdue","2026-07-03 00:00:00","2026-07-19 00:00:00","2026-07-16","2026-07-19"
"2624","219","2026-08-01","898.79","4943.34","Paid","2026-08-01 00:00:00","2026-08-13 00:00:00","2026-08-16","2026-08-13"
"2625","219","2026-09-01","514.28","2828.54","Paid","2026-09-02 00:00:00","2026-09-11 00:00:00","2026-09-16","2026-09-11"
"2626","219","2026-10-01","245.61","1473.66","Pending","2026-10-02 00:00:00","2026-10-12 00:00:00","2026-10-16",""
"2627","219","2026-11-01","506.82","2787.51","Paid","2026-11-03 00:00:00","2026-11-14 00:00:00","2026-11-16","2026-11-14"
"2628","219","2026-12-01","717.63","5382.23","Paid","2026-12-01 00:00:00","2026-12-14 00:00:00","2026-12-16","2026-12-14"
"2629","220","2026-01-01","810.19","6076.43","Paid","2026-01-01 00:00:00","2026-01-12 00:00:00","2026-01-16","2026-01-12"
"2630","220","2026-02-01","198.07","1188.42","Pending","2026-02-02 00:00:00","2026-02-12 00:00:00","2026-02-16",""
"2631","220","2026-03-01","127.11","762.66","Pending","2026-03-02 00:00:00","2026-03-12 00:00:00","2026-03-16",""
"2632","220","2026-04-01","500.26","3001.56","Overdue","2026-04-02 00:00:00","2026-04-20 00:00:00","2026-04-16","2026-04-20"
"2633","220","2026-05-01","827.57","4551.64","Paid","2026-05-02 00:00:00","2026-05-14 00:00:00","2026-05-16","2026-05-14"
"2634","220","2026-06-01","197.42","1085.81","Pending","2026-06-02 00:00:00","2026-06-12 00:00:00","2026-06-16",""
"2635","220","2026-07-01","530.55","3713.85","Paid","2026-07-01 00:00:00","2026-07-11 00:00:00","2026-07-16","2026-07-11"
"2636","220","2026-08-01","401.35","2809.45","Paid","2026-08-02 00:00:00","2026-08-12 00:00:00","2026-08-16","2026-08-12"
"2637","220","2026-09-01","802.91","5218.91","Pending","2026-09-01 00:00:00","2026-09-11 00:00:00","2026-09-16",""
"2638","220","2026-10-01","534.88","3744.16","Overdue","2026-10-01 00:00:00","2026-10-25 00:00:00","2026-10-16","2026-10-25"
"2639","220","2026-11-01","894.03","5811.19","Paid","2026-11-02 00:00:00","2026-11-16 00:00:00","2026-11-16","2026-11-16"
"2640","220","2026-12-01","546.14","3549.91","Paid","2026-12-03 00:00:00","2026-12-11 00:00:00","2026-12-16","2026-12-11"
"2641","221","2026-01-01","416.99","3127.43","Paid","2026-01-03 00:00:00","2026-01-12 00:00:00","2026-01-16","2026-01-12"
"2642","221","2026-02-01","97.61","732.08","Paid","2026-02-01 00:00:00","2026-02-15 00:00:00","2026-02-16","2026-02-15"
"2643","221","2026-03-01","555.75","3612.38","Paid","2026-03-03 00:00:00","2026-03-11 00:00:00","2026-03-16","2026-03-11"
"2644","221","2026-04-01","748.51","4116.81","Paid","2026-04-02 00:00:00","2026-04-13 00:00:00","2026-04-16","2026-04-13"
"2645","221","2026-05-01","285.0","1710.0","Pending","2026-05-03 00:00:00","2026-05-13 00:00:00","2026-05-16",""
"2646","221","2026-06-01","569.76","3988.32","Paid","2026-06-01 00:00:00","2026-06-15 00:00:00","2026-06-16","2026-06-15"
"2647","221","2026-07-01","645.93","3552.61","Paid","2026-07-02 00:00:00","2026-07-16 00:00:00","2026-07-16","2026-07-16"
"2648","221","2026-08-01","200.15","1100.83","Paid","2026-08-03 00:00:00","2026-08-12 00:00:00","2026-08-16","2026-08-12"
"2649","221","2026-09-01","462.89","2777.34","Paid","2026-09-02 00:00:00","2026-09-12 00:00:00","2026-09-16","2026-09-12"
"2650","221","2026-10-01","267.13","1736.35","Paid","2026-10-02 00:00:00","2026-10-12 00:00:00","2026-10-16","2026-10-12"
"2651","221","2026-11-01","387.62","2907.15","Paid","2026-11-01 00:00:00","2026-11-11 00:00:00","2026-11-16","2026-11-11"
"2652","221","2026-12-01","394.35","2563.28","Paid","2026-12-02 00:00:00","2026-12-16 00:00:00","2026-12-16","2026-12-16"
"2653","222","2026-01-01","634.27","4439.89","Paid","2026-01-03 00:00:00","2026-01-13 00:00:00","2026-01-16","2026-01-13"
"2654","222","2026-02-01","701.85","3860.18","Overdue","2026-02-01 00:00:00","2026-02-19 00:00:00","2026-02-16","2026-02-19"
"2655","222","2026-03-01","346.44","2251.86","Overdue","2026-03-02 00:00:00","2026-03-17 00:00:00","2026-03-16","2026-03-17"
"2656","222","2026-04-01","80.5","442.75","Paid","2026-04-01 00:00:00","2026-04-12 00:00:00","2026-04-16","2026-04-12"
"2657","222","2026-05-01","478.36","2870.16","Paid","2026-05-01 00:00:00","2026-05-13 00:00:00","2026-05-16","2026-05-13"
"2658","222","2026-06-01","774.52","5034.38","Paid","2026-06-03 00:00:00","2026-06-13 00:00:00","2026-06-16","2026-06-13"
"2659","222","2026-07-01","625.92","3442.56","Paid","2026-07-01 00:00:00","2026-07-16 00:00:00","2026-07-16","2026-07-16"
"2660","222","2026-08-01","537.68","4032.6","Overdue","2026-08-01 00:00:00","2026-08-21 00:00:00","2026-08-16","2026-08-21"
"2661","222","2026-09-01","654.39","4907.93","Pending","2026-09-03 00:00:00","2026-09-13 00:00:00","2026-09-16",""
"2662","222","2026-10-01","705.51","4938.57","Paid","2026-10-03 00:00:00","2026-10-13 00:00:00","2026-10-16","2026-10-13"
"2663","222","2026-11-01","543.59","3805.13","Pending","2026-11-01 00:00:00","2026-11-11 00:00:00","2026-11-16",""
"2664","222","2026-12-01","320.53","1762.91","Paid","2026-12-01 00:00:00","2026-12-12 00:00:00","2026-12-16","2026-12-12"
"2665","223","2026-01-01","174.88","1224.16","Overdue","2026-01-02 00:00:00","2026-01-20 00:00:00","2026-01-16","2026-01-20"
"2666","223","2026-02-01","313.88","2354.1","Overdue","2026-02-02 00:00:00","2026-02-24 00:00:00","2026-02-16","2026-02-24"
"2667","223","2026-03-01","392.67","2356.02","Pending","2026-03-03 00:00:00","2026-03-13 00:00:00","2026-03-16",""
"2668","223","2026-04-01","318.49","2229.43","Paid","2026-04-03 00:00:00","2026-04-11 00:00:00","2026-04-16","2026-04-11"
"2669","223","2026-05-01","423.62","2541.72","Paid","2026-05-02 00:00:00","2026-05-15 00:00:00","2026-05-16","2026-05-15"
"2670","223","2026-06-01","387.8","2326.8","Paid","2026-06-03 00:00:00","2026-06-16 00:00:00","2026-06-16","2026-06-16"
"2671","223","2026-07-01","227.02","1248.61","Pending","2026-07-03 00:00:00","2026-07-13 00:00:00","2026-07-16",""
"2672","223","2026-08-01","456.26","2965.69","Paid","2026-08-03 00:00:00","2026-08-12 00:00:00","2026-08-16","2026-08-12"
"2673","223","2026-09-01","339.05","2542.88","Paid","2026-09-02 00:00:00","2026-09-13 00:00:00","2026-09-16","2026-09-13"
"2674","223","2026-10-01","197.84","1384.88","Paid","2026-10-03 00:00:00","2026-10-16 00:00:00","2026-10-16","2026-10-16"
"2675","223","2026-11-01","103.88","675.22","Overdue","2026-11-02 00:00:00","2026-11-22 00:00:00","2026-11-16","2026-11-22"
"2676","223","2026-12-01","213.72","1602.9","Paid","2026-12-03 00:00:00","2026-12-14 00:00:00","2026-12-16","2026-12-14"
"2677","224","2026-01-01","579.54","3477.24","Overdue","2026-01-03 00:00:00","2026-01-17 00:00:00","2026-01-16","2026-01-17"
"2678","224","2026-02-01","589.1","3829.15","Paid","2026-02-01 00:00:00","2026-02-11 00:00:00","2026-02-16","2026-02-11"
"2679","224","2026-03-01","436.34","2836.21","Paid","2026-03-01 00:00:00","2026-03-12 00:00:00","2026-03-16","2026-03-12"
"2680","224","2026-04-01","828.58","6214.35","Pending","2026-04-03 00:00:00","2026-04-13 00:00:00","2026-04-16",""
"2681","224","2026-05-01","656.94","4927.05","Paid","2026-05-02 00:00:00","2026-05-15 00:00:00","2026-05-16","2026-05-15"
"2682","224","2026-06-01","374.64","2809.8","Overdue","2026-06-02 00:00:00","2026-06-26 00:00:00","2026-06-16","2026-06-26"
"2683","224","2026-07-01","659.52","3957.12","Pending","2026-07-03 00:00:00","2026-07-13 00:00:00","2026-07-16",""
"2684","224","2026-08-01","543.17","4073.77","Pending","2026-08-03 00:00:00","2026-08-13 00:00:00","2026-08-16",""
"2685","224","2026-09-01","462.17","3466.28","Overdue","2026-09-02 00:00:00","2026-09-20 00:00:00","2026-09-16","2026-09-20"
"2686","224","2026-10-01","605.86","3635.16","Paid","2026-10-03 00:00:00","2026-10-13 00:00:00","2026-10-16","2026-10-13"
"2687","224","2026-11-01","293.68","1762.08","Pending","2026-11-02 00:00:00","2026-11-12 00:00:00","2026-11-16",""
"2688","224","2026-12-01","473.85","2843.1","Pending","2026-12-02 00:00:00","2026-12-12 00:00:00","2026-12-16",""
"2689","225","2026-01-01","892.01","5352.06","Paid","2026-01-03 00:00:00","2026-01-12 00:00:00","2026-01-16","2026-01-12"
"2690","225","2026-02-01","527.68","3957.6","Paid","2026-02-01 00:00:00","2026-02-15 00:00:00","2026-02-16","2026-02-15"
"2691","225","2026-03-01","122.01","854.07","Overdue","2026-03-01 00:00:00","2026-03-19 00:00:00","2026-03-16","2026-03-19"
"2692","225","2026-04-01","108.03","756.21","Paid","2026-04-03 00:00:00","2026-04-16 00:00:00","2026-04-16","2026-04-16"
"2693","225","2026-05-01","340.36","2552.7","Overdue","2026-05-03 00:00:00","2026-05-26 00:00:00","2026-05-16","2026-05-26"
"2694","225","2026-06-01","816.39","6122.93","Paid","2026-06-03 00:00:00","2026-06-14 00:00:00","2026-06-16","2026-06-14"
"2695","225","2026-07-01","273.64","1505.02","Paid","2026-07-01 00:00:00","2026-07-11 00:00:00","2026-07-16","2026-07-11"
"2696","225","2026-08-01","544.46","3811.22","Paid","2026-08-02 00:00:00","2026-08-16 00:00:00","2026-08-16","2026-08-16"
"2697","225","2026-09-01","119.63","777.6","Pending","2026-09-02 00:00:00","2026-09-12 00:00:00","2026-09-16",""
"2698","225","2026-10-01","267.55","1872.85","Paid","2026-10-01 00:00:00","2026-10-13 00:00:00","2026-10-16","2026-10-13"
"2699","225","2026-11-01","865.84","6060.88","Paid","2026-11-02 00:00:00","2026-11-13 00:00:00","2026-11-16","2026-11-13"
"2700","225","2026-12-01","451.54","3160.78","Overdue","2026-12-01 00:00:00","2026-12-24 00:00:00","2026-12-16","2026-12-24"
"2701","226","2026-01-01","122.54","796.51","Paid","2026-01-01 00:00:00","2026-01-13 00:00:00","2026-01-16","2026-01-13"
"2702","226","2026-02-01","423.65","2753.72","Paid","2026-02-01 00:00:00","2026-02-13 00:00:00","2026-02-16","2026-02-13"
"2703","226","2026-03-01","375.66","2817.45","Paid","2026-03-01 00:00:00","2026-03-16 00:00:00","2026-03-16","2026-03-16"
"2704","226","2026-04-01","703.26","4219.56","Overdue","2026-04-02 00:00:00","2026-04-24 00:00:00","2026-04-16","2026-04-24"
"2705","226","2026-05-01","666.82","4334.33","Overdue","2026-05-02 00:00:00","2026-05-18 00:00:00","2026-05-16","2026-05-18"
"2706","226","2026-06-01","389.83","2533.89","Pending","2026-06-03 00:00:00","2026-06-13 00:00:00","2026-06-16",""
"2707","226","2026-07-01","714.35","4643.28","Paid","2026-07-03 00:00:00","2026-07-12 00:00:00","2026-07-16","2026-07-12"
"2708","226","2026-08-01","479.59","2877.54","Overdue","2026-08-01 00:00:00","2026-08-20 00:00:00","2026-08-16","2026-08-20"
"2709","226","2026-09-01","230.89","1500.78","Paid","2026-09-02 00:00:00","2026-09-14 00:00:00","2026-09-16","2026-09-14"
"2710","226","2026-10-01","677.2","5079.0","Paid","2026-10-01 00:00:00","2026-10-13 00:00:00","2026-10-16","2026-10-13"
"2711","226","2026-11-01","806.51","5242.31","Pending","2026-11-03 00:00:00","2026-11-13 00:00:00","2026-11-16",""
"2712","226","2026-12-01","714.59","4644.84","Pending","2026-12-03 00:00:00","2026-12-13 00:00:00","2026-12-16",""
"2713","227","2026-01-01","447.24","2683.44","Paid","2026-01-03 00:00:00","2026-01-13 00:00:00","2026-01-16","2026-01-13"
"2714","227","2026-02-01","353.66","2121.96","Paid","2026-02-01 00:00:00","2026-02-11 00:00:00","2026-02-16","2026-02-11"
"2715","227","2026-03-01","334.63","1840.46","Overdue","2026-03-02 00:00:00","2026-03-26 00:00:00","2026-03-16","2026-03-26"
"2716","227","2026-04-01","640.93","3845.58","Paid","2026-04-02 00:00:00","2026-04-16 00:00:00","2026-04-16","2026-04-16"
"2717","227","2026-05-01","587.75","3820.38","Paid","2026-05-01 00:00:00","2026-05-13 00:00:00","2026-05-16","2026-05-13"
"2718","227","2026-06-01","701.78","4561.57","Pending","2026-06-02 00:00:00","2026-06-12 00:00:00","2026-06-16",""
"2719","227","2026-07-01","823.8","5354.7","Paid","2026-07-02 00:00:00","2026-07-14 00:00:00","2026-07-16","2026-07-14"
"2720","227","2026-08-01","404.95","2632.17","Paid","2026-08-02 00:00:00","2026-08-13 00:00:00","2026-08-16","2026-08-13"
"2721","227","2026-09-01","100.66","603.96","Pending","2026-09-03 00:00:00","2026-09-13 00:00:00","2026-09-16",""
"2722","227","2026-10-01","429.97","2364.84","Paid","2026-10-01 00:00:00","2026-10-15 00:00:00","2026-10-16","2026-10-15"
"2723","227","2026-11-01","664.89","4321.78","Paid","2026-11-03 00:00:00","2026-11-13 00:00:00","2026-11-16","2026-11-13"
"2724","227","2026-12-01","458.36","2750.16","Pending","2026-12-01 00:00:00","2026-12-11 00:00:00","2026-12-16",""
"2725","228","2026-01-01","201.27","1308.26","Paid","2026-01-02 00:00:00","2026-01-13 00:00:00","2026-01-16","2026-01-13"
"2726","228","2026-02-01","217.38","1630.35","Overdue","2026-02-01 00:00:00","2026-02-18 00:00:00","2026-02-16","2026-02-18"
"2727","228","2026-03-01","322.6","1774.3","Paid","2026-03-02 00:00:00","2026-03-15 00:00:00","2026-03-16","2026-03-15"
"2728","228","2026-04-01","454.39","3407.92","Paid","2026-04-01 00:00:00","2026-04-12 00:00:00","2026-04-16","2026-04-12"
"2729","228","2026-05-01","637.46","4780.95","Paid","2026-05-02 00:00:00","2026-05-14 00:00:00","2026-05-16","2026-05-14"
"2730","228","2026-06-01","471.36","3299.52","Paid","2026-06-02 00:00:00","2026-06-15 00:00:00","2026-06-16","2026-06-15"
"2731","228","2026-07-01","159.86","1198.95","Paid","2026-07-03 00:00:00","2026-07-11 00:00:00","2026-07-16","2026-07-11"
"2732","228","2026-08-01","435.99","3269.93","Paid","2026-08-03 00:00:00","2026-08-14 00:00:00","2026-08-16","2026-08-14"
"2733","228","2026-09-01","335.91","1847.51","Overdue","2026-09-01 00:00:00","2026-09-21 00:00:00","2026-09-16","2026-09-21"
"2734","228","2026-10-01","592.72","4445.4","Overdue","2026-10-03 00:00:00","2026-10-24 00:00:00","2026-10-16","2026-10-24"
"2735","228","2026-11-01","497.11","2734.11","Overdue","2026-11-02 00:00:00","2026-11-26 00:00:00","2026-11-16","2026-11-26"
"2736","228","2026-12-01","310.78","2175.46","Paid","2026-12-01 00:00:00","2026-12-12 00:00:00","2026-12-16","2026-12-12"
"2737","229","2026-01-01","774.7","4260.85","Pending","2026-01-03 00:00:00","2026-01-13 00:00:00","2026-01-16",""
"2738","229","2026-02-01","672.78","4373.07","Paid","2026-02-02 00:00:00","2026-02-15 00:00:00","2026-02-16","2026-02-15"
"2739","229","2026-03-01","384.89","2501.78","Paid","2026-03-03 00:00:00","2026-03-11 00:00:00","2026-03-16","2026-03-11"
"2740","229","2026-04-01","203.25","1117.88","Paid","2026-04-03 00:00:00","2026-04-11 00:00:00","2026-04-16","2026-04-11"
"2741","229","2026-05-01","830.41","5812.87","Overdue","2026-05-03 00:00:00","2026-05-18 00:00:00","2026-05-16","2026-05-18"
"2742","229","2026-06-01","758.27","5307.89","Paid","2026-06-03 00:00:00","2026-06-13 00:00:00","2026-06-16","2026-06-13"
"2743","229","2026-07-01","832.23","4993.38","Pending","2026-07-02 00:00:00","2026-07-12 00:00:00","2026-07-16",""
"2744","229","2026-08-01","81.27","446.98","Paid","2026-08-01 00:00:00","2026-08-15 00:00:00","2026-08-16","2026-08-15"
"2745","229","2026-09-01","286.89","2151.67","Paid","2026-09-01 00:00:00","2026-09-12 00:00:00","2026-09-16","2026-09-12"
"2746","229","2026-10-01","298.15","1937.97","Paid","2026-10-03 00:00:00","2026-10-15 00:00:00","2026-10-16","2026-10-15"
"2747","229","2026-11-01","424.38","2758.47","Paid","2026-11-01 00:00:00","2026-11-12 00:00:00","2026-11-16","2026-11-12"
"2748","229","2026-12-01","369.15","2584.05","Overdue","2026-12-02 00:00:00","2026-12-26 00:00:00","2026-12-16","2026-12-26"
"2749","230","2026-01-01","639.19","4793.93","Pending","2026-01-02 00:00:00","2026-01-12 00:00:00","2026-01-16",""
"2750","230","2026-02-01","609.41","3656.46","Pending","2026-02-03 00:00:00","2026-02-13 00:00:00","2026-02-16",""
"2751","230","2026-03-01","660.9","4626.3","Paid","2026-03-02 00:00:00","2026-03-16 00:00:00","2026-03-16","2026-03-16"
"2752","230","2026-04-01","847.84","5087.04","Paid","2026-04-01 00:00:00","2026-04-14 00:00:00","2026-04-16","2026-04-14"
"2753","230","2026-05-01","850.48","5102.88","Pending","2026-05-02 00:00:00","2026-05-12 00:00:00","2026-05-16",""
"2754","230","2026-06-01","753.86","4900.09","Paid","2026-06-02 00:00:00","2026-06-14 00:00:00","2026-06-16","2026-06-14"
"2755","230","2026-07-01","594.48","4161.36","Paid","2026-07-01 00:00:00","2026-07-12 00:00:00","2026-07-16","2026-07-12"
"2756","230","2026-08-01","180.54","1173.51","Paid","2026-08-01 00:00:00","2026-08-16 00:00:00","2026-08-16","2026-08-16"
"2757","230","2026-09-01","315.19","1891.14","Pending","2026-09-02 00:00:00","2026-09-12 00:00:00","2026-09-16",""
"2758","230","2026-10-01","800.28","5201.82","Pending","2026-10-01 00:00:00","2026-10-11 00:00:00","2026-10-16",""
"2759","230","2026-11-01","260.24","1561.44","Pending","2026-11-02 00:00:00","2026-11-12 00:00:00","2026-11-16",""
"2760","230","2026-12-01","752.94","5270.58","Overdue","2026-12-01 00:00:00","2026-12-20 00:00:00","2026-12-16","2026-12-20"
"2761","231","2026-01-01","297.81","2084.67","Paid","2026-01-01 00:00:00","2026-01-15 00:00:00","2026-01-16","2026-01-15"
"2762","231","2026-02-01","286.56","2149.2","Paid","2026-02-03 00:00:00","2026-02-14 00:00:00","2026-02-16","2026-02-14"
"2763","231","2026-03-01","758.34","4550.04","Paid","2026-03-03 00:00:00","2026-03-15 00:00:00","2026-03-16","2026-03-15"
"2764","231","2026-04-01","724.58","5434.35","Paid","2026-04-03 00:00:00","2026-04-11 00:00:00","2026-04-16","2026-04-11"
"2765","231","2026-05-01","749.05","4868.82","Pending","2026-05-03 00:00:00","2026-05-13 00:00:00","2026-05-16",""
"2766","231","2026-06-01","758.23","4928.49","Paid","2026-06-02 00:00:00","2026-06-13 00:00:00","2026-06-16","2026-06-13"
"2767","231","2026-07-01","92.62","602.03","Paid","2026-07-02 00:00:00","2026-07-15 00:00:00","2026-07-16","2026-07-15"
"2768","231","2026-08-01","231.53","1620.71","Overdue","2026-08-02 00:00:00","2026-08-18 00:00:00","2026-08-16","2026-08-18"
"2769","231","2026-09-01","88.0","616.0","Paid","2026-09-03 00:00:00","2026-09-14 00:00:00","2026-09-16","2026-09-14"
"2770","231","2026-10-01","874.25","6119.75","Paid","2026-10-03 00:00:00","2026-10-16 00:00:00","2026-10-16","2026-10-16"
"2771","231","2026-11-01","704.28","4225.68","Overdue","2026-11-03 00:00:00","2026-11-22 00:00:00","2026-11-16","2026-11-22"
"2772","231","2026-12-01","163.19","897.54","Paid","2026-12-02 00:00:00","2026-12-12 00:00:00","2026-12-16","2026-12-12"
"2773","232","2026-01-01","342.38","1883.09","Paid","2026-01-02 00:00:00","2026-01-11 00:00:00","2026-01-16","2026-01-11"
"2774","232","2026-02-01","206.19","1340.23","Pending","2026-02-01 00:00:00","2026-02-11 00:00:00","2026-02-16",""
"2775","232","2026-03-01","415.13","2905.91","Overdue","2026-03-02 00:00:00","2026-03-22 00:00:00","2026-03-16","2026-03-22"
"2776","232","2026-04-01","384.7","2692.9","Overdue","2026-04-02 00:00:00","2026-04-20 00:00:00","2026-04-16","2026-04-20"
"2777","232","2026-05-01","618.31","4019.01","Paid","2026-05-01 00:00:00","2026-05-16 00:00:00","2026-05-16","2026-05-16"
"2778","232","2026-06-01","96.62","628.03","Pending","2026-06-01 00:00:00","2026-06-11 00:00:00","2026-06-16",""
"2779","232","2026-07-01","592.87","4150.09","Paid","2026-07-01 00:00:00","2026-07-14 00:00:00","2026-07-16","2026-07-14"
"2780","232","2026-08-01","182.46","1277.22","Paid","2026-08-03 00:00:00","2026-08-15 00:00:00","2026-08-16","2026-08-15"
"2781","232","2026-09-01","724.25","4707.62","Paid","2026-09-03 00:00:00","2026-09-13 00:00:00","2026-09-16","2026-09-13"
"2782","232","2026-10-01","577.88","4334.1","Paid","2026-10-02 00:00:00","2026-10-15 00:00:00","2026-10-16","2026-10-15"
"2783","232","2026-11-01","204.49","1431.43","Paid","2026-11-01 00:00:00","2026-11-16 00:00:00","2026-11-16","2026-11-16"
"2784","232","2026-12-01","800.77","5205.01","Paid","2026-12-01 00:00:00","2026-12-16 00:00:00","2026-12-16","2026-12-16"
"2785","233","2026-01-01","869.5","5217.0","Paid","2026-01-02 00:00:00","2026-01-13 00:00:00","2026-01-16","2026-01-13"
"2786","233","2026-02-01","856.9","5141.4","Paid","2026-02-01 00:00:00","2026-02-14 00:00:00","2026-02-16","2026-02-14"
"2787","233","2026-03-01","142.15","923.98","Overdue","2026-03-01 00:00:00","2026-03-21 00:00:00","2026-03-16","2026-03-21"
"2788","233","2026-04-01","799.23","5994.23","Overdue","2026-04-01 00:00:00","2026-04-19 00:00:00","2026-04-16","2026-04-19"
"2789","233","2026-05-01","324.83","2111.39","Paid","2026-05-03 00:00:00","2026-05-13 00:00:00","2026-05-16","2026-05-13"
"2790","233","2026-06-01","878.75","5711.88","Overdue","2026-06-01 00:00:00","2026-06-22 00:00:00","2026-06-16","2026-06-22"
"2791","233","2026-07-01","837.29","5861.03","Overdue","2026-07-03 00:00:00","2026-07-26 00:00:00","2026-07-16","2026-07-26"
"2792","233","2026-08-01","848.33","5089.98","Paid","2026-08-02 00:00:00","2026-08-16 00:00:00","2026-08-16","2026-08-16"
"2793","233","2026-09-01","315.69","2209.83","Paid","2026-09-03 00:00:00","2026-09-15 00:00:00","2026-09-16","2026-09-15"
"2794","233","2026-10-01","883.61","5301.66","Paid","2026-10-01 00:00:00","2026-10-11 00:00:00","2026-10-16","2026-10-11"
"2795","233","2026-11-01","399.36","2995.2","Paid","2026-11-02 00:00:00","2026-11-13 00:00:00","2026-11-16","2026-11-13"
"2796","233","2026-12-01","732.31","5126.17","Overdue","2026-12-01 00:00:00","2026-12-18 00:00:00","2026-12-16","2026-12-18"
"2797","234","2026-01-01","674.87","3711.78","Pending","2026-01-02 00:00:00","2026-01-12 00:00:00","2026-01-16",""
"2798","234","2026-02-01","875.31","5251.86","Paid","2026-02-02 00:00:00","2026-02-12 00:00:00","2026-02-16","2026-02-12"
"2799","234","2026-03-01","490.5","2943.0","Pending","2026-03-02 00:00:00","2026-03-12 00:00:00","2026-03-16",""
"2800","234","2026-04-01","484.36","2906.16","Paid","2026-04-01 00:00:00","2026-04-15 00:00:00","2026-04-16","2026-04-15"
"2801","234","2026-05-01","666.21","4996.58","Overdue","2026-05-01 00:00:00","2026-05-17 00:00:00","2026-05-16","2026-05-17"
"2802","234","2026-06-01","194.86","1364.02","Overdue","2026-06-03 00:00:00","2026-06-25 00:00:00","2026-06-16","2026-06-25"
"2803","234","2026-07-01","746.26","4477.56","Overdue","2026-07-02 00:00:00","2026-07-22 00:00:00","2026-07-16","2026-07-22"
"2804","234","2026-08-01","421.53","2318.41","Paid","2026-08-01 00:00:00","2026-08-14 00:00:00","2026-08-16","2026-08-14"
"2805","234","2026-09-01","653.73","3595.52","Paid","2026-09-02 00:00:00","2026-09-15 00:00:00","2026-09-16","2026-09-15"
"2806","234","2026-10-01","548.83","3292.98","Paid","2026-10-03 00:00:00","2026-10-14 00:00:00","2026-10-16","2026-10-14"
"2807","234","2026-11-01","859.81","5158.86","Pending","2026-11-02 00:00:00","2026-11-12 00:00:00","2026-11-16",""
"2808","234","2026-12-01","627.32","4391.24","Paid","2026-12-02 00:00:00","2026-12-11 00:00:00","2026-12-16","2026-12-11"
"2809","235","2026-01-01","506.67","2786.68","Pending","2026-01-03 00:00:00","2026-01-13 00:00:00","2026-01-16",""
"2810","235","2026-02-01","126.95","761.7","Overdue","2026-02-02 00:00:00","2026-02-22 00:00:00","2026-02-16","2026-02-22"
"2811","235","2026-03-01","679.03","3734.66","Pending","2026-03-01 00:00:00","2026-03-11 00:00:00","2026-03-16",""
"2812","235","2026-04-01","296.33","2074.31","Paid","2026-04-01 00:00:00","2026-04-16 00:00:00","2026-04-16","2026-04-16"
"2813","235","2026-05-01","845.12","5070.72","Paid","2026-05-01 00:00:00","2026-05-12 00:00:00","2026-05-16","2026-05-12"
"2814","235","2026-06-01","752.28","4137.54","Pending","2026-06-01 00:00:00","2026-06-11 00:00:00","2026-06-16",""
"2815","235","2026-07-01","804.02","4824.12","Paid","2026-07-02 00:00:00","2026-07-11 00:00:00","2026-07-16","2026-07-11"
"2816","235","2026-08-01","383.49","2876.18","Overdue","2026-08-02 00:00:00","2026-08-25 00:00:00","2026-08-16","2026-08-25"
"2817","235","2026-09-01","875.35","4814.43","Paid","2026-09-01 00:00:00","2026-09-14 00:00:00","2026-09-16","2026-09-14"
"2818","235","2026-10-01","750.55","4128.02","Paid","2026-10-03 00:00:00","2026-10-15 00:00:00","2026-10-16","2026-10-15"
"2819","235","2026-11-01","599.24","3595.44","Paid","2026-11-03 00:00:00","2026-11-15 00:00:00","2026-11-16","2026-11-15"
"2820","235","2026-12-01","811.03","5271.69","Paid","2026-12-02 00:00:00","2026-12-12 00:00:00","2026-12-16","2026-12-12"
"2821","236","2026-01-01","619.47","3716.82","Paid","2026-01-03 00:00:00","2026-01-14 00:00:00","2026-01-16","2026-01-14"
"2822","236","2026-02-01","305.02","1830.12","Pending","2026-02-03 00:00:00","2026-02-13 00:00:00","2026-02-16",""
"2823","236","2026-03-01","184.16","1104.96","Paid","2026-03-03 00:00:00","2026-03-13 00:00:00","2026-03-16","2026-03-13"
"2824","236","2026-04-01","439.17","2854.61","Paid","2026-04-02 00:00:00","2026-04-14 00:00:00","2026-04-16","2026-04-14"
"2825","236","2026-05-01","197.59","1383.13","Paid","2026-05-03 00:00:00","2026-05-12 00:00:00","2026-05-16","2026-05-12"
"2826","236","2026-06-01","768.27","4609.62","Overdue","2026-06-01 00:00:00","2026-06-25 00:00:00","2026-06-16","2026-06-25"
"2827","236","2026-07-01","445.76","3120.32","Paid","2026-07-02 00:00:00","2026-07-11 00:00:00","2026-07-16","2026-07-11"
"2828","236","2026-08-01","370.88","2781.6","Paid","2026-08-01 00:00:00","2026-08-11 00:00:00","2026-08-16","2026-08-11"
"2829","236","2026-09-01","613.3","3986.45","Paid","2026-09-01 00:00:00","2026-09-14 00:00:00","2026-09-16","2026-09-14"
"2830","236","2026-10-01","386.22","2317.32","Paid","2026-10-01 00:00:00","2026-10-11 00:00:00","2026-10-16","2026-10-11"
"2831","236","2026-11-01","151.0","1057.0","Paid","2026-11-03 00:00:00","2026-11-15 00:00:00","2026-11-16","2026-11-15"
"2832","236","2026-12-01","690.59","3798.25","Paid","2026-12-02 00:00:00","2026-12-12 00:00:00","2026-12-16","2026-12-12"
"2833","237","2026-01-01","361.04","2707.8","Overdue","2026-01-03 00:00:00","2026-01-17 00:00:00","2026-01-16","2026-01-17"
"2834","237","2026-02-01","380.11","2090.61","Paid","2026-02-03 00:00:00","2026-02-13 00:00:00","2026-02-16","2026-02-13"
"2835","237","2026-03-01","268.15","2011.12","Paid","2026-03-03 00:00:00","2026-03-15 00:00:00","2026-03-16","2026-03-15"
"2836","237","2026-04-01","681.92","4091.52","Paid","2026-04-03 00:00:00","2026-04-16 00:00:00","2026-04-16","2026-04-16"
"2837","237","2026-05-01","520.08","2860.44","Paid","2026-05-03 00:00:00","2026-05-14 00:00:00","2026-05-16","2026-05-14"
"2838","237","2026-06-01","689.33","3791.32","Paid","2026-06-02 00:00:00","2026-06-12 00:00:00","2026-06-16","2026-06-12"
"2839","237","2026-07-01","582.67","4370.02","Paid","2026-07-03 00:00:00","2026-07-13 00:00:00","2026-07-16","2026-07-13"
"2840","237","2026-08-01","405.11","2228.11","Overdue","2026-08-03 00:00:00","2026-08-25 00:00:00","2026-08-16","2026-08-25"
"2841","237","2026-09-01","703.41","4572.16","Overdue","2026-09-01 00:00:00","2026-09-18 00:00:00","2026-09-16","2026-09-18"
"2842","237","2026-10-01","826.3","4957.8","Paid","2026-10-03 00:00:00","2026-10-12 00:00:00","2026-10-16","2026-10-12"
"2843","237","2026-11-01","340.9","2386.3","Pending","2026-11-01 00:00:00","2026-11-11 00:00:00","2026-11-16",""
"2844","237","2026-12-01","503.92","3275.48","Paid","2026-12-03 00:00:00","2026-12-11 00:00:00","2026-12-16","2026-12-11"
"2845","238","2026-01-01","267.73","1740.25","Overdue","2026-01-03 00:00:00","2026-01-25 00:00:00","2026-01-16","2026-01-25"
"2846","238","2026-02-01","766.15","5746.12","Paid","2026-02-02 00:00:00","2026-02-11 00:00:00","2026-02-16","2026-02-11"
"2847","238","2026-03-01","258.65","1422.57","Pending","2026-03-02 00:00:00","2026-03-12 00:00:00","2026-03-16",""
"2848","238","2026-04-01","329.78","2143.57","Paid","2026-04-01 00:00:00","2026-04-15 00:00:00","2026-04-16","2026-04-15"
"2849","238","2026-05-01","658.25","4936.88","Pending","2026-05-03 00:00:00","2026-05-13 00:00:00","2026-05-16",""
"2850","238","2026-06-01","765.77","4977.51","Overdue","2026-06-02 00:00:00","2026-06-21 00:00:00","2026-06-16","2026-06-21"
"2851","238","2026-07-01","650.66","4879.95","Paid","2026-07-01 00:00:00","2026-07-15 00:00:00","2026-07-16","2026-07-15"
"2852","238","2026-08-01","171.98","1031.88","Paid","2026-08-01 00:00:00","2026-08-11 00:00:00","2026-08-16","2026-08-11"
"2853","238","2026-09-01","789.4","4341.7","Paid","2026-09-03 00:00:00","2026-09-11 00:00:00","2026-09-16","2026-09-11"
"2854","238","2026-10-01","315.11","2048.22","Paid","2026-10-01 00:00:00","2026-10-14 00:00:00","2026-10-16","2026-10-14"
"2855","238","2026-11-01","548.65","3566.22","Paid","2026-11-01 00:00:00","2026-11-11 00:00:00","2026-11-16","2026-11-11"
"2856","238","2026-12-01","274.2","1508.1","Paid","2026-12-02 00:00:00","2026-12-14 00:00:00","2026-12-16","2026-12-14"
"2857","239","2026-01-01","162.89","977.34","Paid","2026-01-02 00:00:00","2026-01-11 00:00:00","2026-01-16","2026-01-11"
"2858","239","2026-02-01","419.31","2935.17","Overdue","2026-02-01 00:00:00","2026-02-17 00:00:00","2026-02-16","2026-02-17"
"2859","239","2026-03-01","556.99","3341.94","Pending","2026-03-02 00:00:00","2026-03-12 00:00:00","2026-03-16",""
"2860","239","2026-04-01","516.5","3615.5","Paid","2026-04-03 00:00:00","2026-04-13 00:00:00","2026-04-16","2026-04-13"
"2861","239","2026-05-01","585.89","3515.34","Pending","2026-05-03 00:00:00","2026-05-13 00:00:00","2026-05-16",""
"2862","239","2026-06-01","716.91","4301.46","Pending","2026-06-01 00:00:00","2026-06-11 00:00:00","2026-06-16",""
"2863","239","2026-07-01","415.22","2906.54","Paid","2026-07-01 00:00:00","2026-07-13 00:00:00","2026-07-16","2026-07-13"
"2864","239","2026-08-01","366.47","2565.29","Paid","2026-08-02 00:00:00","2026-08-14 00:00:00","2026-08-16","2026-08-14"
"2865","239","2026-09-01","899.11","4945.11","Paid","2026-09-03 00:00:00","2026-09-15 00:00:00","2026-09-16","2026-09-15"
"2866","239","2026-10-01","468.66","3514.95","Paid","2026-10-02 00:00:00","2026-10-14 00:00:00","2026-10-16","2026-10-14"
"2867","239","2026-11-01","95.13","665.91","Overdue","2026-11-01 00:00:00","2026-11-24 00:00:00","2026-11-16","2026-11-24"
"2868","239","2026-12-01","784.76","5493.32","Paid","2026-12-02 00:00:00","2026-12-15 00:00:00","2026-12-16","2026-12-15"
"2869","240","2026-01-01","598.59","4489.43","Pending","2026-01-02 00:00:00","2026-01-12 00:00:00","2026-01-16",""
"2870","240","2026-02-01","170.74","1280.55","Paid","2026-02-02 00:00:00","2026-02-13 00:00:00","2026-02-16","2026-02-13"
"2871","240","2026-03-01","795.8","4376.9","Pending","2026-03-01 00:00:00","2026-03-11 00:00:00","2026-03-16",""
"2872","240","2026-04-01","549.77","3573.51","Paid","2026-04-03 00:00:00","2026-04-15 00:00:00","2026-04-16","2026-04-15"
"2873","240","2026-05-01","361.0","2527.0","Overdue","2026-05-03 00:00:00","2026-05-19 00:00:00","2026-05-16","2026-05-19"
"2874","240","2026-06-01","734.66","4775.29","Paid","2026-06-02 00:00:00","2026-06-16 00:00:00","2026-06-16","2026-06-16"
"2875","240","2026-07-01","898.64","4942.52","Paid","2026-07-02 00:00:00","2026-07-14 00:00:00","2026-07-16","2026-07-14"
"2876","240","2026-08-01","829.85","5808.95","Paid","2026-08-02 00:00:00","2026-08-11 00:00:00","2026-08-16","2026-08-11"
"2877","240","2026-09-01","587.0","4109.0","Pending","2026-09-03 00:00:00","2026-09-13 00:00:00","2026-09-16",""
"2878","240","2026-10-01","757.68","5303.76","Paid","2026-10-03 00:00:00","2026-10-16 00:00:00","2026-10-16","2026-10-16"
"2879","240","2026-11-01","768.13","5760.98","Paid","2026-11-02 00:00:00","2026-11-14 00:00:00","2026-11-16","2026-11-14"
"2880","240","2026-12-01","768.88","4613.28","Overdue","2026-12-03 00:00:00","2026-12-20 00:00:00","2026-12-16","2026-12-20"
"2881","241","2026-01-01","115.01","747.57","Overdue","2026-01-03 00:00:00","2026-01-17 00:00:00","2026-01-16","2026-01-17"
"2882","241","2026-02-01","315.7","1736.35","Overdue","2026-02-02 00:00:00","2026-02-20 00:00:00","2026-02-16","2026-02-20"
"2883","241","2026-03-01","537.1","3759.7","Paid","2026-03-02 00:00:00","2026-03-13 00:00:00","2026-03-16","2026-03-13"
"2884","241","2026-04-01","672.1","4368.65","Paid","2026-04-01 00:00:00","2026-04-14 00:00:00","2026-04-16","2026-04-14"
"2885","241","2026-05-01","386.91","2901.83","Overdue","2026-05-03 00:00:00","2026-05-18 00:00:00","2026-05-16","2026-05-18"
"2886","241","2026-06-01","671.61","4701.27","Overdue","2026-06-03 00:00:00","2026-06-20 00:00:00","2026-06-16","2026-06-20"
"2887","241","2026-07-01","829.63","4977.78","Paid","2026-07-03 00:00:00","2026-07-15 00:00:00","2026-07-16","2026-07-15"
"2888","241","2026-08-01","856.87","5998.09","Paid","2026-08-02 00:00:00","2026-08-14 00:00:00","2026-08-16","2026-08-14"
"2889","241","2026-09-01","894.03","5811.19","Paid","2026-09-03 00:00:00","2026-09-13 00:00:00","2026-09-16","2026-09-13"
"2890","241","2026-10-01","116.73","875.48","Overdue","2026-10-02 00:00:00","2026-10-26 00:00:00","2026-10-16","2026-10-26"
"2891","241","2026-11-01","246.94","1852.05","Overdue","2026-11-02 00:00:00","2026-11-22 00:00:00","2026-11-16","2026-11-22"
"2892","241","2026-12-01","763.41","5725.57","Overdue","2026-12-03 00:00:00","2026-12-20 00:00:00","2026-12-16","2026-12-20"
"2893","242","2026-01-01","304.16","2129.12","Overdue","2026-01-01 00:00:00","2026-01-17 00:00:00","2026-01-16","2026-01-17"
"2894","242","2026-02-01","367.33","2754.97","Overdue","2026-02-01 00:00:00","2026-02-21 00:00:00","2026-02-16","2026-02-21"
"2895","242","2026-03-01","569.05","3414.3","Pending","2026-03-01 00:00:00","2026-03-11 00:00:00","2026-03-16",""
"2896","242","2026-04-01","863.3","4748.15","Paid","2026-04-03 00:00:00","2026-04-16 00:00:00","2026-04-16","2026-04-16"
"2897","242","2026-05-01","381.96","2100.78","Paid","2026-05-03 00:00:00","2026-05-11 00:00:00","2026-05-16","2026-05-11"
"2898","242","2026-06-01","674.27","3708.48","Overdue","2026-06-01 00:00:00","2026-06-20 00:00:00","2026-06-16","2026-06-20"
"2899","242","2026-07-01","127.5","828.75","Overdue","2026-07-01 00:00:00","2026-07-22 00:00:00","2026-07-16","2026-07-22"
"2900","242","2026-08-01","458.62","3439.65","Paid","2026-08-01 00:00:00","2026-08-16 00:00:00","2026-08-16","2026-08-16"
"2901","242","2026-09-01","343.14","2058.84","Paid","2026-09-01 00:00:00","2026-09-12 00:00:00","2026-09-16","2026-09-12"
"2902","242","2026-10-01","215.1","1183.05","Pending","2026-10-01 00:00:00","2026-10-11 00:00:00","2026-10-16",""
"2903","242","2026-11-01","813.26","6099.45","Paid","2026-11-01 00:00:00","2026-11-13 00:00:00","2026-11-16","2026-11-13"
"2904","242","2026-12-01","822.48","5346.12","Pending","2026-12-02 00:00:00","2026-12-12 00:00:00","2026-12-16",""
"2905","243","2026-01-01","850.88","6381.6","Paid","2026-01-02 00:00:00","2026-01-13 00:00:00","2026-01-16","2026-01-13"
"2906","243","2026-02-01","291.38","2185.35","Overdue","2026-02-01 00:00:00","2026-02-21 00:00:00","2026-02-16","2026-02-21"
"2907","243","2026-03-01","237.63","1425.78","Paid","2026-03-03 00:00:00","2026-03-14 00:00:00","2026-03-16","2026-03-14"
"2908","243","2026-04-01","640.2","3841.2","Paid","2026-04-03 00:00:00","2026-04-16 00:00:00","2026-04-16","2026-04-16"
"2909","243","2026-05-01","91.19","592.74","Paid","2026-05-02 00:00:00","2026-05-16 00:00:00","2026-05-16","2026-05-16"
"2910","243","2026-06-01","310.33","2017.14","Paid","2026-06-01 00:00:00","2026-06-13 00:00:00","2026-06-16","2026-06-13"
"2911","243","2026-07-01","452.17","2486.93","Pending","2026-07-02 00:00:00","2026-07-12 00:00:00","2026-07-16",""
"2912","243","2026-08-01","290.02","1885.13","Overdue","2026-08-02 00:00:00","2026-08-24 00:00:00","2026-08-16","2026-08-24"
"2913","243","2026-09-01","457.87","3434.03","Overdue","2026-09-03 00:00:00","2026-09-20 00:00:00","2026-09-16","2026-09-20"
"2914","243","2026-10-01","759.75","4178.62","Overdue","2026-10-01 00:00:00","2026-10-24 00:00:00","2026-10-16","2026-10-24"
"2915","243","2026-11-01","890.34","5787.21","Pending","2026-11-03 00:00:00","2026-11-13 00:00:00","2026-11-16",""
"2916","243","2026-12-01","182.57","1369.27","Paid","2026-12-02 00:00:00","2026-12-11 00:00:00","2026-12-16","2026-12-11"
"2917","244","2026-01-01","390.22","2341.32","Paid","2026-01-01 00:00:00","2026-01-11 00:00:00","2026-01-16","2026-01-11"
"2918","244","2026-02-01","603.21","3619.26","Pending","2026-02-03 00:00:00","2026-02-13 00:00:00","2026-02-16",""
"2919","244","2026-03-01","659.88","3629.34","Overdue","2026-03-01 00:00:00","2026-03-18 00:00:00","2026-03-16","2026-03-18"
"2920","244","2026-04-01","898.66","6739.95","Overdue","2026-04-01 00:00:00","2026-04-22 00:00:00","2026-04-16","2026-04-22"
"2921","244","2026-05-01","90.79","635.53","Paid","2026-05-03 00:00:00","2026-05-15 00:00:00","2026-05-16","2026-05-15"
"2922","244","2026-06-01","715.93","3937.61","Paid","2026-06-03 00:00:00","2026-06-12 00:00:00","2026-06-16","2026-06-12"
"2923","244","2026-07-01","690.77","4490.01","Paid","2026-07-02 00:00:00","2026-07-15 00:00:00","2026-07-16","2026-07-15"
"2924","244","2026-08-01","614.01","3684.06","Paid","2026-08-03 00:00:00","2026-08-12 00:00:00","2026-08-16","2026-08-12"
"2925","244","2026-09-01","695.25","4519.12","Paid","2026-09-02 00:00:00","2026-09-14 00:00:00","2026-09-16","2026-09-14"
"2926","244","2026-10-01","125.47","690.09","Paid","2026-10-01 00:00:00","2026-10-15 00:00:00","2026-10-16","2026-10-15"
"2927","244","2026-11-01","341.79","2392.53","Paid","2026-11-03 00:00:00","2026-11-11 00:00:00","2026-11-16","2026-11-11"
"2928","244","2026-12-01","418.8","3141.0","Paid","2026-12-01 00:00:00","2026-12-14 00:00:00","2026-12-16","2026-12-14"
"2929","245","2026-01-01","533.41","3733.87","Paid","2026-01-01 00:00:00","2026-01-11 00:00:00","2026-01-16","2026-01-11"
"2930","245","2026-02-01","278.96","1952.72","Paid","2026-02-02 00:00:00","2026-02-13 00:00:00","2026-02-16","2026-02-13"
"2931","245","2026-03-01","101.18","607.08","Paid","2026-03-03 00:00:00","2026-03-15 00:00:00","2026-03-16","2026-03-15"
"2932","245","2026-04-01","848.67","5092.02","Overdue","2026-04-01 00:00:00","2026-04-24 00:00:00","2026-04-16","2026-04-24"
"2933","245","2026-05-01","854.19","6406.43","Overdue","2026-05-01 00:00:00","2026-05-23 00:00:00","2026-05-16","2026-05-23"
"2934","245","2026-06-01","254.19","1398.05","Paid","2026-06-02 00:00:00","2026-06-11 00:00:00","2026-06-16","2026-06-11"
"2935","245","2026-07-01","451.09","2480.99","Paid","2026-07-02 00:00:00","2026-07-13 00:00:00","2026-07-16","2026-07-13"
"2936","245","2026-08-01","588.78","3238.29","Paid","2026-08-02 00:00:00","2026-08-11 00:00:00","2026-08-16","2026-08-11"
"2937","245","2026-09-01","455.22","2958.93","Overdue","2026-09-01 00:00:00","2026-09-18 00:00:00","2026-09-16","2026-09-18"
"2938","245","2026-10-01","441.77","2650.62","Paid","2026-10-02 00:00:00","2026-10-13 00:00:00","2026-10-16","2026-10-13"
"2939","245","2026-11-01","736.77","5157.39","Paid","2026-11-02 00:00:00","2026-11-13 00:00:00","2026-11-16","2026-11-13"
"2940","245","2026-12-01","698.6","4890.2","Paid","2026-12-03 00:00:00","2026-12-15 00:00:00","2026-12-16","2026-12-15"
"2941","246","2026-01-01","637.89","4784.18","Paid","2026-01-01 00:00:00","2026-01-11 00:00:00","2026-01-16","2026-01-11"
"2942","246","2026-02-01","111.78","838.35","Paid","2026-02-02 00:00:00","2026-02-15 00:00:00","2026-02-16","2026-02-15"
"2943","246","2026-03-01","742.3","5567.25","Paid","2026-03-01 00:00:00","2026-03-15 00:00:00","2026-03-16","2026-03-15"
"2944","246","2026-04-01","327.08","1798.94","Paid","2026-04-03 00:00:00","2026-04-13 00:00:00","2026-04-16","2026-04-13"
"2945","246","2026-05-01","526.83","3160.98","Pending","2026-05-03 00:00:00","2026-05-13 00:00:00","2026-05-16",""
"2946","246","2026-06-01","806.57","4839.42","Paid","2026-06-03 00:00:00","2026-06-16 00:00:00","2026-06-16","2026-06-16"
"2947","246","2026-07-01","662.84","3645.62","Paid","2026-07-01 00:00:00","2026-07-15 00:00:00","2026-07-16","2026-07-15"
"2948","246","2026-08-01","846.65","6349.88","Paid","2026-08-01 00:00:00","2026-08-14 00:00:00","2026-08-16","2026-08-14"
"2949","246","2026-09-01","760.49","4943.19","Overdue","2026-09-02 00:00:00","2026-09-17 00:00:00","2026-09-16","2026-09-17"
"2950","246","2026-10-01","120.73","664.01","Overdue","2026-10-01 00:00:00","2026-10-18 00:00:00","2026-10-16","2026-10-18"
"2951","246","2026-11-01","392.19","2941.43","Pending","2026-11-03 00:00:00","2026-11-13 00:00:00","2026-11-16",""
"2952","246","2026-12-01","97.87","734.03","Paid","2026-12-03 00:00:00","2026-12-12 00:00:00","2026-12-16","2026-12-12"
"2953","247","2026-01-01","873.3","5676.45","Paid","2026-01-02 00:00:00","2026-01-15 00:00:00","2026-01-16","2026-01-15"
"2954","247","2026-02-01","607.6","3645.6","Pending","2026-02-03 00:00:00","2026-02-13 00:00:00","2026-02-16",""
"2955","247","2026-03-01","804.45","6033.38","Paid","2026-03-03 00:00:00","2026-03-15 00:00:00","2026-03-16","2026-03-15"
"2956","247","2026-04-01","401.54","2810.78","Paid","2026-04-03 00:00:00","2026-04-11 00:00:00","2026-04-16","2026-04-11"
"2957","247","2026-05-01","362.57","2537.99","Paid","2026-05-03 00:00:00","2026-05-11 00:00:00","2026-05-16","2026-05-11"
"2958","247","2026-06-01","829.82","5808.74","Pending","2026-06-03 00:00:00","2026-06-13 00:00:00","2026-06-16",""
"2959","247","2026-07-01","632.25","4741.88","Paid","2026-07-03 00:00:00","2026-07-13 00:00:00","2026-07-16","2026-07-13"
"2960","247","2026-08-01","137.26","960.82","Paid","2026-08-02 00:00:00","2026-08-14 00:00:00","2026-08-16","2026-08-14"
"2961","247","2026-09-01","229.86","1264.23","Pending","2026-09-02 00:00:00","2026-09-12 00:00:00","2026-09-16",""
"2962","247","2026-10-01","179.22","1254.54","Overdue","2026-10-02 00:00:00","2026-10-20 00:00:00","2026-10-16","2026-10-20"
"2963","247","2026-11-01","463.79","3246.53","Paid","2026-11-03 00:00:00","2026-11-16 00:00:00","2026-11-16","2026-11-16"
"2964","247","2026-12-01","286.82","2151.15","Overdue","2026-12-02 00:00:00","2026-12-23 00:00:00","2026-12-16","2026-12-23"
"2965","248","2026-01-01","635.69","3496.3","Paid","2026-01-03 00:00:00","2026-01-11 00:00:00","2026-01-16","2026-01-11"
"2966","248","2026-02-01","424.49","2334.7","Pending","2026-02-02 00:00:00","2026-02-12 00:00:00","2026-02-16",""
"2967","248","2026-03-01","660.1","4620.7","Paid","2026-03-01 00:00:00","2026-03-12 00:00:00","2026-03-16","2026-03-12"
"2968","248","2026-04-01","743.54","4461.24","Paid","2026-04-01 00:00:00","2026-04-11 00:00:00","2026-04-16","2026-04-11"
"2969","248","2026-05-01","147.38","957.97","Overdue","2026-05-03 00:00:00","2026-05-21 00:00:00","2026-05-16","2026-05-21"
"2970","248","2026-06-01","597.65","3585.9","Paid","2026-06-01 00:00:00","2026-06-14 00:00:00","2026-06-16","2026-06-14"
"2971","248","2026-07-01","301.91","1811.46","Paid","2026-07-02 00:00:00","2026-07-16 00:00:00","2026-07-16","2026-07-16"
"2972","248","2026-08-01","382.33","2485.14","Paid","2026-08-03 00:00:00","2026-08-16 00:00:00","2026-08-16","2026-08-16"
"2973","248","2026-09-01","516.53","3615.71","Paid","2026-09-02 00:00:00","2026-09-14 00:00:00","2026-09-16","2026-09-14"
"2974","248","2026-10-01","523.88","3667.16","Paid","2026-10-03 00:00:00","2026-10-15 00:00:00","2026-10-16","2026-10-15"
"2975","248","2026-11-01","460.28","2531.54","Paid","2026-11-02 00:00:00","2026-11-15 00:00:00","2026-11-16","2026-11-15"
"2976","248","2026-12-01","678.26","4747.82","Paid","2026-12-01 00:00:00","2026-12-12 00:00:00","2026-12-16","2026-12-12"
"2977","249","2026-01-01","529.2","3969.0","Pending","2026-01-01 00:00:00","2026-01-11 00:00:00","2026-01-16",""
"2978","249","2026-02-01","683.32","4441.58","Overdue","2026-02-03 00:00:00","2026-02-21 00:00:00","2026-02-16","2026-02-21"
"2979","249","2026-03-01","326.12","1793.66","Paid","2026-03-03 00:00:00","2026-03-11 00:00:00","2026-03-16","2026-03-11"
"2980","249","2026-04-01","450.64","3379.8","Paid","2026-04-03 00:00:00","2026-04-13 00:00:00","2026-04-16","2026-04-13"
"2981","249","2026-05-01","100.86","554.73","Pending","2026-05-03 00:00:00","2026-05-13 00:00:00","2026-05-16",""
"2982","249","2026-06-01","597.82","4184.74","Paid","2026-06-02 00:00:00","2026-06-12 00:00:00","2026-06-16","2026-06-12"
"2983","249","2026-07-01","507.72","3300.18","Paid","2026-07-01 00:00:00","2026-07-14 00:00:00","2026-07-16","2026-07-14"
"2984","249","2026-08-01","807.1","6053.25","Paid","2026-08-01 00:00:00","2026-08-11 00:00:00","2026-08-16","2026-08-11"
"2985","249","2026-09-01","357.96","1968.78","Paid","2026-09-01 00:00:00","2026-09-11 00:00:00","2026-09-16","2026-09-11"
"2986","249","2026-10-01","266.49","1732.18","Paid","2026-10-03 00:00:00","2026-10-13 00:00:00","2026-10-16","2026-10-13"
"2987","249","2026-11-01","235.99","1651.93","Paid","2026-11-02 00:00:00","2026-11-11 00:00:00","2026-11-16","2026-11-11"
"2988","249","2026-12-01","484.89","2909.34","Overdue","2026-12-01 00:00:00","2026-12-24 00:00:00","2026-12-16","2026-12-24"
"2989","250","2026-01-01","719.76","5398.2","Paid","2026-01-03 00:00:00","2026-01-11 00:00:00","2026-01-16","2026-01-11"
"2990","250","2026-02-01","318.74","2231.18","Pending","2026-02-03 00:00:00","2026-02-13 00:00:00","2026-02-16",""
"2991","250","2026-03-01","170.72","1024.32","Pending","2026-03-03 00:00:00","2026-03-13 00:00:00","2026-03-16",""
"2992","250","2026-04-01","803.8","6028.5","Overdue","2026-04-03 00:00:00","2026-04-18 00:00:00","2026-04-16","2026-04-18"
"2993","250","2026-05-01","728.2","5461.5","Paid","2026-05-01 00:00:00","2026-05-11 00:00:00","2026-05-16","2026-05-11"
"2994","250","2026-06-01","349.93","1924.62","Paid","2026-06-01 00:00:00","2026-06-13 00:00:00","2026-06-16","2026-06-13"
"2995","250","2026-07-01","451.23","2932.99","Overdue","2026-07-03 00:00:00","2026-07-26 00:00:00","2026-07-16","2026-07-26"
"2996","250","2026-08-01","752.72","4892.68","Overdue","2026-08-03 00:00:00","2026-08-24 00:00:00","2026-08-16","2026-08-24"
"2997","250","2026-09-01","882.27","6617.02","Paid","2026-09-01 00:00:00","2026-09-12 00:00:00","2026-09-16","2026-09-12"
"2998","250","2026-10-01","583.75","4086.25","Overdue","2026-10-01 00:00:00","2026-10-18 00:00:00","2026-10-16","2026-10-18"
"2999","250","2026-11-01","328.49","1970.94","Overdue","2026-11-02 00:00:00","2026-11-21 00:00:00","2026-11-16","2026-11-21"
"3000","250","2026-12-01","346.56","2599.2","Paid","2026-12-02 00:00:00","2026-12-16 00:00:00","2026-12-16","2026-12-16"
"3001","251","2026-01-01","498.19","2740.05","Pending","2026-01-01 00:00:00","2026-01-11 00:00:00","2026-01-16",""
"3002","251","2026-02-01","575.02","3737.63","Paid","2026-02-02 00:00:00","2026-02-14 00:00:00","2026-02-16","2026-02-14"
"3003","251","2026-03-01","321.76","2413.2","Paid","2026-03-02 00:00:00","2026-03-13 00:00:00","2026-03-16","2026-03-13"
"3004","251","2026-04-01","484.71","3150.61","Paid","2026-04-03 00:00:00","2026-04-12 00:00:00","2026-04-16","2026-04-12"
"3005","251","2026-05-01","586.71","4400.33","Paid","2026-05-01 00:00:00","2026-05-16 00:00:00","2026-05-16","2026-05-16"
"3006","251","2026-06-01","681.13","5108.48","Overdue","2026-06-02 00:00:00","2026-06-26 00:00:00","2026-06-16","2026-06-26"
"3007","251","2026-07-01","437.62","2625.72","Paid","2026-07-01 00:00:00","2026-07-14 00:00:00","2026-07-16","2026-07-14"
"3008","251","2026-08-01","877.2","6140.4","Overdue","2026-08-03 00:00:00","2026-08-23 00:00:00","2026-08-16","2026-08-23"
"3009","251","2026-09-01","759.09","4934.09","Paid","2026-09-02 00:00:00","2026-09-12 00:00:00","2026-09-16","2026-09-12"
"3010","251","2026-10-01","892.28","5353.68","Paid","2026-10-01 00:00:00","2026-10-11 00:00:00","2026-10-16","2026-10-11"
"3011","251","2026-11-01","294.62","2209.65","Pending","2026-11-03 00:00:00","2026-11-13 00:00:00","2026-11-16",""
"3012","251","2026-12-01","230.58","1498.77","Paid","2026-12-03 00:00:00","2026-12-13 00:00:00","2026-12-16","2026-12-13"
"3013","252","2026-01-01","606.88","3944.72","Overdue","2026-01-01 00:00:00","2026-01-20 00:00:00","2026-01-16","2026-01-20"
"3014","252","2026-02-01","366.11","2013.61","Overdue","2026-02-01 00:00:00","2026-02-17 00:00:00","2026-02-16","2026-02-17"
"3015","252","2026-03-01","720.55","5043.85","Paid","2026-03-01 00:00:00","2026-03-15 00:00:00","2026-03-16","2026-03-15"
"3016","252","2026-04-01","91.26","684.45","Paid","2026-04-03 00:00:00","2026-04-15 00:00:00","2026-04-16","2026-04-15"
"3017","252","2026-05-01","781.83","4300.07","Paid","2026-05-01 00:00:00","2026-05-11 00:00:00","2026-05-16","2026-05-11"
"3018","252","2026-06-01","160.0","1120.0","Paid","2026-06-01 00:00:00","2026-06-16 00:00:00","2026-06-16","2026-06-16"
"3019","252","2026-07-01","214.39","1286.34","Paid","2026-07-01 00:00:00","2026-07-11 00:00:00","2026-07-16","2026-07-11"
"3020","252","2026-08-01","821.44","5339.36","Paid","2026-08-01 00:00:00","2026-08-12 00:00:00","2026-08-16","2026-08-12"
"3021","252","2026-09-01","479.5","3116.75","Paid","2026-09-03 00:00:00","2026-09-15 00:00:00","2026-09-16","2026-09-15"
"3022","252","2026-10-01","169.38","1100.97","Paid","2026-10-01 00:00:00","2026-10-14 00:00:00","2026-10-16","2026-10-14"
"3023","252","2026-11-01","104.95","629.7","Paid","2026-11-01 00:00:00","2026-11-14 00:00:00","2026-11-16","2026-11-14"
"3024","252","2026-12-01","98.42","590.52","Paid","2026-12-02 00:00:00","2026-12-13 00:00:00","2026-12-16","2026-12-13"
"3025","253","2026-01-01","859.22","6014.54","Pending","2026-01-02 00:00:00","2026-01-12 00:00:00","2026-01-16",""
"3026","253","2026-02-01","292.65","1755.9","Paid","2026-02-01 00:00:00","2026-02-16 00:00:00","2026-02-16","2026-02-16"
"3027","253","2026-03-01","503.81","2770.95","Paid","2026-03-03 00:00:00","2026-03-15 00:00:00","2026-03-16","2026-03-15"
"3028","253","2026-04-01","235.62","1649.34","Paid","2026-04-01 00:00:00","2026-04-12 00:00:00","2026-04-16","2026-04-12"
"3029","253","2026-05-01","491.21","3684.07","Overdue","2026-05-01 00:00:00","2026-05-18 00:00:00","2026-05-16","2026-05-18"
"3030","253","2026-06-01","318.89","2391.67","Paid","2026-06-03 00:00:00","2026-06-12 00:00:00","2026-06-16","2026-06-12"
"3031","253","2026-07-01","214.17","1499.19","Paid","2026-07-03 00:00:00","2026-07-16 00:00:00","2026-07-16","2026-07-16"
"3032","253","2026-08-01","403.5","3026.25","Pending","2026-08-01 00:00:00","2026-08-11 00:00:00","2026-08-16",""
"3033","253","2026-09-01","199.36","1196.16","Paid","2026-09-02 00:00:00","2026-09-11 00:00:00","2026-09-16","2026-09-11"
"3034","253","2026-10-01","493.7","3209.05","Overdue","2026-10-01 00:00:00","2026-10-23 00:00:00","2026-10-16","2026-10-23"
"3035","253","2026-11-01","640.02","4160.13","Overdue","2026-11-01 00:00:00","2026-11-25 00:00:00","2026-11-16","2026-11-25"
"3036","253","2026-12-01","243.76","1462.56","Paid","2026-12-02 00:00:00","2026-12-11 00:00:00","2026-12-16","2026-12-11"
"3037","254","2026-01-01","286.05","1859.33","Paid","2026-01-03 00:00:00","2026-01-13 00:00:00","2026-01-16","2026-01-13"
"3038","254","2026-02-01","196.46","1080.53","Paid","2026-02-03 00:00:00","2026-02-13 00:00:00","2026-02-16","2026-02-13"
"3039","254","2026-03-01","373.19","2798.93","Overdue","2026-03-01 00:00:00","2026-03-24 00:00:00","2026-03-16","2026-03-24"
"3040","254","2026-04-01","172.13","1118.85","Paid","2026-04-02 00:00:00","2026-04-15 00:00:00","2026-04-16","2026-04-15"
"3041","254","2026-05-01","648.45","3566.48","Paid","2026-05-03 00:00:00","2026-05-13 00:00:00","2026-05-16","2026-05-13"
"3042","254","2026-06-01","99.53","547.41","Pending","2026-06-01 00:00:00","2026-06-11 00:00:00","2026-06-16",""
"3043","254","2026-07-01","220.73","1214.01","Overdue","2026-07-03 00:00:00","2026-07-20 00:00:00","2026-07-16","2026-07-20"
"3044","254","2026-08-01","852.97","5544.31","Paid","2026-08-03 00:00:00","2026-08-13 00:00:00","2026-08-16","2026-08-13"
"3045","254","2026-09-01","814.86","5704.02","Overdue","2026-09-01 00:00:00","2026-09-26 00:00:00","2026-09-16","2026-09-26"
"3046","254","2026-10-01","528.48","3963.6","Paid","2026-10-02 00:00:00","2026-10-16 00:00:00","2026-10-16","2026-10-16"
"3047","254","2026-11-01","159.95","1199.62","Pending","2026-11-01 00:00:00","2026-11-11 00:00:00","2026-11-16",""
"3048","254","2026-12-01","532.21","2927.16","Paid","2026-12-02 00:00:00","2026-12-11 00:00:00","2026-12-16","2026-12-11"
"3049","255","2026-01-01","325.58","2279.06","Paid","2026-01-02 00:00:00","2026-01-14 00:00:00","2026-01-16","2026-01-14"
"3050","255","2026-02-01","804.37","5630.59","Paid","2026-02-03 00:00:00","2026-02-14 00:00:00","2026-02-16","2026-02-14"
"3051","255","2026-03-01","656.9","4598.3","Paid","2026-03-01 00:00:00","2026-03-14 00:00:00","2026-03-16","2026-03-14"
"3052","255","2026-04-01","559.34","3915.38","Paid","2026-04-03 00:00:00","2026-04-12 00:00:00","2026-04-16","2026-04-12"
"3053","255","2026-05-01","359.23","2155.38","Pending","2026-05-02 00:00:00","2026-05-12 00:00:00","2026-05-16",""
"3054","255","2026-06-01","116.25","697.5","Paid","2026-06-01 00:00:00","2026-06-13 00:00:00","2026-06-16","2026-06-13"
"3055","255","2026-07-01","842.4","5054.4","Paid","2026-07-01 00:00:00","2026-07-11 00:00:00","2026-07-16","2026-07-11"
"3056","255","2026-08-01","117.85","648.17","Pending","2026-08-02 00:00:00","2026-08-12 00:00:00","2026-08-16",""
"3057","255","2026-09-01","644.8","4191.2","Overdue","2026-09-02 00:00:00","2026-09-23 00:00:00","2026-09-16","2026-09-23"
"3058","255","2026-10-01","250.31","1501.86","Pending","2026-10-03 00:00:00","2026-10-13 00:00:00","2026-10-16",""
"3059","255","2026-11-01","97.88","685.16","Paid","2026-11-01 00:00:00","2026-11-13 00:00:00","2026-11-16","2026-11-13"
"3060","255","2026-12-01","432.65","3244.88","Overdue","2026-12-03 00:00:00","2026-12-24 00:00:00","2026-12-16","2026-12-24"
"3061","256","2026-01-01","215.09","1505.63","Paid","2026-01-02 00:00:00","2026-01-13 00:00:00","2026-01-16","2026-01-13"
"3062","256","2026-02-01","99.04","693.28","Pending","2026-02-02 00:00:00","2026-02-12 00:00:00","2026-02-16",""
"3063","256","2026-03-01","341.88","1880.34","Pending","2026-03-03 00:00:00","2026-03-13 00:00:00","2026-03-16",""
"3064","256","2026-04-01","490.36","3677.7","Paid","2026-04-03 00:00:00","2026-04-15 00:00:00","2026-04-16","2026-04-15"
"3065","256","2026-05-01","179.56","1077.36","Paid","2026-05-03 00:00:00","2026-05-14 00:00:00","2026-05-16","2026-05-14"
"3066","256","2026-06-01","194.09","1261.59","Paid","2026-06-01 00:00:00","2026-06-14 00:00:00","2026-06-16","2026-06-14"
"3067","256","2026-07-01","768.09","4608.54","Overdue","2026-07-03 00:00:00","2026-07-24 00:00:00","2026-07-16","2026-07-24"
"3068","256","2026-08-01","215.9","1295.4","Overdue","2026-08-03 00:00:00","2026-08-26 00:00:00","2026-08-16","2026-08-26"
"3069","256","2026-09-01","375.32","2251.92","Pending","2026-09-03 00:00:00","2026-09-13 00:00:00","2026-09-16",""
"3070","256","2026-10-01","693.72","4856.04","Paid","2026-10-01 00:00:00","2026-10-12 00:00:00","2026-10-16","2026-10-12"
"3071","256","2026-11-01","488.02","3172.13","Paid","2026-11-02 00:00:00","2026-11-13 00:00:00","2026-11-16","2026-11-13"
"3072","256","2026-12-01","90.58","634.06","Paid","2026-12-03 00:00:00","2026-12-16 00:00:00","2026-12-16","2026-12-16"
"3073","257","2026-01-01","519.57","3377.21","Overdue","2026-01-03 00:00:00","2026-01-20 00:00:00","2026-01-16","2026-01-20"
"3074","257","2026-02-01","378.45","2838.38","Pending","2026-02-03 00:00:00","2026-02-13 00:00:00","2026-02-16",""
"3075","257","2026-03-01","84.04","462.22","Pending","2026-03-02 00:00:00","2026-03-12 00:00:00","2026-03-16",""
"3076","257","2026-04-01","800.11","6000.82","Overdue","2026-04-03 00:00:00","2026-04-22 00:00:00","2026-04-16","2026-04-22"
"3077","257","2026-05-01","506.31","3037.86","Paid","2026-05-03 00:00:00","2026-05-12 00:00:00","2026-05-16","2026-05-12"
"3078","257","2026-06-01","277.92","1945.44","Paid","2026-06-03 00:00:00","2026-06-11 00:00:00","2026-06-16","2026-06-11"
"3079","257","2026-07-01","890.84","5345.04","Paid","2026-07-01 00:00:00","2026-07-11 00:00:00","2026-07-16","2026-07-11"
"3080","257","2026-08-01","648.04","4212.26","Paid","2026-08-02 00:00:00","2026-08-12 00:00:00","2026-08-16","2026-08-12"
"3081","257","2026-09-01","566.91","3401.46","Pending","2026-09-03 00:00:00","2026-09-13 00:00:00","2026-09-16",""
"3082","257","2026-10-01","861.62","4738.91","Paid","2026-10-03 00:00:00","2026-10-11 00:00:00","2026-10-16","2026-10-11"
"3083","257","2026-11-01","465.72","3027.18","Overdue","2026-11-01 00:00:00","2026-11-24 00:00:00","2026-11-16","2026-11-24"
"3084","257","2026-12-01","871.81","5230.86","Paid","2026-12-03 00:00:00","2026-12-11 00:00:00","2026-12-16","2026-12-11"
"3085","258","2026-01-01","378.35","2080.93","Paid","2026-01-02 00:00:00","2026-01-16 00:00:00","2026-01-16","2026-01-16"
"3086","258","2026-02-01","476.43","2620.37","Pending","2026-02-03 00:00:00","2026-02-13 00:00:00","2026-02-16",""
"3087","258","2026-03-01","674.57","4721.99","Overdue","2026-03-01 00:00:00","2026-03-19 00:00:00","2026-03-16","2026-03-19"
"3088","258","2026-04-01","315.76","2368.2","Paid","2026-04-03 00:00:00","2026-04-15 00:00:00","2026-04-16","2026-04-15"
"3089","258","2026-05-01","818.32","6137.4","Paid","2026-05-01 00:00:00","2026-05-11 00:00:00","2026-05-16","2026-05-11"
"3090","258","2026-06-01","323.15","2100.47","Paid","2026-06-02 00:00:00","2026-06-13 00:00:00","2026-06-16","2026-06-13"
"3091","258","2026-07-01","857.47","6002.29","Overdue","2026-07-01 00:00:00","2026-07-26 00:00:00","2026-07-16","2026-07-26"
"3092","258","2026-08-01","372.04","2790.3","Paid","2026-08-02 00:00:00","2026-08-14 00:00:00","2026-08-16","2026-08-14"
"3093","258","2026-09-01","85.45","640.88","Overdue","2026-09-03 00:00:00","2026-09-21 00:00:00","2026-09-16","2026-09-21"
"3094","258","2026-10-01","338.95","2542.12","Paid","2026-10-03 00:00:00","2026-10-13 00:00:00","2026-10-16","2026-10-13"
"3095","258","2026-11-01","97.81","537.96","Paid","2026-11-02 00:00:00","2026-11-13 00:00:00","2026-11-16","2026-11-13"
"3096","258","2026-12-01","853.26","4692.93","Paid","2026-12-02 00:00:00","2026-12-12 00:00:00","2026-12-16","2026-12-12"
"3097","259","2026-01-01","253.33","1646.64","Overdue","2026-01-02 00:00:00","2026-01-26 00:00:00","2026-01-16","2026-01-26"
"3098","259","2026-02-01","264.68","1852.76","Paid","2026-02-03 00:00:00","2026-02-14 00:00:00","2026-02-16","2026-02-14"
"3099","259","2026-03-01","172.42","1120.73","Paid","2026-03-02 00:00:00","2026-03-14 00:00:00","2026-03-16","2026-03-14"
"3100","259","2026-04-01","837.88","4608.34","Overdue","2026-04-02 00:00:00","2026-04-20 00:00:00","2026-04-16","2026-04-20"
"3101","259","2026-05-01","450.25","3151.75","Paid","2026-05-02 00:00:00","2026-05-12 00:00:00","2026-05-16","2026-05-12"
"3102","259","2026-06-01","585.24","4096.68","Paid","2026-06-01 00:00:00","2026-06-11 00:00:00","2026-06-16","2026-06-11"
"3103","259","2026-07-01","320.38","2242.66","Paid","2026-07-02 00:00:00","2026-07-13 00:00:00","2026-07-16","2026-07-13"
"3104","259","2026-08-01","280.51","1683.06","Overdue","2026-08-01 00:00:00","2026-08-23 00:00:00","2026-08-16","2026-08-23"
"3105","259","2026-09-01","491.11","3683.33","Overdue","2026-09-03 00:00:00","2026-09-26 00:00:00","2026-09-16","2026-09-26"
"3106","259","2026-10-01","741.06","5187.42","Paid","2026-10-01 00:00:00","2026-10-14 00:00:00","2026-10-16","2026-10-14"
"3107","259","2026-11-01","456.29","2737.74","Paid","2026-11-01 00:00:00","2026-11-12 00:00:00","2026-11-16","2026-11-12"
"3108","259","2026-12-01","880.27","5721.76","Overdue","2026-12-01 00:00:00","2026-12-17 00:00:00","2026-12-16","2026-12-17"
"3109","260","2026-01-01","887.27","5323.62","Paid","2026-01-02 00:00:00","2026-01-11 00:00:00","2026-01-16","2026-01-11"
"3110","260","2026-02-01","569.68","3702.92","Paid","2026-02-01 00:00:00","2026-02-14 00:00:00","2026-02-16","2026-02-14"
"3111","260","2026-03-01","732.33","4027.82","Pending","2026-03-02 00:00:00","2026-03-12 00:00:00","2026-03-16",""
"3112","260","2026-04-01","208.4","1250.4","Paid","2026-04-02 00:00:00","2026-04-15 00:00:00","2026-04-16","2026-04-15"
"3113","260","2026-05-01","97.92","587.52","Paid","2026-05-01 00:00:00","2026-05-12 00:00:00","2026-05-16","2026-05-12"
"3114","260","2026-06-01","466.5","3498.75","Paid","2026-06-02 00:00:00","2026-06-12 00:00:00","2026-06-16","2026-06-12"
"3115","260","2026-07-01","382.01","2483.07","Paid","2026-07-01 00:00:00","2026-07-15 00:00:00","2026-07-16","2026-07-15"
"3116","260","2026-08-01","464.34","3250.38","Paid","2026-08-02 00:00:00","2026-08-15 00:00:00","2026-08-16","2026-08-15"
"3117","260","2026-09-01","412.91","2477.46","Paid","2026-09-03 00:00:00","2026-09-12 00:00:00","2026-09-16","2026-09-12"
"3118","260","2026-10-01","391.24","2543.06","Overdue","2026-10-02 00:00:00","2026-10-21 00:00:00","2026-10-16","2026-10-21"
"3119","260","2026-11-01","491.37","3685.28","Overdue","2026-11-03 00:00:00","2026-11-18 00:00:00","2026-11-16","2026-11-18"
"3120","260","2026-12-01","214.33","1500.31","Paid","2026-12-02 00:00:00","2026-12-13 00:00:00","2026-12-16","2026-12-13"
"3121","261","2026-01-01","201.5","1511.25","Paid","2026-01-03 00:00:00","2026-01-11 00:00:00","2026-01-16","2026-01-11"
"3122","261","2026-02-01","186.49","1025.7","Overdue","2026-02-01 00:00:00","2026-02-25 00:00:00","2026-02-16","2026-02-25"
"3123","261","2026-03-01","549.29","3570.38","Paid","2026-03-03 00:00:00","2026-03-14 00:00:00","2026-03-16","2026-03-14"
"3124","261","2026-04-01","342.39","2567.92","Paid","2026-04-02 00:00:00","2026-04-12 00:00:00","2026-04-16","2026-04-12"
"3125","261","2026-05-01","92.63","555.78","Paid","2026-05-02 00:00:00","2026-05-15 00:00:00","2026-05-16","2026-05-15"
"3126","261","2026-06-01","95.5","668.5","Pending","2026-06-02 00:00:00","2026-06-12 00:00:00","2026-06-16",""
"3127","261","2026-07-01","514.94","3089.64","Paid","2026-07-01 00:00:00","2026-07-16 00:00:00","2026-07-16","2026-07-16"
"3128","261","2026-08-01","153.69","1075.83","Paid","2026-08-02 00:00:00","2026-08-15 00:00:00","2026-08-16","2026-08-15"
"3129","261","2026-09-01","330.45","1817.47","Overdue","2026-09-02 00:00:00","2026-09-20 00:00:00","2026-09-16","2026-09-20"
"3130","261","2026-10-01","148.86","818.73","Paid","2026-10-03 00:00:00","2026-10-14 00:00:00","2026-10-16","2026-10-14"
"3131","261","2026-11-01","838.08","5028.48","Paid","2026-11-03 00:00:00","2026-11-12 00:00:00","2026-11-16","2026-11-12"
"3132","261","2026-12-01","118.94","713.64","Pending","2026-12-01 00:00:00","2026-12-11 00:00:00","2026-12-16",""
"3133","262","2026-01-01","551.95","3035.73","Paid","2026-01-03 00:00:00","2026-01-11 00:00:00","2026-01-16","2026-01-11"
"3134","262","2026-02-01","498.5","3240.25","Paid","2026-02-01 00:00:00","2026-02-13 00:00:00","2026-02-16","2026-02-13"
"3135","262","2026-03-01","346.54","1905.97","Paid","2026-03-02 00:00:00","2026-03-14 00:00:00","2026-03-16","2026-03-14"
"3136","262","2026-04-01","144.77","941.01","Overdue","2026-04-03 00:00:00","2026-04-17 00:00:00","2026-04-16","2026-04-17"
"3137","262","2026-05-01","630.3","3781.8","Overdue","2026-05-03 00:00:00","2026-05-19 00:00:00","2026-05-16","2026-05-19"
"3138","262","2026-06-01","88.06","660.45","Overdue","2026-06-01 00:00:00","2026-06-18 00:00:00","2026-06-16","2026-06-18"
"3139","262","2026-07-01","789.52","5131.88","Pending","2026-07-03 00:00:00","2026-07-13 00:00:00","2026-07-16",""
"3140","262","2026-08-01","658.75","3952.5","Paid","2026-08-01 00:00:00","2026-08-11 00:00:00","2026-08-16","2026-08-11"
"3141","262","2026-09-01","188.63","1320.41","Overdue","2026-09-01 00:00:00","2026-09-20 00:00:00","2026-09-16","2026-09-20"
"3142","262","2026-10-01","365.81","2743.57","Pending","2026-10-01 00:00:00","2026-10-11 00:00:00","2026-10-16",""
"3143","262","2026-11-01","446.72","3350.4","Pending","2026-11-03 00:00:00","2026-11-13 00:00:00","2026-11-16",""
"3144","262","2026-12-01","599.0","3294.5","Paid","2026-12-02 00:00:00","2026-12-12 00:00:00","2026-12-16","2026-12-12"
"3145","263","2026-01-01","646.03","4199.19","Paid","2026-01-02 00:00:00","2026-01-13 00:00:00","2026-01-16","2026-01-13"
"3146","263","2026-02-01","592.25","3553.5","Paid","2026-02-01 00:00:00","2026-02-16 00:00:00","2026-02-16","2026-02-16"
"3147","263","2026-03-01","364.81","2371.26","Paid","2026-03-03 00:00:00","2026-03-14 00:00:00","2026-03-16","2026-03-14"
"3148","263","2026-04-01","604.5","3324.75","Paid","2026-04-01 00:00:00","2026-04-11 00:00:00","2026-04-16","2026-04-11"
"3149","263","2026-05-01","841.72","5892.04","Paid","2026-05-01 00:00:00","2026-05-12 00:00:00","2026-05-16","2026-05-12"
"3150","263","2026-06-01","595.38","4465.35","Paid","2026-06-02 00:00:00","2026-06-15 00:00:00","2026-06-16","2026-06-15"
"3151","263","2026-07-01","169.54","1017.24","Pending","2026-07-03 00:00:00","2026-07-13 00:00:00","2026-07-16",""
"3152","263","2026-08-01","856.39","5138.34","Overdue","2026-08-02 00:00:00","2026-08-17 00:00:00","2026-08-16","2026-08-17"
"3153","263","2026-09-01","381.24","2096.82","Paid","2026-09-03 00:00:00","2026-09-16 00:00:00","2026-09-16","2026-09-16"
"3154","263","2026-10-01","677.2","4401.8","Paid","2026-10-03 00:00:00","2026-10-15 00:00:00","2026-10-16","2026-10-15"
"3155","263","2026-11-01","199.7","1497.75","Paid","2026-11-01 00:00:00","2026-11-15 00:00:00","2026-11-16","2026-11-15"
"3156","263","2026-12-01","307.63","1845.78","Paid","2026-12-03 00:00:00","2026-12-11 00:00:00","2026-12-16","2026-12-11"
"3157","264","2026-01-01","310.46","1862.76","Paid","2026-01-03 00:00:00","2026-01-11 00:00:00","2026-01-16","2026-01-11"
"3158","264","2026-02-01","293.07","1904.95","Paid","2026-02-02 00:00:00","2026-02-14 00:00:00","2026-02-16","2026-02-14"
"3159","264","2026-03-01","366.52","2015.86","Paid","2026-03-03 00:00:00","2026-03-15 00:00:00","2026-03-16","2026-03-15"
"3160","264","2026-04-01","347.11","2082.66","Paid","2026-04-03 00:00:00","2026-04-14 00:00:00","2026-04-16","2026-04-14"
"3161","264","2026-05-01","330.51","2313.57","Pending","2026-05-02 00:00:00","2026-05-12 00:00:00","2026-05-16",""
"3162","264","2026-06-01","127.26","763.56","Paid","2026-06-03 00:00:00","2026-06-14 00:00:00","2026-06-16","2026-06-14"
"3163","264","2026-07-01","575.33","4314.98","Overdue","2026-07-01 00:00:00","2026-07-22 00:00:00","2026-07-16","2026-07-22"
"3164","264","2026-08-01","690.41","4142.46","Paid","2026-08-02 00:00:00","2026-08-11 00:00:00","2026-08-16","2026-08-11"
"3165","264","2026-09-01","820.84","5745.88","Paid","2026-09-01 00:00:00","2026-09-15 00:00:00","2026-09-16","2026-09-15"
"3166","264","2026-10-01","705.52","4938.64","Paid","2026-10-01 00:00:00","2026-10-13 00:00:00","2026-10-16","2026-10-13"
"3167","264","2026-11-01","863.43","5612.3","Paid","2026-11-03 00:00:00","2026-11-14 00:00:00","2026-11-16","2026-11-14"
"3168","264","2026-12-01","795.13","5963.48","Paid","2026-12-01 00:00:00","2026-12-13 00:00:00","2026-12-16","2026-12-13"
"3169","265","2026-01-01","566.74","3117.07","Pending","2026-01-01 00:00:00","2026-01-11 00:00:00","2026-01-16",""
"3170","265","2026-02-01","452.22","3165.54","Pending","2026-02-02 00:00:00","2026-02-12 00:00:00","2026-02-16",""
"3171","265","2026-03-01","829.34","5390.71","Paid","2026-03-01 00:00:00","2026-03-15 00:00:00","2026-03-16","2026-03-15"
"3172","265","2026-04-01","397.53","2782.71","Paid","2026-04-03 00:00:00","2026-04-15 00:00:00","2026-04-16","2026-04-15"
"3173","265","2026-05-01","315.9","2369.25","Paid","2026-05-02 00:00:00","2026-05-16 00:00:00","2026-05-16","2026-05-16"
"3174","265","2026-06-01","262.37","1967.78","Paid","2026-06-01 00:00:00","2026-06-11 00:00:00","2026-06-16","2026-06-11"
"3175","265","2026-07-01","757.3","4165.15","Paid","2026-07-03 00:00:00","2026-07-16 00:00:00","2026-07-16","2026-07-16"
"3176","265","2026-08-01","740.25","5181.75","Paid","2026-08-01 00:00:00","2026-08-14 00:00:00","2026-08-16","2026-08-14"
"3177","265","2026-09-01","369.51","2401.82","Paid","2026-09-03 00:00:00","2026-09-16 00:00:00","2026-09-16","2026-09-16"
"3178","265","2026-10-01","785.08","5103.02","Paid","2026-10-03 00:00:00","2026-10-16 00:00:00","2026-10-16","2026-10-16"
"3179","265","2026-11-01","873.37","6550.27","Overdue","2026-11-01 00:00:00","2026-11-20 00:00:00","2026-11-16","2026-11-20"
"3180","265","2026-12-01","212.86","1170.73","Paid","2026-12-01 00:00:00","2026-12-16 00:00:00","2026-12-16","2026-12-16"
"3181","266","2026-01-01","424.89","2974.23","Overdue","2026-01-03 00:00:00","2026-01-24 00:00:00","2026-01-16","2026-01-24"
"3182","266","2026-02-01","466.09","3262.63","Paid","2026-02-02 00:00:00","2026-02-12 00:00:00","2026-02-16","2026-02-12"
"3183","266","2026-03-01","858.51","6438.82","Overdue","2026-03-02 00:00:00","2026-03-20 00:00:00","2026-03-16","2026-03-20"
"3184","266","2026-04-01","198.78","1490.85","Paid","2026-04-02 00:00:00","2026-04-14 00:00:00","2026-04-16","2026-04-14"
"3185","266","2026-05-01","552.03","3864.21","Pending","2026-05-01 00:00:00","2026-05-11 00:00:00","2026-05-16",""
"3186","266","2026-06-01","852.7","5542.55","Paid","2026-06-01 00:00:00","2026-06-13 00:00:00","2026-06-16","2026-06-13"
"3187","266","2026-07-01","215.78","1618.35","Paid","2026-07-01 00:00:00","2026-07-15 00:00:00","2026-07-16","2026-07-15"
"3188","266","2026-08-01","348.18","2611.35","Pending","2026-08-01 00:00:00","2026-08-11 00:00:00","2026-08-16",""
"3189","266","2026-09-01","484.56","3634.2","Pending","2026-09-03 00:00:00","2026-09-13 00:00:00","2026-09-16",""
"3190","266","2026-10-01","377.76","2833.2","Paid","2026-10-03 00:00:00","2026-10-16 00:00:00","2026-10-16","2026-10-16"
"3191","266","2026-11-01","174.14","1306.05","Overdue","2026-11-03 00:00:00","2026-11-21 00:00:00","2026-11-16","2026-11-21"
"3192","266","2026-12-01","116.61","641.36","Overdue","2026-12-01 00:00:00","2026-12-20 00:00:00","2026-12-16","2026-12-20"
"3193","267","2026-01-01","829.22","4975.32","Paid","2026-01-02 00:00:00","2026-01-11 00:00:00","2026-01-16","2026-01-11"
"3194","267","2026-02-01","500.58","3253.77","Overdue","2026-02-01 00:00:00","2026-02-21 00:00:00","2026-02-16","2026-02-21"
"3195","267","2026-03-01","439.61","2857.47","Paid","2026-03-03 00:00:00","2026-03-13 00:00:00","2026-03-16","2026-03-13"
"3196","267","2026-04-01","594.79","3568.74","Pending","2026-04-01 00:00:00","2026-04-11 00:00:00","2026-04-16",""
"3197","267","2026-05-01","872.99","5674.44","Overdue","2026-05-01 00:00:00","2026-05-18 00:00:00","2026-05-16","2026-05-18"
"3198","267","2026-06-01","639.92","3519.56","Paid","2026-06-02 00:00:00","2026-06-12 00:00:00","2026-06-16","2026-06-12"
"3199","267","2026-07-01","686.87","4464.65","Overdue","2026-07-03 00:00:00","2026-07-24 00:00:00","2026-07-16","2026-07-24"
"3200","267","2026-08-01","255.87","1407.29","Paid","2026-08-01 00:00:00","2026-08-11 00:00:00","2026-08-16","2026-08-11"
"3201","267","2026-09-01","280.26","2101.95","Paid","2026-09-02 00:00:00","2026-09-16 00:00:00","2026-09-16","2026-09-16"
"3202","267","2026-10-01","169.15","1268.62","Paid","2026-10-03 00:00:00","2026-10-15 00:00:00","2026-10-16","2026-10-15"
"3203","267","2026-11-01","397.54","2385.24","Paid","2026-11-03 00:00:00","2026-11-15 00:00:00","2026-11-16","2026-11-15"
"3204","267","2026-12-01","310.02","1860.12","Overdue","2026-12-03 00:00:00","2026-12-22 00:00:00","2026-12-16","2026-12-22"
"3205","268","2026-01-01","829.64","5392.66","Pending","2026-01-01 00:00:00","2026-01-11 00:00:00","2026-01-16",""
"3206","268","2026-02-01","525.32","3939.9","Paid","2026-02-03 00:00:00","2026-02-11 00:00:00","2026-02-16","2026-02-11"
"3207","268","2026-03-01","185.12","1388.4","Paid","2026-03-03 00:00:00","2026-03-11 00:00:00","2026-03-16","2026-03-11"
"3208","268","2026-04-01","137.13","822.78","Paid","2026-04-02 00:00:00","2026-04-12 00:00:00","2026-04-16","2026-04-12"
"3209","268","2026-05-01","418.03","2717.19","Overdue","2026-05-03 00:00:00","2026-05-23 00:00:00","2026-05-16","2026-05-23"
"3210","268","2026-06-01","478.57","2632.13","Overdue","2026-06-03 00:00:00","2026-06-18 00:00:00","2026-06-16","2026-06-18"
"3211","268","2026-07-01","488.94","3422.58","Pending","2026-07-03 00:00:00","2026-07-13 00:00:00","2026-07-16",""
"3212","268","2026-08-01","891.31","4902.2","Paid","2026-08-01 00:00:00","2026-08-11 00:00:00","2026-08-16","2026-08-11"
"3213","268","2026-09-01","463.13","3010.34","Paid","2026-09-03 00:00:00","2026-09-16 00:00:00","2026-09-16","2026-09-16"
"3214","268","2026-10-01","178.76","1161.94","Paid","2026-10-03 00:00:00","2026-10-15 00:00:00","2026-10-16","2026-10-15"
"3215","268","2026-11-01","737.52","4056.36","Paid","2026-11-01 00:00:00","2026-11-16 00:00:00","2026-11-16","2026-11-16"
"3216","268","2026-12-01","206.5","1135.75","Paid","2026-12-02 00:00:00","2026-12-12 00:00:00","2026-12-16","2026-12-12"
"3217","269","2026-01-01","324.41","1946.46","Overdue","2026-01-03 00:00:00","2026-01-20 00:00:00","2026-01-16","2026-01-20"
"3218","269","2026-02-01","584.22","4381.65","Paid","2026-02-02 00:00:00","2026-02-16 00:00:00","2026-02-16","2026-02-16"
"3219","269","2026-03-01","297.82","1786.92","Pending","2026-03-02 00:00:00","2026-03-12 00:00:00","2026-03-16",""
"3220","269","2026-04-01","222.33","1222.82","Paid","2026-04-02 00:00:00","2026-04-16 00:00:00","2026-04-16","2026-04-16"
"3221","269","2026-05-01","260.51","1432.8","Pending","2026-05-01 00:00:00","2026-05-11 00:00:00","2026-05-16",""
"3222","269","2026-06-01","390.09","2925.67","Pending","2026-06-02 00:00:00","2026-06-12 00:00:00","2026-06-16",""
"3223","269","2026-07-01","485.38","3397.66","Overdue","2026-07-02 00:00:00","2026-07-22 00:00:00","2026-07-16","2026-07-22"
"3224","269","2026-08-01","300.99","2106.93","Paid","2026-08-02 00:00:00","2026-08-11 00:00:00","2026-08-16","2026-08-11"
"3225","269","2026-09-01","100.85","756.38","Paid","2026-09-01 00:00:00","2026-09-11 00:00:00","2026-09-16","2026-09-11"
"3226","269","2026-10-01","180.45","1172.92","Overdue","2026-10-03 00:00:00","2026-10-17 00:00:00","2026-10-16","2026-10-17"
"3227","269","2026-11-01","592.69","3852.49","Paid","2026-11-01 00:00:00","2026-11-13 00:00:00","2026-11-16","2026-11-13"
"3228","269","2026-12-01","131.48","854.62","Paid","2026-12-03 00:00:00","2026-12-12 00:00:00","2026-12-16","2026-12-12"
"3229","270","2026-01-01","564.6","3952.2","Overdue","2026-01-03 00:00:00","2026-01-22 00:00:00","2026-01-16","2026-01-22"
"3230","270","2026-02-01","144.12","1008.84","Paid","2026-02-03 00:00:00","2026-02-14 00:00:00","2026-02-16","2026-02-14"
"3231","270","2026-03-01","172.63","1294.72","Paid","2026-03-02 00:00:00","2026-03-11 00:00:00","2026-03-16","2026-03-11"
"3232","270","2026-04-01","220.09","1320.54","Paid","2026-04-02 00:00:00","2026-04-11 00:00:00","2026-04-16","2026-04-11"
"3233","270","2026-05-01","631.17","3787.02","Overdue","2026-05-03 00:00:00","2026-05-25 00:00:00","2026-05-16","2026-05-25"
"3234","270","2026-06-01","588.62","4120.34","Overdue","2026-06-03 00:00:00","2026-06-24 00:00:00","2026-06-16","2026-06-24"
"3235","270","2026-07-01","279.34","1536.37","Paid","2026-07-02 00:00:00","2026-07-13 00:00:00","2026-07-16","2026-07-13"
"3236","270","2026-08-01","366.48","2748.6","Pending","2026-08-01 00:00:00","2026-08-11 00:00:00","2026-08-16",""
"3237","270","2026-09-01","221.32","1217.26","Paid","2026-09-02 00:00:00","2026-09-12 00:00:00","2026-09-16","2026-09-12"
"3238","270","2026-10-01","457.42","2973.23","Paid","2026-10-01 00:00:00","2026-10-15 00:00:00","2026-10-16","2026-10-15"
"3239","270","2026-11-01","761.05","5707.88","Paid","2026-11-02 00:00:00","2026-11-14 00:00:00","2026-11-16","2026-11-14"
"3240","270","2026-12-01","472.91","2837.46","Pending","2026-12-03 00:00:00","2026-12-13 00:00:00","2026-12-16",""
"3241","271","2026-01-01","757.98","4926.87","Paid","2026-01-02 00:00:00","2026-01-11 00:00:00","2026-01-16","2026-01-11"
"3242","271","2026-02-01","635.79","4768.42","Paid","2026-02-01 00:00:00","2026-02-16 00:00:00","2026-02-16","2026-02-16"
"3243","271","2026-03-01","577.37","3175.53","Paid","2026-03-02 00:00:00","2026-03-13 00:00:00","2026-03-16","2026-03-13"
"3244","271","2026-04-01","608.64","3347.52","Overdue","2026-04-01 00:00:00","2026-04-19 00:00:00","2026-04-16","2026-04-19"
"3245","271","2026-05-01","392.25","2157.38","Pending","2026-05-01 00:00:00","2026-05-11 00:00:00","2026-05-16",""
"3246","271","2026-06-01","398.74","2990.55","Paid","2026-06-03 00:00:00","2026-06-16 00:00:00","2026-06-16","2026-06-16"
"3247","271","2026-07-01","120.39","662.14","Pending","2026-07-02 00:00:00","2026-07-12 00:00:00","2026-07-16",""
"3248","271","2026-08-01","278.41","1948.87","Paid","2026-08-02 00:00:00","2026-08-15 00:00:00","2026-08-16","2026-08-15"
"3249","271","2026-09-01","780.91","5075.91","Paid","2026-09-01 00:00:00","2026-09-15 00:00:00","2026-09-16","2026-09-15"
"3250","271","2026-10-01","785.03","4710.18","Paid","2026-10-03 00:00:00","2026-10-13 00:00:00","2026-10-16","2026-10-13"
"3251","271","2026-11-01","165.91","912.5","Paid","2026-11-03 00:00:00","2026-11-12 00:00:00","2026-11-16","2026-11-12"
"3252","271","2026-12-01","889.82","6228.74","Paid","2026-12-03 00:00:00","2026-12-14 00:00:00","2026-12-16","2026-12-14"
"3253","272","2026-01-01","184.35","1382.62","Paid","2026-01-03 00:00:00","2026-01-14 00:00:00","2026-01-16","2026-01-14"
"3254","272","2026-02-01","817.49","4904.94","Overdue","2026-02-02 00:00:00","2026-02-22 00:00:00","2026-02-16","2026-02-22"
"3255","272","2026-03-01","588.2","3823.3","Paid","2026-03-02 00:00:00","2026-03-14 00:00:00","2026-03-16","2026-03-14"
"3256","272","2026-04-01","785.49","5891.18","Pending","2026-04-02 00:00:00","2026-04-12 00:00:00","2026-04-16",""
"3257","272","2026-05-01","400.91","2405.46","Paid","2026-05-01 00:00:00","2026-05-11 00:00:00","2026-05-16","2026-05-11"
"3258","272","2026-06-01","207.8","1142.9","Overdue","2026-06-03 00:00:00","2026-06-25 00:00:00","2026-06-16","2026-06-25"
"3259","272","2026-07-01","330.51","2478.82","Overdue","2026-07-03 00:00:00","2026-07-23 00:00:00","2026-07-16","2026-07-23"
"3260","272","2026-08-01","314.15","2199.05","Pending","2026-08-03 00:00:00","2026-08-13 00:00:00","2026-08-16",""
"3261","272","2026-09-01","121.15","787.48","Pending","2026-09-02 00:00:00","2026-09-12 00:00:00","2026-09-16",""
"3262","272","2026-10-01","345.89","2421.23","Paid","2026-10-01 00:00:00","2026-10-14 00:00:00","2026-10-16","2026-10-14"
"3263","272","2026-11-01","265.03","1987.72","Paid","2026-11-01 00:00:00","2026-11-13 00:00:00","2026-11-16","2026-11-13"
"3264","272","2026-12-01","244.33","1710.31","Pending","2026-12-02 00:00:00","2026-12-12 00:00:00","2026-12-16",""
"3265","273","2026-01-01","93.92","704.4","Paid","2026-01-01 00:00:00","2026-01-15 00:00:00","2026-01-16","2026-01-15"
"3266","273","2026-02-01","235.75","1296.62","Paid","2026-02-01 00:00:00","2026-02-16 00:00:00","2026-02-16","2026-02-16"
"3267","273","2026-03-01","156.89","862.89","Paid","2026-03-02 00:00:00","2026-03-15 00:00:00","2026-03-16","2026-03-15"
"3268","273","2026-04-01","384.71","2115.9","Pending","2026-04-03 00:00:00","2026-04-13 00:00:00","2026-04-16",""
"3269","273","2026-05-01","828.26","5797.82","Overdue","2026-05-02 00:00:00","2026-05-26 00:00:00","2026-05-16","2026-05-26"
"3270","273","2026-06-01","333.69","2335.83","Paid","2026-06-02 00:00:00","2026-06-13 00:00:00","2026-06-16","2026-06-13"
"3271","273","2026-07-01","696.17","5221.27","Overdue","2026-07-02 00:00:00","2026-07-21 00:00:00","2026-07-16","2026-07-21"
"3272","273","2026-08-01","536.07","2948.39","Paid","2026-08-02 00:00:00","2026-08-16 00:00:00","2026-08-16","2026-08-16"
"3273","273","2026-09-01","691.2","4492.8","Paid","2026-09-02 00:00:00","2026-09-13 00:00:00","2026-09-16","2026-09-13"
"3274","273","2026-10-01","842.23","4632.27","Paid","2026-10-02 00:00:00","2026-10-15 00:00:00","2026-10-16","2026-10-15"
"3275","273","2026-11-01","845.59","6341.93","Pending","2026-11-02 00:00:00","2026-11-12 00:00:00","2026-11-16",""
"3276","273","2026-12-01","208.66","1147.63","Overdue","2026-12-03 00:00:00","2026-12-24 00:00:00","2026-12-16","2026-12-24"
"3277","274","2026-01-01","579.26","3185.93","Paid","2026-01-02 00:00:00","2026-01-11 00:00:00","2026-01-16","2026-01-11"
"3278","274","2026-02-01","112.73","789.11","Paid","2026-02-01 00:00:00","2026-02-14 00:00:00","2026-02-16","2026-02-14"
"3279","274","2026-03-01","469.33","2815.98","Paid","2026-03-01 00:00:00","2026-03-13 00:00:00","2026-03-16","2026-03-13"
"3280","274","2026-04-01","737.49","4793.69","Pending","2026-04-03 00:00:00","2026-04-13 00:00:00","2026-04-16",""
"3281","274","2026-05-01","170.09","935.5","Paid","2026-05-03 00:00:00","2026-05-15 00:00:00","2026-05-16","2026-05-15"
"3282","274","2026-06-01","375.98","2067.89","Paid","2026-06-02 00:00:00","2026-06-12 00:00:00","2026-06-16","2026-06-12"
"3283","274","2026-07-01","849.24","5520.06","Paid","2026-07-01 00:00:00","2026-07-11 00:00:00","2026-07-16","2026-07-11"
"3284","274","2026-08-01","816.33","5306.15","Paid","2026-08-01 00:00:00","2026-08-13 00:00:00","2026-08-16","2026-08-13"
"3285","274","2026-09-01","730.79","5480.92","Paid","2026-09-02 00:00:00","2026-09-15 00:00:00","2026-09-16","2026-09-15"
"3286","274","2026-10-01","617.84","3398.12","Paid","2026-10-02 00:00:00","2026-10-12 00:00:00","2026-10-16","2026-10-12"
"3287","274","2026-11-01","352.67","1939.69","Paid","2026-11-03 00:00:00","2026-11-12 00:00:00","2026-11-16","2026-11-12"
"3288","274","2026-12-01","619.89","4029.28","Pending","2026-12-02 00:00:00","2026-12-12 00:00:00","2026-12-16",""
"3289","275","2026-01-01","426.05","3195.38","Paid","2026-01-02 00:00:00","2026-01-13 00:00:00","2026-01-16","2026-01-13"
"3290","275","2026-02-01","111.25","778.75","Paid","2026-02-03 00:00:00","2026-02-16 00:00:00","2026-02-16","2026-02-16"
"3291","275","2026-03-01","503.61","3525.27","Paid","2026-03-01 00:00:00","2026-03-13 00:00:00","2026-03-16","2026-03-13"
"3292","275","2026-04-01","471.2","3534.0","Pending","2026-04-03 00:00:00","2026-04-13 00:00:00","2026-04-16",""
"3293","275","2026-05-01","149.86","899.16","Paid","2026-05-02 00:00:00","2026-05-14 00:00:00","2026-05-16","2026-05-14"
"3294","275","2026-06-01","558.89","3632.78","Pending","2026-06-02 00:00:00","2026-06-12 00:00:00","2026-06-16",""
"3295","275","2026-07-01","602.38","4517.85","Overdue","2026-07-01 00:00:00","2026-07-21 00:00:00","2026-07-16","2026-07-21"
"3296","275","2026-08-01","108.38","812.85","Paid","2026-08-01 00:00:00","2026-08-13 00:00:00","2026-08-16","2026-08-13"
"3297","275","2026-09-01","112.87","620.79","Overdue","2026-09-01 00:00:00","2026-09-20 00:00:00","2026-09-16","2026-09-20"
"3298","275","2026-10-01","280.52","1963.64","Overdue","2026-10-03 00:00:00","2026-10-22 00:00:00","2026-10-16","2026-10-22"
"3299","275","2026-11-01","290.88","2181.6","Paid","2026-11-02 00:00:00","2026-11-15 00:00:00","2026-11-16","2026-11-15"
"3300","275","2026-12-01","790.49","5138.19","Paid","2026-12-02 00:00:00","2026-12-13 00:00:00","2026-12-16","2026-12-13"
"3301","276","2026-01-01","325.55","2441.62","Overdue","2026-01-01 00:00:00","2026-01-26 00:00:00","2026-01-16","2026-01-26"
"3302","276","2026-02-01","339.44","2545.8","Pending","2026-02-02 00:00:00","2026-02-12 00:00:00","2026-02-16",""
"3303","276","2026-03-01","606.42","3941.73","Paid","2026-03-03 00:00:00","2026-03-16 00:00:00","2026-03-16","2026-03-16"
"3304","276","2026-04-01","809.29","4451.09","Pending","2026-04-01 00:00:00","2026-04-11 00:00:00","2026-04-16",""
"3305","276","2026-05-01","179.7","1078.2","Pending","2026-05-03 00:00:00","2026-05-13 00:00:00","2026-05-16",""
"3306","276","2026-06-01","99.68","697.76","Paid","2026-06-03 00:00:00","2026-06-16 00:00:00","2026-06-16","2026-06-16"
"3307","276","2026-07-01","530.99","3716.93","Pending","2026-07-02 00:00:00","2026-07-12 00:00:00","2026-07-16",""
"3308","276","2026-08-01","483.71","3144.11","Paid","2026-08-02 00:00:00","2026-08-16 00:00:00","2026-08-16","2026-08-16"
"3309","276","2026-09-01","823.73","4942.38","Pending","2026-09-03 00:00:00","2026-09-13 00:00:00","2026-09-16",""
"3310","276","2026-10-01","781.64","5080.66","Paid","2026-10-03 00:00:00","2026-10-12 00:00:00","2026-10-16","2026-10-12"
"3311","276","2026-11-01","881.27","6609.52","Paid","2026-11-01 00:00:00","2026-11-12 00:00:00","2026-11-16","2026-11-12"
"3312","276","2026-12-01","597.22","3284.71","Pending","2026-12-03 00:00:00","2026-12-13 00:00:00","2026-12-16",""
"3313","277","2026-01-01","799.46","5995.95","Overdue","2026-01-03 00:00:00","2026-01-21 00:00:00","2026-01-16","2026-01-21"
"3314","277","2026-02-01","805.17","6038.77","Pending","2026-02-01 00:00:00","2026-02-11 00:00:00","2026-02-16",""
"3315","277","2026-03-01","471.5","3300.5","Paid","2026-03-01 00:00:00","2026-03-16 00:00:00","2026-03-16","2026-03-16"
"3316","277","2026-04-01","158.09","948.54","Paid","2026-04-03 00:00:00","2026-04-14 00:00:00","2026-04-16","2026-04-14"
"3317","277","2026-05-01","149.21","969.87","Paid","2026-05-01 00:00:00","2026-05-16 00:00:00","2026-05-16","2026-05-16"
"3318","277","2026-06-01","733.05","4398.3","Pending","2026-06-02 00:00:00","2026-06-12 00:00:00","2026-06-16",""
"3319","277","2026-07-01","558.63","4189.73","Paid","2026-07-01 00:00:00","2026-07-13 00:00:00","2026-07-16","2026-07-13"
"3320","277","2026-08-01","239.59","1317.75","Paid","2026-08-02 00:00:00","2026-08-15 00:00:00","2026-08-16","2026-08-15"
"3321","277","2026-09-01","725.77","4354.62","Paid","2026-09-03 00:00:00","2026-09-12 00:00:00","2026-09-16","2026-09-12"
"3322","277","2026-10-01","785.46","4712.76","Paid","2026-10-01 00:00:00","2026-10-12 00:00:00","2026-10-16","2026-10-12"
"3323","277","2026-11-01","414.28","3107.1","Overdue","2026-11-01 00:00:00","2026-11-22 00:00:00","2026-11-16","2026-11-22"
"3324","277","2026-12-01","522.13","3915.97","Paid","2026-12-01 00:00:00","2026-12-15 00:00:00","2026-12-16","2026-12-15"
"3325","278","2026-01-01","426.68","3200.1","Pending","2026-01-03 00:00:00","2026-01-13 00:00:00","2026-01-16",""
"3326","278","2026-02-01","701.04","4556.76","Paid","2026-02-01 00:00:00","2026-02-12 00:00:00","2026-02-16","2026-02-12"
"3327","278","2026-03-01","686.98","5152.35","Paid","2026-03-02 00:00:00","2026-03-13 00:00:00","2026-03-16","2026-03-13"
"3328","278","2026-04-01","562.3","4217.25","Paid","2026-04-03 00:00:00","2026-04-13 00:00:00","2026-04-16","2026-04-13"
"3329","278","2026-05-01","273.1","1775.15","Paid","2026-05-03 00:00:00","2026-05-14 00:00:00","2026-05-16","2026-05-14"
"3330","278","2026-06-01","548.0","3836.0","Paid","2026-06-02 00:00:00","2026-06-11 00:00:00","2026-06-16","2026-06-11"
"3331","278","2026-07-01","691.0","4146.0","Paid","2026-07-01 00:00:00","2026-07-11 00:00:00","2026-07-16","2026-07-11"
"3332","278","2026-08-01","278.85","1673.1","Paid","2026-08-03 00:00:00","2026-08-12 00:00:00","2026-08-16","2026-08-12"
"3333","278","2026-09-01","760.01","4940.06","Pending","2026-09-01 00:00:00","2026-09-11 00:00:00","2026-09-16",""
"3334","278","2026-10-01","794.06","5161.39","Paid","2026-10-03 00:00:00","2026-10-14 00:00:00","2026-10-16","2026-10-14"
"3335","278","2026-11-01","450.24","3376.8","Overdue","2026-11-01 00:00:00","2026-11-18 00:00:00","2026-11-16","2026-11-18"
"3336","278","2026-12-01","225.96","1694.7","Paid","2026-12-02 00:00:00","2026-12-13 00:00:00","2026-12-16","2026-12-13"
"3337","279","2026-01-01","150.79","980.13","Paid","2026-01-02 00:00:00","2026-01-16 00:00:00","2026-01-16","2026-01-16"
"3338","279","2026-02-01","130.04","780.24","Paid","2026-02-03 00:00:00","2026-02-13 00:00:00","2026-02-16","2026-02-13"
"3339","279","2026-03-01","655.14","4258.41","Pending","2026-03-03 00:00:00","2026-03-13 00:00:00","2026-03-16",""
"3340","279","2026-04-01","637.86","4465.02","Paid","2026-04-01 00:00:00","2026-04-14 00:00:00","2026-04-16","2026-04-14"
"3341","279","2026-05-01","128.63","964.72","Paid","2026-05-03 00:00:00","2026-05-14 00:00:00","2026-05-16","2026-05-14"
"3342","279","2026-06-01","199.94","1499.55","Paid","2026-06-01 00:00:00","2026-06-15 00:00:00","2026-06-16","2026-06-15"
"3343","279","2026-07-01","879.99","6599.93","Overdue","2026-07-02 00:00:00","2026-07-18 00:00:00","2026-07-16","2026-07-18"
"3344","279","2026-08-01","565.1","4238.25","Paid","2026-08-03 00:00:00","2026-08-15 00:00:00","2026-08-16","2026-08-15"
"3345","279","2026-09-01","890.85","6235.95","Paid","2026-09-01 00:00:00","2026-09-15 00:00:00","2026-09-16","2026-09-15"
"3346","279","2026-10-01","99.43","646.3","Paid","2026-10-03 00:00:00","2026-10-11 00:00:00","2026-10-16","2026-10-11"
"3347","279","2026-11-01","377.54","2642.78","Paid","2026-11-01 00:00:00","2026-11-15 00:00:00","2026-11-16","2026-11-15"
"3348","279","2026-12-01","583.32","4374.9","Pending","2026-12-01 00:00:00","2026-12-11 00:00:00","2026-12-16",""
"3349","280","2026-01-01","567.32","3120.26","Paid","2026-01-01 00:00:00","2026-01-16 00:00:00","2026-01-16","2026-01-16"
"3350","280","2026-02-01","469.54","3286.78","Pending","2026-02-01 00:00:00","2026-02-11 00:00:00","2026-02-16",""
"3351","280","2026-03-01","314.9","2204.3","Paid","2026-03-03 00:00:00","2026-03-14 00:00:00","2026-03-16","2026-03-14"
"3352","280","2026-04-01","718.72","4671.68","Paid","2026-04-01 00:00:00","2026-04-15 00:00:00","2026-04-16","2026-04-15"
"3353","280","2026-05-01","191.38","1243.97","Paid","2026-05-01 00:00:00","2026-05-13 00:00:00","2026-05-16","2026-05-13"
"3354","280","2026-06-01","526.1","3945.75","Paid","2026-06-02 00:00:00","2026-06-12 00:00:00","2026-06-16","2026-06-12"
"3355","280","2026-07-01","511.55","3580.85","Paid","2026-07-02 00:00:00","2026-07-11 00:00:00","2026-07-16","2026-07-11"
"3356","280","2026-08-01","842.1","5894.7","Overdue","2026-08-03 00:00:00","2026-08-21 00:00:00","2026-08-16","2026-08-21"
"3357","280","2026-09-01","762.47","5718.53","Paid","2026-09-01 00:00:00","2026-09-14 00:00:00","2026-09-16","2026-09-14"
"3358","280","2026-10-01","462.66","3238.62","Paid","2026-10-01 00:00:00","2026-10-14 00:00:00","2026-10-16","2026-10-14"
"3359","280","2026-11-01","864.16","6481.2","Paid","2026-11-01 00:00:00","2026-11-16 00:00:00","2026-11-16","2026-11-16"
"3360","280","2026-12-01","578.5","3760.25","Paid","2026-12-02 00:00:00","2026-12-13 00:00:00","2026-12-16","2026-12-13"
"3361","281","2026-01-01","482.55","3136.58","Paid","2026-01-01 00:00:00","2026-01-15 00:00:00","2026-01-16","2026-01-15"
"3362","281","2026-02-01","535.93","2947.61","Overdue","2026-02-02 00:00:00","2026-02-18 00:00:00","2026-02-16","2026-02-18"
"3363","281","2026-03-01","478.88","3591.6","Pending","2026-03-01 00:00:00","2026-03-11 00:00:00","2026-03-16",""
"3364","281","2026-04-01","686.77","4807.39","Pending","2026-04-02 00:00:00","2026-04-12 00:00:00","2026-04-16",""
"3365","281","2026-05-01","358.44","1971.42","Paid","2026-05-03 00:00:00","2026-05-14 00:00:00","2026-05-16","2026-05-14"
"3366","281","2026-06-01","842.27","5474.76","Paid","2026-06-01 00:00:00","2026-06-14 00:00:00","2026-06-16","2026-06-14"
"3367","281","2026-07-01","136.63","819.78","Paid","2026-07-03 00:00:00","2026-07-14 00:00:00","2026-07-16","2026-07-14"
"3368","281","2026-08-01","831.08","4986.48","Paid","2026-08-02 00:00:00","2026-08-14 00:00:00","2026-08-16","2026-08-14"
"3369","281","2026-09-01","478.66","2632.63","Overdue","2026-09-01 00:00:00","2026-09-19 00:00:00","2026-09-16","2026-09-19"
"3370","281","2026-10-01","678.85","3733.68","Pending","2026-10-03 00:00:00","2026-10-13 00:00:00","2026-10-16",""
"3371","281","2026-11-01","510.63","3574.41","Paid","2026-11-01 00:00:00","2026-11-12 00:00:00","2026-11-16","2026-11-12"
"3372","281","2026-12-01","398.68","2591.42","Pending","2026-12-03 00:00:00","2026-12-13 00:00:00","2026-12-16",""
"3373","282","2026-01-01","112.91","677.46","Paid","2026-01-03 00:00:00","2026-01-16 00:00:00","2026-01-16","2026-01-16"
"3374","282","2026-02-01","327.28","1800.04","Overdue","2026-02-02 00:00:00","2026-02-21 00:00:00","2026-02-16","2026-02-21"
"3375","282","2026-03-01","549.73","3573.24","Paid","2026-03-02 00:00:00","2026-03-16 00:00:00","2026-03-16","2026-03-16"
"3376","282","2026-04-01","364.43","2186.58","Pending","2026-04-02 00:00:00","2026-04-12 00:00:00","2026-04-16",""
"3377","282","2026-05-01","846.25","5500.62","Paid","2026-05-03 00:00:00","2026-05-11 00:00:00","2026-05-16","2026-05-11"
"3378","282","2026-06-01","348.69","2615.18","Overdue","2026-06-01 00:00:00","2026-06-21 00:00:00","2026-06-16","2026-06-21"
"3379","282","2026-07-01","748.57","4491.42","Overdue","2026-07-02 00:00:00","2026-07-24 00:00:00","2026-07-16","2026-07-24"
"3380","282","2026-08-01","388.16","2134.88","Overdue","2026-08-01 00:00:00","2026-08-21 00:00:00","2026-08-16","2026-08-21"
"3381","282","2026-09-01","267.35","2005.13","Overdue","2026-09-03 00:00:00","2026-09-21 00:00:00","2026-09-16","2026-09-21"
"3382","282","2026-10-01","620.17","3721.02","Pending","2026-10-03 00:00:00","2026-10-13 00:00:00","2026-10-16",""
"3383","282","2026-11-01","514.6","3344.9","Paid","2026-11-02 00:00:00","2026-11-16 00:00:00","2026-11-16","2026-11-16"
"3384","282","2026-12-01","240.24","1441.44","Overdue","2026-12-02 00:00:00","2026-12-18 00:00:00","2026-12-16","2026-12-18"
"3385","283","2026-01-01","818.73","5321.74","Overdue","2026-01-01 00:00:00","2026-01-24 00:00:00","2026-01-16","2026-01-24"
"3386","283","2026-02-01","782.2","5866.5","Overdue","2026-02-03 00:00:00","2026-02-20 00:00:00","2026-02-16","2026-02-20"
"3387","283","2026-03-01","129.24","775.44","Overdue","2026-03-01 00:00:00","2026-03-26 00:00:00","2026-03-16","2026-03-26"
"3388","283","2026-04-01","845.16","5916.12","Overdue","2026-04-02 00:00:00","2026-04-21 00:00:00","2026-04-16","2026-04-21"
"3389","283","2026-05-01","816.71","5308.61","Paid","2026-05-01 00:00:00","2026-05-14 00:00:00","2026-05-16","2026-05-14"
"3390","283","2026-06-01","332.81","2329.67","Pending","2026-06-02 00:00:00","2026-06-12 00:00:00","2026-06-16",""
"3391","283","2026-07-01","222.35","1445.27","Pending","2026-07-01 00:00:00","2026-07-11 00:00:00","2026-07-16",""
"3392","283","2026-08-01","156.83","1097.81","Paid","2026-08-03 00:00:00","2026-08-14 00:00:00","2026-08-16","2026-08-14"
"3393","283","2026-09-01","532.6","3195.6","Paid","2026-09-01 00:00:00","2026-09-11 00:00:00","2026-09-16","2026-09-11"
"3394","283","2026-10-01","240.63","1323.46","Paid","2026-10-02 00:00:00","2026-10-16 00:00:00","2026-10-16","2026-10-16"
"3395","283","2026-11-01","786.83","5901.23","Pending","2026-11-02 00:00:00","2026-11-12 00:00:00","2026-11-16",""
"3396","283","2026-12-01","380.13","2660.91","Paid","2026-12-03 00:00:00","2026-12-13 00:00:00","2026-12-16","2026-12-13"
"3397","284","2026-01-01","385.96","2894.7","Paid","2026-01-03 00:00:00","2026-01-14 00:00:00","2026-01-16","2026-01-14"
"3398","284","2026-02-01","551.43","3032.86","Paid","2026-02-01 00:00:00","2026-02-12 00:00:00","2026-02-16","2026-02-12"
"3399","284","2026-03-01","745.0","5587.5","Paid","2026-03-03 00:00:00","2026-03-11 00:00:00","2026-03-16","2026-03-11"
"3400","284","2026-04-01","515.49","3350.68","Overdue","2026-04-03 00:00:00","2026-04-24 00:00:00","2026-04-16","2026-04-24"
"3401","284","2026-05-01","641.21","4488.47","Overdue","2026-05-01 00:00:00","2026-05-23 00:00:00","2026-05-16","2026-05-23"
"3402","284","2026-06-01","692.8","5196.0","Paid","2026-06-01 00:00:00","2026-06-14 00:00:00","2026-06-16","2026-06-14"
"3403","284","2026-07-01","86.46","561.99","Pending","2026-07-02 00:00:00","2026-07-12 00:00:00","2026-07-16",""
"3404","284","2026-08-01","670.84","4360.46","Paid","2026-08-01 00:00:00","2026-08-12 00:00:00","2026-08-16","2026-08-12"
"3405","284","2026-09-01","311.05","1710.78","Paid","2026-09-02 00:00:00","2026-09-12 00:00:00","2026-09-16","2026-09-12"
"3406","284","2026-10-01","516.96","3877.2","Pending","2026-10-01 00:00:00","2026-10-11 00:00:00","2026-10-16",""
"3407","284","2026-11-01","822.8","5759.6","Pending","2026-11-01 00:00:00","2026-11-11 00:00:00","2026-11-16",""
"3408","284","2026-12-01","549.92","3299.52","Pending","2026-12-03 00:00:00","2026-12-13 00:00:00","2026-12-16",""
"3409","285","2026-01-01","661.91","4302.41","Paid","2026-01-03 00:00:00","2026-01-13 00:00:00","2026-01-16","2026-01-13"
"3410","285","2026-02-01","414.55","2487.3","Overdue","2026-02-01 00:00:00","2026-02-24 00:00:00","2026-02-16","2026-02-24"
"3411","285","2026-03-01","199.34","1295.71","Paid","2026-03-02 00:00:00","2026-03-14 00:00:00","2026-03-16","2026-03-14"
"3412","285","2026-04-01","834.99","5844.93","Overdue","2026-04-02 00:00:00","2026-04-26 00:00:00","2026-04-16","2026-04-26"
"3413","285","2026-05-01","362.38","1993.09","Paid","2026-05-02 00:00:00","2026-05-13 00:00:00","2026-05-16","2026-05-13"
"3414","285","2026-06-01","853.44","5547.36","Paid","2026-06-02 00:00:00","2026-06-12 00:00:00","2026-06-16","2026-06-12"
"3415","285","2026-07-01","704.65","3875.57","Overdue","2026-07-03 00:00:00","2026-07-17 00:00:00","2026-07-16","2026-07-17"
"3416","285","2026-08-01","156.41","1094.87","Overdue","2026-08-03 00:00:00","2026-08-25 00:00:00","2026-08-16","2026-08-25"
"3417","285","2026-09-01","560.6","4204.5","Pending","2026-09-02 00:00:00","2026-09-12 00:00:00","2026-09-16",""
"3418","285","2026-10-01","165.93","912.62","Overdue","2026-10-02 00:00:00","2026-10-19 00:00:00","2026-10-16","2026-10-19"
"3419","285","2026-11-01","823.44","5352.36","Paid","2026-11-01 00:00:00","2026-11-12 00:00:00","2026-11-16","2026-11-12"
"3420","285","2026-12-01","869.91","4784.51","Overdue","2026-12-01 00:00:00","2026-12-17 00:00:00","2026-12-16","2026-12-17"
"3421","286","2026-01-01","538.79","4040.92","Paid","2026-01-02 00:00:00","2026-01-16 00:00:00","2026-01-16","2026-01-16"
"3422","286","2026-02-01","685.16","4453.54","Overdue","2026-02-02 00:00:00","2026-02-20 00:00:00","2026-02-16","2026-02-20"
"3423","286","2026-03-01","546.72","3280.32","Pending","2026-03-03 00:00:00","2026-03-13 00:00:00","2026-03-16",""
"3424","286","2026-04-01","380.31","2091.7","Paid","2026-04-03 00:00:00","2026-04-15 00:00:00","2026-04-16","2026-04-15"
"3425","286","2026-05-01","351.89","2463.23","Paid","2026-05-02 00:00:00","2026-05-16 00:00:00","2026-05-16","2026-05-16"
"3426","286","2026-06-01","209.93","1154.62","Paid","2026-06-03 00:00:00","2026-06-16 00:00:00","2026-06-16","2026-06-16"
"3427","286","2026-07-01","695.83","4174.98","Overdue","2026-07-02 00:00:00","2026-07-22 00:00:00","2026-07-16","2026-07-22"
"3428","286","2026-08-01","157.97","1105.79","Paid","2026-08-03 00:00:00","2026-08-14 00:00:00","2026-08-16","2026-08-14"
"3429","286","2026-09-01","143.64","1005.48","Overdue","2026-09-03 00:00:00","2026-09-18 00:00:00","2026-09-16","2026-09-18"
"3430","286","2026-10-01","317.88","2066.22","Paid","2026-10-03 00:00:00","2026-10-14 00:00:00","2026-10-16","2026-10-14"
"3431","286","2026-11-01","245.25","1594.12","Paid","2026-11-01 00:00:00","2026-11-13 00:00:00","2026-11-16","2026-11-13"
"3432","286","2026-12-01","173.11","1038.66","Overdue","2026-12-03 00:00:00","2026-12-23 00:00:00","2026-12-16","2026-12-23"
"3433","287","2026-01-01","701.67","4911.69","Overdue","2026-01-02 00:00:00","2026-01-17 00:00:00","2026-01-16","2026-01-17"
"3434","287","2026-02-01","834.83","5426.4","Paid","2026-02-03 00:00:00","2026-02-13 00:00:00","2026-02-16","2026-02-13"
"3435","287","2026-03-01","829.17","5804.19","Paid","2026-03-03 00:00:00","2026-03-14 00:00:00","2026-03-16","2026-03-14"
"3436","287","2026-04-01","203.42","1423.94","Pending","2026-04-02 00:00:00","2026-04-12 00:00:00","2026-04-16",""
"3437","287","2026-05-01","590.1","3245.55","Pending","2026-05-03 00:00:00","2026-05-13 00:00:00","2026-05-16",""
"3438","287","2026-06-01","331.98","2489.85","Paid","2026-06-03 00:00:00","2026-06-14 00:00:00","2026-06-16","2026-06-14"
"3439","287","2026-07-01","334.03","2338.21","Paid","2026-07-01 00:00:00","2026-07-15 00:00:00","2026-07-16","2026-07-15"
"3440","287","2026-08-01","177.73","1244.11","Paid","2026-08-02 00:00:00","2026-08-15 00:00:00","2026-08-16","2026-08-15"
"3441","287","2026-09-01","587.45","3230.98","Paid","2026-09-03 00:00:00","2026-09-16 00:00:00","2026-09-16","2026-09-16"
"3442","287","2026-10-01","194.16","1359.12","Pending","2026-10-03 00:00:00","2026-10-13 00:00:00","2026-10-16",""
"3443","287","2026-11-01","669.88","3684.34","Paid","2026-11-01 00:00:00","2026-11-13 00:00:00","2026-11-16","2026-11-13"
"3444","287","2026-12-01","716.59","5016.13","Paid","2026-12-03 00:00:00","2026-12-13 00:00:00","2026-12-16","2026-12-13"
"3445","288","2026-01-01","691.76","4496.44","Paid","2026-01-01 00:00:00","2026-01-15 00:00:00","2026-01-16","2026-01-15"
"3446","288","2026-02-01","315.9","2369.25","Pending","2026-02-03 00:00:00","2026-02-13 00:00:00","2026-02-16",""
"3447","288","2026-03-01","398.94","2194.17","Paid","2026-03-02 00:00:00","2026-03-14 00:00:00","2026-03-16","2026-03-14"
"3448","288","2026-04-01","818.05","5317.32","Paid","2026-04-01 00:00:00","2026-04-15 00:00:00","2026-04-16","2026-04-15"
"3449","288","2026-05-01","500.79","3755.93","Paid","2026-05-01 00:00:00","2026-05-15 00:00:00","2026-05-16","2026-05-15"
"3450","288","2026-06-01","635.44","4448.08","Paid","2026-06-03 00:00:00","2026-06-15 00:00:00","2026-06-16","2026-06-15"
"3451","288","2026-07-01","160.82","1206.15","Paid","2026-07-01 00:00:00","2026-07-15 00:00:00","2026-07-16","2026-07-15"
"3452","288","2026-08-01","883.75","6186.25","Paid","2026-08-02 00:00:00","2026-08-12 00:00:00","2026-08-16","2026-08-12"
"3453","288","2026-09-01","85.89","558.28","Pending","2026-09-01 00:00:00","2026-09-11 00:00:00","2026-09-16",""
"3454","288","2026-10-01","391.83","2742.81","Pending","2026-10-01 00:00:00","2026-10-11 00:00:00","2026-10-16",""
"3455","288","2026-11-01","164.85","989.1","Paid","2026-11-01 00:00:00","2026-11-14 00:00:00","2026-11-16","2026-11-14"
"3456","288","2026-12-01","331.48","1823.14","Pending","2026-12-03 00:00:00","2026-12-13 00:00:00","2026-12-16",""
"3457","289","2026-01-01","580.34","3482.04","Paid","2026-01-03 00:00:00","2026-01-16 00:00:00","2026-01-16","2026-01-16"
"3458","289","2026-02-01","764.44","4586.64","Paid","2026-02-03 00:00:00","2026-02-13 00:00:00","2026-02-16","2026-02-13"
"3459","289","2026-03-01","214.72","1288.32","Paid","2026-03-02 00:00:00","2026-03-14 00:00:00","2026-03-16","2026-03-14"
"3460","289","2026-04-01","411.65","2675.72","Paid","2026-04-01 00:00:00","2026-04-14 00:00:00","2026-04-16","2026-04-14"
"3461","289","2026-05-01","240.77","1805.78","Overdue","2026-05-02 00:00:00","2026-05-24 00:00:00","2026-05-16","2026-05-24"
"3462","289","2026-06-01","541.47","3790.29","Paid","2026-06-03 00:00:00","2026-06-16 00:00:00","2026-06-16","2026-06-16"
"3463","289","2026-07-01","820.93","6156.97","Paid","2026-07-02 00:00:00","2026-07-16 00:00:00","2026-07-16","2026-07-16"
"3464","289","2026-08-01","160.53","963.18","Paid","2026-08-01 00:00:00","2026-08-14 00:00:00","2026-08-16","2026-08-14"
"3465","289","2026-09-01","755.76","4156.68","Paid","2026-09-03 00:00:00","2026-09-16 00:00:00","2026-09-16","2026-09-16"
"3466","289","2026-10-01","262.69","1707.48","Paid","2026-10-02 00:00:00","2026-10-14 00:00:00","2026-10-16","2026-10-14"
"3467","289","2026-11-01","444.55","2667.3","Paid","2026-11-02 00:00:00","2026-11-11 00:00:00","2026-11-16","2026-11-11"
"3468","289","2026-12-01","140.39","842.34","Paid","2026-12-02 00:00:00","2026-12-12 00:00:00","2026-12-16","2026-12-12"
"3469","290","2026-01-01","689.71","4827.97","Paid","2026-01-02 00:00:00","2026-01-15 00:00:00","2026-01-16","2026-01-15"
"3470","290","2026-02-01","760.78","5325.46","Paid","2026-02-02 00:00:00","2026-02-11 00:00:00","2026-02-16","2026-02-11"
"3471","290","2026-03-01","728.55","4371.3","Overdue","2026-03-02 00:00:00","2026-03-23 00:00:00","2026-03-16","2026-03-23"
"3472","290","2026-04-01","558.44","3629.86","Paid","2026-04-02 00:00:00","2026-04-14 00:00:00","2026-04-16","2026-04-14"
"3473","290","2026-05-01","254.9","1911.75","Paid","2026-05-01 00:00:00","2026-05-14 00:00:00","2026-05-16","2026-05-14"
"3474","290","2026-06-01","423.57","2541.42","Overdue","2026-06-03 00:00:00","2026-06-24 00:00:00","2026-06-16","2026-06-24"
"3475","290","2026-07-01","346.29","2250.89","Pending","2026-07-02 00:00:00","2026-07-12 00:00:00","2026-07-16",""
"3476","290","2026-08-01","169.52","1186.64","Pending","2026-08-03 00:00:00","2026-08-13 00:00:00","2026-08-16",""
"3477","290","2026-09-01","673.31","3703.2","Pending","2026-09-02 00:00:00","2026-09-12 00:00:00","2026-09-16",""
"3478","290","2026-10-01","731.47","5486.03","Paid","2026-10-01 00:00:00","2026-10-13 00:00:00","2026-10-16","2026-10-13"
"3479","290","2026-11-01","183.57","1193.2","Overdue","2026-11-03 00:00:00","2026-11-17 00:00:00","2026-11-16","2026-11-17"
"3480","290","2026-12-01","163.11","978.66","Paid","2026-12-01 00:00:00","2026-12-14 00:00:00","2026-12-16","2026-12-14"
"3481","291","2026-01-01","536.18","3753.26","Paid","2026-01-02 00:00:00","2026-01-12 00:00:00","2026-01-16","2026-01-12"
"3482","291","2026-02-01","345.17","2243.61","Paid","2026-02-02 00:00:00","2026-02-13 00:00:00","2026-02-16","2026-02-13"
"3483","291","2026-03-01","532.18","3991.35","Paid","2026-03-03 00:00:00","2026-03-11 00:00:00","2026-03-16","2026-03-11"
"3484","291","2026-04-01","152.28","989.82","Paid","2026-04-01 00:00:00","2026-04-12 00:00:00","2026-04-16","2026-04-12"
"3485","291","2026-05-01","230.44","1728.3","Overdue","2026-05-01 00:00:00","2026-05-17 00:00:00","2026-05-16","2026-05-17"
"3486","291","2026-06-01","249.72","1373.46","Paid","2026-06-03 00:00:00","2026-06-12 00:00:00","2026-06-16","2026-06-12"
"3487","291","2026-07-01","528.64","3700.48","Pending","2026-07-01 00:00:00","2026-07-11 00:00:00","2026-07-16",""
"3488","291","2026-08-01","337.54","2362.78","Paid","2026-08-03 00:00:00","2026-08-13 00:00:00","2026-08-16","2026-08-13"
"3489","291","2026-09-01","466.75","3033.88","Pending","2026-09-03 00:00:00","2026-09-13 00:00:00","2026-09-16",""
"3490","291","2026-10-01","716.24","4297.44","Paid","2026-10-03 00:00:00","2026-10-13 00:00:00","2026-10-16","2026-10-13"
"3491","291","2026-11-01","86.18","603.26","Overdue","2026-11-01 00:00:00","2026-11-18 00:00:00","2026-11-16","2026-11-18"
"3492","291","2026-12-01","372.44","2234.64","Overdue","2026-12-03 00:00:00","2026-12-17 00:00:00","2026-12-16","2026-12-17"
"3493","292","2026-01-01","415.66","3117.45","Overdue","2026-01-01 00:00:00","2026-01-22 00:00:00","2026-01-16","2026-01-22"
"3494","292","2026-02-01","421.65","2740.72","Overdue","2026-02-02 00:00:00","2026-02-24 00:00:00","2026-02-16","2026-02-24"
"3495","292","2026-03-01","284.94","1994.58","Paid","2026-03-01 00:00:00","2026-03-12 00:00:00","2026-03-16","2026-03-12"
"3496","292","2026-04-01","214.05","1391.33","Paid","2026-04-02 00:00:00","2026-04-12 00:00:00","2026-04-16","2026-04-12"
"3497","292","2026-05-01","584.02","4088.14","Overdue","2026-05-03 00:00:00","2026-05-25 00:00:00","2026-05-16","2026-05-25"
"3498","292","2026-06-01","203.75","1324.38","Pending","2026-06-03 00:00:00","2026-06-13 00:00:00","2026-06-16",""
"3499","292","2026-07-01","475.48","2615.14","Overdue","2026-07-02 00:00:00","2026-07-21 00:00:00","2026-07-16","2026-07-21"
"3500","292","2026-08-01","546.61","3826.27","Paid","2026-08-02 00:00:00","2026-08-12 00:00:00","2026-08-16","2026-08-12"
"3501","292","2026-09-01","455.42","2732.52","Paid","2026-09-03 00:00:00","2026-09-12 00:00:00","2026-09-16","2026-09-12"
"3502","292","2026-10-01","652.34","4566.38","Paid","2026-10-03 00:00:00","2026-10-13 00:00:00","2026-10-16","2026-10-13"
"3503","292","2026-11-01","729.44","4376.64","Paid","2026-11-02 00:00:00","2026-11-11 00:00:00","2026-11-16","2026-11-11"
"3504","292","2026-12-01","724.97","5074.79","Paid","2026-12-01 00:00:00","2026-12-15 00:00:00","2026-12-16","2026-12-15"
"3505","293","2026-01-01","819.6","4917.6","Paid","2026-01-01 00:00:00","2026-01-11 00:00:00","2026-01-16","2026-01-11"
"3506","293","2026-02-01","449.71","3147.97","Overdue","2026-02-02 00:00:00","2026-02-26 00:00:00","2026-02-16","2026-02-26"
"3507","293","2026-03-01","82.39","535.53","Paid","2026-03-03 00:00:00","2026-03-16 00:00:00","2026-03-16","2026-03-16"
"3508","293","2026-04-01","319.81","2078.76","Pending","2026-04-02 00:00:00","2026-04-12 00:00:00","2026-04-16",""
"3509","293","2026-05-01","637.22","3823.32","Paid","2026-05-02 00:00:00","2026-05-14 00:00:00","2026-05-16","2026-05-14"
"3510","293","2026-06-01","274.52","1647.12","Paid","2026-06-01 00:00:00","2026-06-14 00:00:00","2026-06-16","2026-06-14"
"3511","293","2026-07-01","363.91","2365.41","Overdue","2026-07-01 00:00:00","2026-07-23 00:00:00","2026-07-16","2026-07-23"
"3512","293","2026-08-01","125.96","881.72","Overdue","2026-08-03 00:00:00","2026-08-18 00:00:00","2026-08-16","2026-08-18"
"3513","293","2026-09-01","339.97","2379.79","Paid","2026-09-02 00:00:00","2026-09-11 00:00:00","2026-09-16","2026-09-11"
"3514","293","2026-10-01","649.29","4220.39","Paid","2026-10-03 00:00:00","2026-10-16 00:00:00","2026-10-16","2026-10-16"
"3515","293","2026-11-01","482.07","3133.45","Paid","2026-11-01 00:00:00","2026-11-16 00:00:00","2026-11-16","2026-11-16"
"3516","293","2026-12-01","508.55","3305.58","Pending","2026-12-03 00:00:00","2026-12-13 00:00:00","2026-12-16",""
"3517","294","2026-01-01","795.81","5968.57","Overdue","2026-01-01 00:00:00","2026-01-19 00:00:00","2026-01-16","2026-01-19"
"3518","294","2026-02-01","309.15","2164.05","Paid","2026-02-02 00:00:00","2026-02-11 00:00:00","2026-02-16","2026-02-11"
"3519","294","2026-03-01","572.68","4295.1","Pending","2026-03-02 00:00:00","2026-03-12 00:00:00","2026-03-16",""
"3520","294","2026-04-01","848.6","6364.5","Paid","2026-04-01 00:00:00","2026-04-12 00:00:00","2026-04-16","2026-04-12"
"3521","294","2026-05-01","301.26","2259.45","Paid","2026-05-01 00:00:00","2026-05-13 00:00:00","2026-05-16","2026-05-13"
"3522","294","2026-06-01","657.16","4271.54","Paid","2026-06-02 00:00:00","2026-06-14 00:00:00","2026-06-16","2026-06-14"
"3523","294","2026-07-01","315.11","2363.33","Paid","2026-07-02 00:00:00","2026-07-13 00:00:00","2026-07-16","2026-07-13"
"3524","294","2026-08-01","324.46","1784.53","Paid","2026-08-03 00:00:00","2026-08-14 00:00:00","2026-08-16","2026-08-14"
"3525","294","2026-09-01","560.96","4207.2","Overdue","2026-09-03 00:00:00","2026-09-24 00:00:00","2026-09-16","2026-09-24"
"3526","294","2026-10-01","105.03","787.73","Pending","2026-10-03 00:00:00","2026-10-13 00:00:00","2026-10-16",""
"3527","294","2026-11-01","534.17","3472.1","Pending","2026-11-02 00:00:00","2026-11-12 00:00:00","2026-11-16",""
"3528","294","2026-12-01","753.87","4523.22","Pending","2026-12-01 00:00:00","2026-12-11 00:00:00","2026-12-16",""
"3529","295","2026-01-01","493.41","3700.58","Pending","2026-01-01 00:00:00","2026-01-11 00:00:00","2026-01-16",""
"3530","295","2026-02-01","371.46","2785.95","Paid","2026-02-01 00:00:00","2026-02-13 00:00:00","2026-02-16","2026-02-13"
"3531","295","2026-03-01","260.4","1562.4","Paid","2026-03-03 00:00:00","2026-03-13 00:00:00","2026-03-16","2026-03-13"
"3532","295","2026-04-01","188.96","1417.2","Paid","2026-04-01 00:00:00","2026-04-11 00:00:00","2026-04-16","2026-04-11"
"3533","295","2026-05-01","835.64","4596.02","Paid","2026-05-03 00:00:00","2026-05-15 00:00:00","2026-05-16","2026-05-15"
"3534","295","2026-06-01","886.71","5763.61","Paid","2026-06-01 00:00:00","2026-06-16 00:00:00","2026-06-16","2026-06-16"
"3535","295","2026-07-01","91.1","683.25","Overdue","2026-07-01 00:00:00","2026-07-21 00:00:00","2026-07-16","2026-07-21"
"3536","295","2026-08-01","857.82","4718.01","Paid","2026-08-01 00:00:00","2026-08-15 00:00:00","2026-08-16","2026-08-15"
"3537","295","2026-09-01","120.33","902.48","Paid","2026-09-01 00:00:00","2026-09-14 00:00:00","2026-09-16","2026-09-14"
"3538","295","2026-10-01","816.67","4900.02","Pending","2026-10-02 00:00:00","2026-10-12 00:00:00","2026-10-16",""
"3539","295","2026-11-01","233.7","1635.9","Overdue","2026-11-03 00:00:00","2026-11-21 00:00:00","2026-11-16","2026-11-21"
"3540","295","2026-12-01","142.72","927.68","Pending","2026-12-01 00:00:00","2026-12-11 00:00:00","2026-12-16",""
"3541","296","2026-01-01","290.75","1889.88","Overdue","2026-01-02 00:00:00","2026-01-22 00:00:00","2026-01-16","2026-01-22"
"3542","296","2026-02-01","438.22","2410.21","Pending","2026-02-03 00:00:00","2026-02-13 00:00:00","2026-02-16",""
"3543","296","2026-03-01","502.49","3517.43","Paid","2026-03-02 00:00:00","2026-03-15 00:00:00","2026-03-16","2026-03-15"
"3544","296","2026-04-01","142.39","996.73","Paid","2026-04-01 00:00:00","2026-04-11 00:00:00","2026-04-16","2026-04-11"
"3545","296","2026-05-01","875.51","6128.57","Pending","2026-05-03 00:00:00","2026-05-13 00:00:00","2026-05-16",""
"3546","296","2026-06-01","321.81","1769.95","Paid","2026-06-02 00:00:00","2026-06-12 00:00:00","2026-06-16","2026-06-12"
"3547","296","2026-07-01","516.62","3616.34","Paid","2026-07-02 00:00:00","2026-07-13 00:00:00","2026-07-16","2026-07-13"
"3548","296","2026-08-01","321.14","1766.27","Overdue","2026-08-03 00:00:00","2026-08-17 00:00:00","2026-08-16","2026-08-17"
"3549","296","2026-09-01","860.8","5595.2","Pending","2026-09-01 00:00:00","2026-09-11 00:00:00","2026-09-16",""
"3550","296","2026-10-01","452.52","2715.12","Paid","2026-10-03 00:00:00","2026-10-16 00:00:00","2026-10-16","2026-10-16"
"3551","296","2026-11-01","549.43","4120.72","Overdue","2026-11-03 00:00:00","2026-11-21 00:00:00","2026-11-16","2026-11-21"
"3552","296","2026-12-01","878.6","6589.5","Paid","2026-12-03 00:00:00","2026-12-13 00:00:00","2026-12-16","2026-12-13"
"3553","297","2026-01-01","652.27","4239.76","Pending","2026-01-02 00:00:00","2026-01-12 00:00:00","2026-01-16",""
"3554","297","2026-02-01","594.53","3567.18","Overdue","2026-02-02 00:00:00","2026-02-17 00:00:00","2026-02-16","2026-02-17"
"3555","297","2026-03-01","228.17","1711.27","Pending","2026-03-01 00:00:00","2026-03-11 00:00:00","2026-03-16",""
"3556","297","2026-04-01","407.83","3058.72","Paid","2026-04-01 00:00:00","2026-04-13 00:00:00","2026-04-16","2026-04-13"
"3557","297","2026-05-01","101.79","661.63","Paid","2026-05-02 00:00:00","2026-05-14 00:00:00","2026-05-16","2026-05-14"
"3558","297","2026-06-01","744.33","4465.98","Paid","2026-06-01 00:00:00","2026-06-15 00:00:00","2026-06-16","2026-06-15"
"3559","297","2026-07-01","689.92","3794.56","Paid","2026-07-03 00:00:00","2026-07-13 00:00:00","2026-07-16","2026-07-13"
"3560","297","2026-08-01","373.39","2240.34","Overdue","2026-08-01 00:00:00","2026-08-25 00:00:00","2026-08-16","2026-08-25"
"3561","297","2026-09-01","712.97","5347.28","Overdue","2026-09-01 00:00:00","2026-09-26 00:00:00","2026-09-16","2026-09-26"
"3562","297","2026-10-01","660.22","3631.21","Paid","2026-10-02 00:00:00","2026-10-15 00:00:00","2026-10-16","2026-10-15"
"3563","297","2026-11-01","348.63","2440.41","Overdue","2026-11-03 00:00:00","2026-11-18 00:00:00","2026-11-16","2026-11-18"
"3564","297","2026-12-01","319.57","1917.42","Pending","2026-12-01 00:00:00","2026-12-11 00:00:00","2026-12-16",""
"3565","298","2026-01-01","287.69","1726.14","Pending","2026-01-03 00:00:00","2026-01-13 00:00:00","2026-01-16",""
"3566","298","2026-02-01","508.75","3561.25","Paid","2026-02-02 00:00:00","2026-02-14 00:00:00","2026-02-16","2026-02-14"
"3567","298","2026-03-01","698.83","4891.81","Overdue","2026-03-01 00:00:00","2026-03-25 00:00:00","2026-03-16","2026-03-25"
"3568","298","2026-04-01","371.05","2040.78","Paid","2026-04-03 00:00:00","2026-04-14 00:00:00","2026-04-16","2026-04-14"
"3569","298","2026-05-01","287.45","1724.7","Pending","2026-05-03 00:00:00","2026-05-13 00:00:00","2026-05-16",""
"3570","298","2026-06-01","176.59","971.25","Paid","2026-06-03 00:00:00","2026-06-11 00:00:00","2026-06-16","2026-06-11"
"3571","298","2026-07-01","544.81","3268.86","Paid","2026-07-02 00:00:00","2026-07-14 00:00:00","2026-07-16","2026-07-14"
"3572","298","2026-08-01","478.79","3112.14","Pending","2026-08-03 00:00:00","2026-08-13 00:00:00","2026-08-16",""
"3573","298","2026-09-01","628.87","4402.09","Paid","2026-09-03 00:00:00","2026-09-15 00:00:00","2026-09-16","2026-09-15"
"3574","298","2026-10-01","530.92","3450.98","Paid","2026-10-03 00:00:00","2026-10-13 00:00:00","2026-10-16","2026-10-13"
"3575","298","2026-11-01","626.19","4383.33","Paid","2026-11-01 00:00:00","2026-11-14 00:00:00","2026-11-16","2026-11-14"
"3576","298","2026-12-01","238.17","1429.02","Paid","2026-12-03 00:00:00","2026-12-12 00:00:00","2026-12-16","2026-12-12"
"3577","299","2026-01-01","699.62","4197.72","Overdue","2026-01-03 00:00:00","2026-01-21 00:00:00","2026-01-16","2026-01-21"
"3578","299","2026-02-01","508.31","2795.7","Overdue","2026-02-02 00:00:00","2026-02-26 00:00:00","2026-02-16","2026-02-26"
"3579","299","2026-03-01","372.1","2418.65","Overdue","2026-03-01 00:00:00","2026-03-23 00:00:00","2026-03-16","2026-03-23"
"3580","299","2026-04-01","763.48","5344.36","Paid","2026-04-02 00:00:00","2026-04-11 00:00:00","2026-04-16","2026-04-11"
"3581","299","2026-05-01","612.57","4594.28","Paid","2026-05-03 00:00:00","2026-05-14 00:00:00","2026-05-16","2026-05-14"
"3582","299","2026-06-01","593.17","3855.6","Paid","2026-06-01 00:00:00","2026-06-16 00:00:00","2026-06-16","2026-06-16"
"3583","299","2026-07-01","164.15","984.9","Overdue","2026-07-02 00:00:00","2026-07-21 00:00:00","2026-07-16","2026-07-21"
"3584","299","2026-08-01","624.2","4369.4","Paid","2026-08-02 00:00:00","2026-08-14 00:00:00","2026-08-16","2026-08-14"
"3585","299","2026-09-01","276.21","1933.47","Pending","2026-09-02 00:00:00","2026-09-12 00:00:00","2026-09-16",""
"3586","299","2026-10-01","822.49","5346.19","Paid","2026-10-02 00:00:00","2026-10-13 00:00:00","2026-10-16","2026-10-13"
"3587","299","2026-11-01","469.61","3522.08","Pending","2026-11-03 00:00:00","2026-11-13 00:00:00","2026-11-16",""
"3588","299","2026-12-01","84.27","463.48","Paid","2026-12-02 00:00:00","2026-12-15 00:00:00","2026-12-16","2026-12-15"
"3589","300","2026-01-01","472.24","3541.8","Overdue","2026-01-02 00:00:00","2026-01-23 00:00:00","2026-01-16","2026-01-23"
"3590","300","2026-02-01","412.61","2888.27","Pending","2026-02-01 00:00:00","2026-02-11 00:00:00","2026-02-16",""
"3591","300","2026-03-01","210.04","1260.24","Paid","2026-03-01 00:00:00","2026-03-16 00:00:00","2026-03-16","2026-03-16"
"3592","300","2026-04-01","184.76","1016.18","Paid","2026-04-01 00:00:00","2026-04-11 00:00:00","2026-04-16","2026-04-11"
"3593","300","2026-05-01","720.44","3962.42","Pending","2026-05-03 00:00:00","2026-05-13 00:00:00","2026-05-16",""
"3594","300","2026-06-01","96.39","722.92","Paid","2026-06-02 00:00:00","2026-06-15 00:00:00","2026-06-16","2026-06-15"
"3595","300","2026-07-01","858.78","4723.29","Paid","2026-07-03 00:00:00","2026-07-14 00:00:00","2026-07-16","2026-07-14"
"3596","300","2026-08-01","349.32","2445.24","Overdue","2026-08-01 00:00:00","2026-08-18 00:00:00","2026-08-16","2026-08-18"
"3597","300","2026-09-01","734.96","5512.2","Paid","2026-09-01 00:00:00","2026-09-15 00:00:00","2026-09-16","2026-09-15"
"3598","300","2026-10-01","643.32","4181.58","Overdue","2026-10-01 00:00:00","2026-10-19 00:00:00","2026-10-16","2026-10-19"
"3599","300","2026-11-01","818.73","6140.48","Paid","2026-11-01 00:00:00","2026-11-14 00:00:00","2026-11-16","2026-11-14"
"3600","300","2026-12-01","403.91","2221.51","Overdue","2026-12-01 00:00:00","2026-12-18 00:00:00","2026-12-16","2026-12-18"
"3601","301","2026-01-01","535.83","4018.73","Paid","2026-01-03 00:00:00","2026-01-11 00:00:00","2026-01-16","2026-01-11"
"3602","301","2026-02-01","584.46","4383.45","Overdue","2026-02-01 00:00:00","2026-02-25 00:00:00","2026-02-16","2026-02-25"
"3603","301","2026-03-01","686.91","4121.46","Pending","2026-03-03 00:00:00","2026-03-13 00:00:00","2026-03-16",""
"3604","301","2026-04-01","314.85","1731.68","Overdue","2026-04-01 00:00:00","2026-04-25 00:00:00","2026-04-16","2026-04-25"
"3605","301","2026-05-01","530.79","3184.74","Overdue","2026-05-03 00:00:00","2026-05-24 00:00:00","2026-05-16","2026-05-24"
"3606","301","2026-06-01","487.08","3653.1","Pending","2026-06-03 00:00:00","2026-06-13 00:00:00","2026-06-16",""
"3607","301","2026-07-01","825.01","5362.56","Pending","2026-07-02 00:00:00","2026-07-12 00:00:00","2026-07-16",""
"3608","301","2026-08-01","249.3","1371.15","Paid","2026-08-03 00:00:00","2026-08-11 00:00:00","2026-08-16","2026-08-11"
"3609","301","2026-09-01","598.71","3292.91","Paid","2026-09-03 00:00:00","2026-09-12 00:00:00","2026-09-16","2026-09-12"
"3610","301","2026-10-01","656.5","3610.75","Paid","2026-10-01 00:00:00","2026-10-13 00:00:00","2026-10-16","2026-10-13"
"3611","301","2026-11-01","305.47","2138.29","Paid","2026-11-03 00:00:00","2026-11-13 00:00:00","2026-11-16","2026-11-13"
"3612","301","2026-12-01","761.15","5328.05","Overdue","2026-12-01 00:00:00","2026-12-21 00:00:00","2026-12-16","2026-12-21"
"3613","302","2026-01-01","726.01","3993.05","Paid","2026-01-03 00:00:00","2026-01-14 00:00:00","2026-01-16","2026-01-14"
"3614","302","2026-02-01","312.13","1716.71","Overdue","2026-02-01 00:00:00","2026-02-17 00:00:00","2026-02-16","2026-02-17"
"3615","302","2026-03-01","587.1","3229.05","Paid","2026-03-03 00:00:00","2026-03-15 00:00:00","2026-03-16","2026-03-15"
"3616","302","2026-04-01","378.19","2458.24","Paid","2026-04-01 00:00:00","2026-04-15 00:00:00","2026-04-16","2026-04-15"
"3617","302","2026-05-01","320.52","2243.64","Paid","2026-05-01 00:00:00","2026-05-13 00:00:00","2026-05-16","2026-05-13"
"3618","302","2026-06-01","83.84","461.12","Paid","2026-06-01 00:00:00","2026-06-13 00:00:00","2026-06-16","2026-06-13"
"3619","302","2026-07-01","706.37","5297.77","Paid","2026-07-01 00:00:00","2026-07-11 00:00:00","2026-07-16","2026-07-11"
"3620","302","2026-08-01","387.29","2711.03","Overdue","2026-08-03 00:00:00","2026-08-18 00:00:00","2026-08-16","2026-08-18"
"3621","302","2026-09-01","404.97","2834.79","Overdue","2026-09-02 00:00:00","2026-09-24 00:00:00","2026-09-16","2026-09-24"
"3622","302","2026-10-01","420.66","2523.96","Pending","2026-10-02 00:00:00","2026-10-12 00:00:00","2026-10-16",""
"3623","302","2026-11-01","339.2","2035.2","Paid","2026-11-02 00:00:00","2026-11-16 00:00:00","2026-11-16","2026-11-16"
"3624","302","2026-12-01","715.9","3937.45","Pending","2026-12-03 00:00:00","2026-12-13 00:00:00","2026-12-16",""
"3625","303","2026-01-01","153.52","844.36","Pending","2026-01-01 00:00:00","2026-01-11 00:00:00","2026-01-16",""
"3626","303","2026-02-01","243.26","1702.82","Paid","2026-02-03 00:00:00","2026-02-11 00:00:00","2026-02-16","2026-02-11"
"3627","303","2026-03-01","318.52","1911.12","Paid","2026-03-02 00:00:00","2026-03-12 00:00:00","2026-03-16","2026-03-12"
"3628","303","2026-04-01","354.51","2304.32","Pending","2026-04-01 00:00:00","2026-04-11 00:00:00","2026-04-16",""
"3629","303","2026-05-01","551.67","3034.18","Overdue","2026-05-02 00:00:00","2026-05-18 00:00:00","2026-05-16","2026-05-18"
"3630","303","2026-06-01","599.15","3894.47","Paid","2026-06-01 00:00:00","2026-06-11 00:00:00","2026-06-16","2026-06-11"
"3631","303","2026-07-01","895.1","5818.15","Paid","2026-07-01 00:00:00","2026-07-16 00:00:00","2026-07-16","2026-07-16"
"3632","303","2026-08-01","448.84","3141.88","Pending","2026-08-03 00:00:00","2026-08-13 00:00:00","2026-08-16",""
"3633","303","2026-09-01","205.73","1131.51","Paid","2026-09-02 00:00:00","2026-09-16 00:00:00","2026-09-16","2026-09-16"
"3634","303","2026-10-01","319.53","2076.94","Paid","2026-10-01 00:00:00","2026-10-12 00:00:00","2026-10-16","2026-10-12"
"3635","303","2026-11-01","865.77","6060.39","Overdue","2026-11-01 00:00:00","2026-11-23 00:00:00","2026-11-16","2026-11-23"
"3636","303","2026-12-01","502.86","2765.73","Overdue","2026-12-01 00:00:00","2026-12-21 00:00:00","2026-12-16","2026-12-21"
"3637","304","2026-01-01","786.02","5502.14","Paid","2026-01-02 00:00:00","2026-01-15 00:00:00","2026-01-16","2026-01-15"
"3638","304","2026-02-01","746.84","4854.46","Overdue","2026-02-01 00:00:00","2026-02-23 00:00:00","2026-02-16","2026-02-23"
"3639","304","2026-03-01","196.76","1082.18","Pending","2026-03-03 00:00:00","2026-03-13 00:00:00","2026-03-16",""
"3640","304","2026-04-01","81.17","608.77","Pending","2026-04-01 00:00:00","2026-04-11 00:00:00","2026-04-16",""
"3641","304","2026-05-01","175.41","964.75","Paid","2026-05-03 00:00:00","2026-05-15 00:00:00","2026-05-16","2026-05-15"
"3642","304","2026-06-01","283.78","1560.79","Paid","2026-06-01 00:00:00","2026-06-14 00:00:00","2026-06-16","2026-06-14"
"3643","304","2026-07-01","576.16","4033.12","Paid","2026-07-02 00:00:00","2026-07-11 00:00:00","2026-07-16","2026-07-11"
"3644","304","2026-08-01","776.45","5435.15","Paid","2026-08-01 00:00:00","2026-08-12 00:00:00","2026-08-16","2026-08-12"
"3645","304","2026-09-01","88.96","533.76","Pending","2026-09-01 00:00:00","2026-09-11 00:00:00","2026-09-16",""
"3646","304","2026-10-01","588.42","4413.15","Pending","2026-10-03 00:00:00","2026-10-13 00:00:00","2026-10-16",""
"3647","304","2026-11-01","245.97","1598.81","Paid","2026-11-02 00:00:00","2026-11-11 00:00:00","2026-11-16","2026-11-11"
"3648","304","2026-12-01","766.28","5363.96","Paid","2026-12-03 00:00:00","2026-12-11 00:00:00","2026-12-16","2026-12-11"
"3649","305","2026-01-01","107.02","802.65","Paid","2026-01-02 00:00:00","2026-01-15 00:00:00","2026-01-16","2026-01-15"
"3650","305","2026-02-01","481.36","2888.16","Paid","2026-02-03 00:00:00","2026-02-16 00:00:00","2026-02-16","2026-02-16"
"3651","305","2026-03-01","757.7","5682.75","Overdue","2026-03-02 00:00:00","2026-03-24 00:00:00","2026-03-16","2026-03-24"
"3652","305","2026-04-01","676.75","3722.12","Pending","2026-04-01 00:00:00","2026-04-11 00:00:00","2026-04-16",""
"3653","305","2026-05-01","853.74","6403.05","Paid","2026-05-02 00:00:00","2026-05-13 00:00:00","2026-05-16","2026-05-13"
"3654","305","2026-06-01","570.98","3140.39","Paid","2026-06-01 00:00:00","2026-06-12 00:00:00","2026-06-16","2026-06-12"
"3655","305","2026-07-01","414.99","2489.94","Pending","2026-07-01 00:00:00","2026-07-11 00:00:00","2026-07-16",""
"3656","305","2026-08-01","547.69","4107.68","Paid","2026-08-01 00:00:00","2026-08-14 00:00:00","2026-08-16","2026-08-14"
"3657","305","2026-09-01","773.79","4642.74","Pending","2026-09-02 00:00:00","2026-09-12 00:00:00","2026-09-16",""
"3658","305","2026-10-01","556.11","3614.72","Pending","2026-10-03 00:00:00","2026-10-13 00:00:00","2026-10-16",""
"3659","305","2026-11-01","199.64","1497.3","Paid","2026-11-02 00:00:00","2026-11-13 00:00:00","2026-11-16","2026-11-13"
"3660","305","2026-12-01","795.46","5568.22","Paid","2026-12-03 00:00:00","2026-12-12 00:00:00","2026-12-16","2026-12-12"
"3661","306","2026-01-01","523.05","3922.87","Overdue","2026-01-01 00:00:00","2026-01-25 00:00:00","2026-01-16","2026-01-25"
"3662","306","2026-02-01","481.62","2889.72","Overdue","2026-02-02 00:00:00","2026-02-25 00:00:00","2026-02-16","2026-02-25"
"3663","306","2026-03-01","224.2","1681.5","Paid","2026-03-03 00:00:00","2026-03-11 00:00:00","2026-03-16","2026-03-11"
"3664","306","2026-04-01","489.14","2934.84","Paid","2026-04-02 00:00:00","2026-04-14 00:00:00","2026-04-16","2026-04-14"
"3665","306","2026-05-01","644.64","4834.8","Paid","2026-05-01 00:00:00","2026-05-15 00:00:00","2026-05-16","2026-05-15"
"3666","306","2026-06-01","157.7","1182.75","Paid","2026-06-03 00:00:00","2026-06-11 00:00:00","2026-06-16","2026-06-11"
"3667","306","2026-07-01","590.63","4134.41","Paid","2026-07-01 00:00:00","2026-07-12 00:00:00","2026-07-16","2026-07-12"
"3668","306","2026-08-01","387.76","2908.2","Overdue","2026-08-01 00:00:00","2026-08-17 00:00:00","2026-08-16","2026-08-17"
"3669","306","2026-09-01","469.1","3283.7","Pending","2026-09-02 00:00:00","2026-09-12 00:00:00","2026-09-16",""
"3670","306","2026-10-01","866.46","5631.99","Pending","2026-10-01 00:00:00","2026-10-11 00:00:00","2026-10-16",""
"3671","306","2026-11-01","383.3","2683.1","Overdue","2026-11-01 00:00:00","2026-11-23 00:00:00","2026-11-16","2026-11-23"
"3672","306","2026-12-01","137.67","894.85","Paid","2026-12-02 00:00:00","2026-12-11 00:00:00","2026-12-16","2026-12-11"
"3673","307","2026-01-01","135.49","948.43","Paid","2026-01-02 00:00:00","2026-01-14 00:00:00","2026-01-16","2026-01-14"
"3674","307","2026-02-01","298.34","1640.87","Pending","2026-02-02 00:00:00","2026-02-12 00:00:00","2026-02-16",""
"3675","307","2026-03-01","454.88","2501.84","Pending","2026-03-03 00:00:00","2026-03-13 00:00:00","2026-03-16",""
"3676","307","2026-04-01","743.89","4463.34","Paid","2026-04-02 00:00:00","2026-04-14 00:00:00","2026-04-16","2026-04-14"
"3677","307","2026-05-01","333.03","2164.69","Overdue","2026-05-01 00:00:00","2026-05-22 00:00:00","2026-05-16","2026-05-22"
"3678","307","2026-06-01","362.26","2716.95","Paid","2026-06-02 00:00:00","2026-06-12 00:00:00","2026-06-16","2026-06-12"
"3679","307","2026-07-01","337.98","2534.85","Paid","2026-07-01 00:00:00","2026-07-15 00:00:00","2026-07-16","2026-07-15"
"3680","307","2026-08-01","849.53","5097.18","Paid","2026-08-02 00:00:00","2026-08-15 00:00:00","2026-08-16","2026-08-15"
"3681","307","2026-09-01","268.52","2013.9","Overdue","2026-09-01 00:00:00","2026-09-25 00:00:00","2026-09-16","2026-09-25"
"3682","307","2026-10-01","367.33","2387.64","Pending","2026-10-02 00:00:00","2026-10-12 00:00:00","2026-10-16",""
"3683","307","2026-11-01","196.62","1474.65","Overdue","2026-11-01 00:00:00","2026-11-22 00:00:00","2026-11-16","2026-11-22"
"3684","307","2026-12-01","803.93","4421.61","Paid","2026-12-01 00:00:00","2026-12-14 00:00:00","2026-12-16","2026-12-14"
"3685","308","2026-01-01","116.87","642.79","Paid","2026-01-02 00:00:00","2026-01-13 00:00:00","2026-01-16","2026-01-13"
"3686","308","2026-02-01","846.84","5504.46","Paid","2026-02-01 00:00:00","2026-02-16 00:00:00","2026-02-16","2026-02-16"
"3687","308","2026-03-01","793.2","4759.2","Overdue","2026-03-02 00:00:00","2026-03-19 00:00:00","2026-03-16","2026-03-19"
"3688","308","2026-04-01","460.7","2994.55","Pending","2026-04-02 00:00:00","2026-04-12 00:00:00","2026-04-16",""
"3689","308","2026-05-01","552.33","3313.98","Pending","2026-05-02 00:00:00","2026-05-12 00:00:00","2026-05-16",""
"3690","308","2026-06-01","568.58","4264.35","Paid","2026-06-03 00:00:00","2026-06-15 00:00:00","2026-06-16","2026-06-15"
"3691","308","2026-07-01","838.87","5872.09","Paid","2026-07-03 00:00:00","2026-07-13 00:00:00","2026-07-16","2026-07-13"
"3692","308","2026-08-01","134.84","1011.3","Overdue","2026-08-02 00:00:00","2026-08-24 00:00:00","2026-08-16","2026-08-24"
"3693","308","2026-09-01","358.01","2506.07","Overdue","2026-09-02 00:00:00","2026-09-17 00:00:00","2026-09-16","2026-09-17"
"3694","308","2026-10-01","552.27","3313.62","Pending","2026-10-02 00:00:00","2026-10-12 00:00:00","2026-10-16",""
"3695","308","2026-11-01","368.97","2582.79","Paid","2026-11-02 00:00:00","2026-11-11 00:00:00","2026-11-16","2026-11-11"
"3696","308","2026-12-01","603.64","3923.66","Paid","2026-12-03 00:00:00","2026-12-12 00:00:00","2026-12-16","2026-12-12"
"3697","309","2026-01-01","871.58","4793.69","Paid","2026-01-01 00:00:00","2026-01-13 00:00:00","2026-01-16","2026-01-13"
"3698","309","2026-02-01","670.74","5030.55","Paid","2026-02-02 00:00:00","2026-02-12 00:00:00","2026-02-16","2026-02-12"
"3699","309","2026-03-01","335.9","2351.3","Paid","2026-03-03 00:00:00","2026-03-11 00:00:00","2026-03-16","2026-03-11"
"3700","309","2026-04-01","710.77","4620.01","Paid","2026-04-03 00:00:00","2026-04-12 00:00:00","2026-04-16","2026-04-12"
"3701","309","2026-05-01","528.22","3697.54","Overdue","2026-05-03 00:00:00","2026-05-22 00:00:00","2026-05-16","2026-05-22"
"3702","309","2026-06-01","438.56","2412.08","Paid","2026-06-03 00:00:00","2026-06-16 00:00:00","2026-06-16","2026-06-16"
"3703","309","2026-07-01","325.68","2279.76","Pending","2026-07-01 00:00:00","2026-07-11 00:00:00","2026-07-16",""
"3704","309","2026-08-01","221.44","1328.64","Overdue","2026-08-01 00:00:00","2026-08-19 00:00:00","2026-08-16","2026-08-19"
"3705","309","2026-09-01","168.71","1012.26","Pending","2026-09-01 00:00:00","2026-09-11 00:00:00","2026-09-16",""
"3706","309","2026-10-01","257.25","1672.12","Paid","2026-10-02 00:00:00","2026-10-12 00:00:00","2026-10-16","2026-10-12"
"3707","309","2026-11-01","302.96","2120.72","Pending","2026-11-01 00:00:00","2026-11-11 00:00:00","2026-11-16",""
"3708","309","2026-12-01","98.18","539.99","Paid","2026-12-03 00:00:00","2026-12-13 00:00:00","2026-12-16","2026-12-13"
"3709","310","2026-01-01","111.89","839.17","Paid","2026-01-03 00:00:00","2026-01-13 00:00:00","2026-01-16","2026-01-13"
"3710","310","2026-02-01","724.09","4344.54","Pending","2026-02-03 00:00:00","2026-02-13 00:00:00","2026-02-16",""
"3711","310","2026-03-01","729.35","5470.12","Overdue","2026-03-01 00:00:00","2026-03-26 00:00:00","2026-03-16","2026-03-26"
"3712","310","2026-04-01","876.82","6576.15","Paid","2026-04-03 00:00:00","2026-04-11 00:00:00","2026-04-16","2026-04-11"
"3713","310","2026-05-01","290.36","1742.16","Overdue","2026-05-02 00:00:00","2026-05-20 00:00:00","2026-05-16","2026-05-20"
"3714","310","2026-06-01","376.31","2257.86","Paid","2026-06-02 00:00:00","2026-06-15 00:00:00","2026-06-16","2026-06-15"
"3715","310","2026-07-01","418.33","2300.82","Paid","2026-07-02 00:00:00","2026-07-14 00:00:00","2026-07-16","2026-07-14"
"3716","310","2026-08-01","317.86","1907.16","Paid","2026-08-01 00:00:00","2026-08-16 00:00:00","2026-08-16","2026-08-16"
"3717","310","2026-09-01","711.11","3911.11","Paid","2026-09-03 00:00:00","2026-09-13 00:00:00","2026-09-16","2026-09-13"
"3718","310","2026-10-01","86.46","518.76","Paid","2026-10-03 00:00:00","2026-10-12 00:00:00","2026-10-16","2026-10-12"
"3719","310","2026-11-01","754.72","4528.32","Paid","2026-11-03 00:00:00","2026-11-13 00:00:00","2026-11-16","2026-11-13"
"3720","310","2026-12-01","405.89","2435.34","Overdue","2026-12-02 00:00:00","2026-12-18 00:00:00","2026-12-16","2026-12-18"
"3721","311","2026-01-01","125.75","691.62","Paid","2026-01-01 00:00:00","2026-01-15 00:00:00","2026-01-16","2026-01-15"
"3722","311","2026-02-01","182.89","1097.34","Pending","2026-02-01 00:00:00","2026-02-11 00:00:00","2026-02-16",""
"3723","311","2026-03-01","729.54","4377.24","Paid","2026-03-01 00:00:00","2026-03-16 00:00:00","2026-03-16","2026-03-16"
"3724","311","2026-04-01","153.76","999.44","Overdue","2026-04-03 00:00:00","2026-04-17 00:00:00","2026-04-16","2026-04-17"
"3725","311","2026-05-01","232.03","1508.19","Paid","2026-05-03 00:00:00","2026-05-13 00:00:00","2026-05-16","2026-05-13"
"3726","311","2026-06-01","549.47","3571.56","Paid","2026-06-02 00:00:00","2026-06-14 00:00:00","2026-06-16","2026-06-14"
"3727","311","2026-07-01","603.12","4523.4","Overdue","2026-07-01 00:00:00","2026-07-17 00:00:00","2026-07-16","2026-07-17"
"3728","311","2026-08-01","196.48","1473.6","Pending","2026-08-03 00:00:00","2026-08-13 00:00:00","2026-08-16",""
"3729","311","2026-09-01","748.24","4489.44","Paid","2026-09-01 00:00:00","2026-09-12 00:00:00","2026-09-16","2026-09-12"
"3730","311","2026-10-01","717.32","4303.92","Paid","2026-10-01 00:00:00","2026-10-16 00:00:00","2026-10-16","2026-10-16"
"3731","311","2026-11-01","445.38","3340.35","Paid","2026-11-03 00:00:00","2026-11-13 00:00:00","2026-11-16","2026-11-13"
"3732","311","2026-12-01","632.84","3480.62","Pending","2026-12-02 00:00:00","2026-12-12 00:00:00","2026-12-16",""
"3733","312","2026-01-01","663.88","4315.22","Paid","2026-01-03 00:00:00","2026-01-11 00:00:00","2026-01-16","2026-01-11"
"3734","312","2026-02-01","475.77","3330.39","Pending","2026-02-01 00:00:00","2026-02-11 00:00:00","2026-02-16",""
"3735","312","2026-03-01","787.19","5116.74","Pending","2026-03-03 00:00:00","2026-03-13 00:00:00","2026-03-16",""
"3736","312","2026-04-01","877.2","5701.8","Overdue","2026-04-01 00:00:00","2026-04-17 00:00:00","2026-04-16","2026-04-17"
"3737","312","2026-05-01","284.31","1563.7","Paid","2026-05-03 00:00:00","2026-05-15 00:00:00","2026-05-16","2026-05-15"
"3738","312","2026-06-01","214.13","1177.71","Paid","2026-06-03 00:00:00","2026-06-13 00:00:00","2026-06-16","2026-06-13"
"3739","312","2026-07-01","871.13","6097.91","Pending","2026-07-02 00:00:00","2026-07-12 00:00:00","2026-07-16",""
"3740","312","2026-08-01","754.76","4151.18","Paid","2026-08-03 00:00:00","2026-08-12 00:00:00","2026-08-16","2026-08-12"
"3741","312","2026-09-01","309.14","1854.84","Overdue","2026-09-02 00:00:00","2026-09-25 00:00:00","2026-09-16","2026-09-25"
"3742","312","2026-10-01","162.9","895.95","Pending","2026-10-01 00:00:00","2026-10-11 00:00:00","2026-10-16",""
"3743","312","2026-11-01","577.79","4333.42","Paid","2026-11-01 00:00:00","2026-11-13 00:00:00","2026-11-16","2026-11-13"
"3744","312","2026-12-01","825.39","4952.34","Overdue","2026-12-03 00:00:00","2026-12-25 00:00:00","2026-12-16","2026-12-25"
"3745","313","2026-01-01","853.21","5119.26","Pending","2026-01-01 00:00:00","2026-01-11 00:00:00","2026-01-16",""
"3746","313","2026-02-01","735.3","4411.8","Paid","2026-02-03 00:00:00","2026-02-13 00:00:00","2026-02-16","2026-02-13"
"3747","313","2026-03-01","271.35","1763.78","Overdue","2026-03-03 00:00:00","2026-03-22 00:00:00","2026-03-16","2026-03-22"
"3748","313","2026-04-01","640.66","3843.96","Paid","2026-04-02 00:00:00","2026-04-11 00:00:00","2026-04-16","2026-04-11"
"3749","313","2026-05-01","95.05","712.88","Pending","2026-05-01 00:00:00","2026-05-11 00:00:00","2026-05-16",""
"3750","313","2026-06-01","805.43","4429.86","Paid","2026-06-02 00:00:00","2026-06-13 00:00:00","2026-06-16","2026-06-13"
"3751","313","2026-07-01","555.18","3608.67","Paid","2026-07-03 00:00:00","2026-07-15 00:00:00","2026-07-16","2026-07-15"
"3752","313","2026-08-01","398.15","2388.9","Paid","2026-08-03 00:00:00","2026-08-12 00:00:00","2026-08-16","2026-08-12"
"3753","313","2026-09-01","594.04","4455.3","Paid","2026-09-02 00:00:00","2026-09-16 00:00:00","2026-09-16","2026-09-16"
"3754","313","2026-10-01","124.65","747.9","Pending","2026-10-03 00:00:00","2026-10-13 00:00:00","2026-10-16",""
"3755","313","2026-11-01","891.86","5351.16","Paid","2026-11-01 00:00:00","2026-11-16 00:00:00","2026-11-16","2026-11-16"
"3756","313","2026-12-01","234.13","1404.78","Pending","2026-12-01 00:00:00","2026-12-11 00:00:00","2026-12-16",""
"3757","314","2026-01-01","403.68","3027.6","Paid","2026-01-02 00:00:00","2026-01-11 00:00:00","2026-01-16","2026-01-11"
"3758","314","2026-02-01","549.84","3299.04","Paid","2026-02-02 00:00:00","2026-02-14 00:00:00","2026-02-16","2026-02-14"
"3759","314","2026-03-01","308.56","2005.64","Overdue","2026-03-03 00:00:00","2026-03-18 00:00:00","2026-03-16","2026-03-18"
"3760","314","2026-04-01","876.89","6576.68","Paid","2026-04-03 00:00:00","2026-04-15 00:00:00","2026-04-16","2026-04-15"
"3761","314","2026-05-01","434.16","3256.2","Paid","2026-05-03 00:00:00","2026-05-11 00:00:00","2026-05-16","2026-05-11"
"3762","314","2026-06-01","489.49","2692.2","Pending","2026-06-01 00:00:00","2026-06-11 00:00:00","2026-06-16",""
"3763","314","2026-07-01","301.9","1962.35","Pending","2026-07-02 00:00:00","2026-07-12 00:00:00","2026-07-16",""
"3764","314","2026-08-01","209.48","1571.1","Paid","2026-08-03 00:00:00","2026-08-13 00:00:00","2026-08-16","2026-08-13"
"3765","314","2026-09-01","366.21","2197.26","Overdue","2026-09-01 00:00:00","2026-09-23 00:00:00","2026-09-16","2026-09-23"
"3766","314","2026-10-01","608.62","4260.34","Paid","2026-10-01 00:00:00","2026-10-16 00:00:00","2026-10-16","2026-10-16"
"3767","314","2026-11-01","824.08","5356.52","Paid","2026-11-02 00:00:00","2026-11-13 00:00:00","2026-11-16","2026-11-13"
"3768","314","2026-12-01","704.28","4577.82","Paid","2026-12-01 00:00:00","2026-12-13 00:00:00","2026-12-16","2026-12-13"
"3769","315","2026-01-01","650.43","4878.22","Paid","2026-01-03 00:00:00","2026-01-15 00:00:00","2026-01-16","2026-01-15"
"3770","315","2026-02-01","139.23","1044.22","Pending","2026-02-02 00:00:00","2026-02-12 00:00:00","2026-02-16",""
"3771","315","2026-03-01","177.12","1151.28","Paid","2026-03-01 00:00:00","2026-03-11 00:00:00","2026-03-16","2026-03-11"
"3772","315","2026-04-01","589.83","3538.98","Pending","2026-04-03 00:00:00","2026-04-13 00:00:00","2026-04-16",""
"3773","315","2026-05-01","853.95","5977.65","Paid","2026-05-02 00:00:00","2026-05-15 00:00:00","2026-05-16","2026-05-15"
"3774","315","2026-06-01","313.1","2191.7","Paid","2026-06-03 00:00:00","2026-06-15 00:00:00","2026-06-16","2026-06-15"
"3775","315","2026-07-01","84.08","630.6","Paid","2026-07-02 00:00:00","2026-07-12 00:00:00","2026-07-16","2026-07-12"
"3776","315","2026-08-01","305.84","1835.04","Paid","2026-08-02 00:00:00","2026-08-15 00:00:00","2026-08-16","2026-08-15"
"3777","315","2026-09-01","120.8","906.0","Paid","2026-09-01 00:00:00","2026-09-12 00:00:00","2026-09-16","2026-09-12"
"3778","315","2026-10-01","405.56","2433.36","Pending","2026-10-03 00:00:00","2026-10-13 00:00:00","2026-10-16",""
"3779","315","2026-11-01","452.89","2717.34","Paid","2026-11-02 00:00:00","2026-11-16 00:00:00","2026-11-16","2026-11-16"
"3780","315","2026-12-01","558.54","4189.05","Pending","2026-12-01 00:00:00","2026-12-11 00:00:00","2026-12-16",""
"3781","316","2026-01-01","500.95","3256.17","Paid","2026-01-02 00:00:00","2026-01-15 00:00:00","2026-01-16","2026-01-15"
"3782","316","2026-02-01","442.76","2656.56","Paid","2026-02-01 00:00:00","2026-02-11 00:00:00","2026-02-16","2026-02-11"
"3783","316","2026-03-01","897.99","4938.94","Paid","2026-03-02 00:00:00","2026-03-15 00:00:00","2026-03-16","2026-03-15"
"3784","316","2026-04-01","670.84","4025.04","Paid","2026-04-02 00:00:00","2026-04-11 00:00:00","2026-04-16","2026-04-11"
"3785","316","2026-05-01","413.65","3102.38","Pending","2026-05-03 00:00:00","2026-05-13 00:00:00","2026-05-16",""
"3786","316","2026-06-01","840.34","4621.87","Paid","2026-06-01 00:00:00","2026-06-12 00:00:00","2026-06-16","2026-06-12"
"3787","316","2026-07-01","287.43","1724.58","Paid","2026-07-03 00:00:00","2026-07-14 00:00:00","2026-07-16","2026-07-14"
"3788","316","2026-08-01","798.04","5187.26","Pending","2026-08-03 00:00:00","2026-08-13 00:00:00","2026-08-16",""
"3789","316","2026-09-01","471.77","2594.73","Paid","2026-09-03 00:00:00","2026-09-13 00:00:00","2026-09-16","2026-09-13"
"3790","316","2026-10-01","501.63","3511.41","Overdue","2026-10-03 00:00:00","2026-10-26 00:00:00","2026-10-16","2026-10-26"
"3791","316","2026-11-01","437.05","3277.88","Paid","2026-11-02 00:00:00","2026-11-12 00:00:00","2026-11-16","2026-11-12"
"3792","316","2026-12-01","346.67","2080.02","Paid","2026-12-02 00:00:00","2026-12-14 00:00:00","2026-12-16","2026-12-14"
"3793","317","2026-01-01","121.01","907.58","Pending","2026-01-03 00:00:00","2026-01-13 00:00:00","2026-01-16",""
"3794","317","2026-02-01","189.13","1229.35","Paid","2026-02-03 00:00:00","2026-02-16 00:00:00","2026-02-16","2026-02-16"
"3795","317","2026-03-01","613.72","3989.18","Pending","2026-03-03 00:00:00","2026-03-13 00:00:00","2026-03-16",""
"3796","317","2026-04-01","685.46","5140.95","Paid","2026-04-01 00:00:00","2026-04-13 00:00:00","2026-04-16","2026-04-13"
"3797","317","2026-05-01","380.07","2850.53","Paid","2026-05-01 00:00:00","2026-05-15 00:00:00","2026-05-16","2026-05-15"
"3798","317","2026-06-01","350.81","2104.86","Pending","2026-06-03 00:00:00","2026-06-13 00:00:00","2026-06-16",""
"3799","317","2026-07-01","304.44","2131.08","Paid","2026-07-03 00:00:00","2026-07-11 00:00:00","2026-07-16","2026-07-11"
"3800","317","2026-08-01","206.78","1550.85","Paid","2026-08-01 00:00:00","2026-08-14 00:00:00","2026-08-16","2026-08-14"
"3801","317","2026-09-01","157.11","1178.33","Overdue","2026-09-01 00:00:00","2026-09-26 00:00:00","2026-09-16","2026-09-26"
"3802","317","2026-10-01","432.52","3243.9","Paid","2026-10-01 00:00:00","2026-10-11 00:00:00","2026-10-16","2026-10-11"
"3803","317","2026-11-01","414.91","2904.37","Pending","2026-11-03 00:00:00","2026-11-13 00:00:00","2026-11-16",""
"3804","317","2026-12-01","721.03","5047.21","Overdue","2026-12-03 00:00:00","2026-12-22 00:00:00","2026-12-16","2026-12-22"
"3805","318","2026-01-01","272.55","1907.85","Paid","2026-01-03 00:00:00","2026-01-11 00:00:00","2026-01-16","2026-01-11"
"3806","318","2026-02-01","140.94","845.64","Pending","2026-02-02 00:00:00","2026-02-12 00:00:00","2026-02-16",""
"3807","318","2026-03-01","443.63","2883.59","Paid","2026-03-02 00:00:00","2026-03-14 00:00:00","2026-03-16","2026-03-14"
"3808","318","2026-04-01","553.27","3319.62","Overdue","2026-04-03 00:00:00","2026-04-20 00:00:00","2026-04-16","2026-04-20"
"3809","318","2026-05-01","614.34","3993.21","Pending","2026-05-01 00:00:00","2026-05-11 00:00:00","2026-05-16",""
"3810","318","2026-06-01","828.27","6212.02","Paid","2026-06-02 00:00:00","2026-06-13 00:00:00","2026-06-16","2026-06-13"
"3811","318","2026-07-01","222.45","1334.7","Paid","2026-07-02 00:00:00","2026-07-12 00:00:00","2026-07-16","2026-07-12"
"3812","318","2026-08-01","799.71","5198.11","Pending","2026-08-01 00:00:00","2026-08-11 00:00:00","2026-08-16",""
"3813","318","2026-09-01","629.58","4092.27","Paid","2026-09-01 00:00:00","2026-09-16 00:00:00","2026-09-16","2026-09-16"
"3814","318","2026-10-01","705.36","4232.16","Paid","2026-10-01 00:00:00","2026-10-13 00:00:00","2026-10-16","2026-10-13"
"3815","318","2026-11-01","403.94","2423.64","Paid","2026-11-03 00:00:00","2026-11-16 00:00:00","2026-11-16","2026-11-16"
"3816","318","2026-12-01","666.83","5001.23","Paid","2026-12-01 00:00:00","2026-12-13 00:00:00","2026-12-16","2026-12-13"
"3817","319","2026-01-01","686.76","5150.7","Paid","2026-01-03 00:00:00","2026-01-12 00:00:00","2026-01-16","2026-01-12"
"3818","319","2026-02-01","199.07","1393.49","Paid","2026-02-01 00:00:00","2026-02-12 00:00:00","2026-02-16","2026-02-12"
"3819","319","2026-03-01","308.01","1694.05","Paid","2026-03-02 00:00:00","2026-03-11 00:00:00","2026-03-16","2026-03-11"
"3820","319","2026-04-01","455.45","3415.88","Paid","2026-04-02 00:00:00","2026-04-15 00:00:00","2026-04-16","2026-04-15"
"3821","319","2026-05-01","372.77","2236.62","Pending","2026-05-01 00:00:00","2026-05-11 00:00:00","2026-05-16",""
"3822","319","2026-06-01","631.83","4106.9","Pending","2026-06-01 00:00:00","2026-06-11 00:00:00","2026-06-16",""
"3823","319","2026-07-01","467.8","2806.8","Paid","2026-07-03 00:00:00","2026-07-15 00:00:00","2026-07-16","2026-07-15"
"3824","319","2026-08-01","386.43","2898.22","Paid","2026-08-02 00:00:00","2026-08-15 00:00:00","2026-08-16","2026-08-15"
"3825","319","2026-09-01","502.27","3767.02","Paid","2026-09-02 00:00:00","2026-09-14 00:00:00","2026-09-16","2026-09-14"
"3826","319","2026-10-01","188.04","1222.26","Overdue","2026-10-01 00:00:00","2026-10-18 00:00:00","2026-10-16","2026-10-18"
"3827","319","2026-11-01","706.52","5298.9","Pending","2026-11-01 00:00:00","2026-11-11 00:00:00","2026-11-16",""
"3828","319","2026-12-01","780.77","4684.62","Overdue","2026-12-03 00:00:00","2026-12-20 00:00:00","2026-12-16","2026-12-20"
"3829","320","2026-01-01","496.8","2732.4","Overdue","2026-01-01 00:00:00","2026-01-19 00:00:00","2026-01-16","2026-01-19"
"3830","320","2026-02-01","202.26","1415.82","Paid","2026-02-01 00:00:00","2026-02-11 00:00:00","2026-02-16","2026-02-11"
"3831","320","2026-03-01","594.81","3568.86","Paid","2026-03-02 00:00:00","2026-03-14 00:00:00","2026-03-16","2026-03-14"
"3832","320","2026-04-01","688.53","4819.71","Paid","2026-04-01 00:00:00","2026-04-12 00:00:00","2026-04-16","2026-04-12"
"3833","320","2026-05-01","726.4","3995.2","Overdue","2026-05-01 00:00:00","2026-05-26 00:00:00","2026-05-16","2026-05-26"
"3834","320","2026-06-01","375.04","2625.28","Overdue","2026-06-02 00:00:00","2026-06-18 00:00:00","2026-06-16","2026-06-18"
"3835","320","2026-07-01","118.19","768.24","Overdue","2026-07-01 00:00:00","2026-07-19 00:00:00","2026-07-16","2026-07-19"
"3836","320","2026-08-01","486.09","3159.59","Paid","2026-08-02 00:00:00","2026-08-16 00:00:00","2026-08-16","2026-08-16"
"3837","320","2026-09-01","611.88","4283.16","Paid","2026-09-03 00:00:00","2026-09-11 00:00:00","2026-09-16","2026-09-11"
"3838","320","2026-10-01","103.56","621.36","Paid","2026-10-01 00:00:00","2026-10-11 00:00:00","2026-10-16","2026-10-11"
"3839","320","2026-11-01","239.95","1559.67","Paid","2026-11-02 00:00:00","2026-11-11 00:00:00","2026-11-16","2026-11-11"
"3840","320","2026-12-01","302.06","2265.45","Paid","2026-12-01 00:00:00","2026-12-11 00:00:00","2026-12-16","2026-12-11"
"3841","321","2026-01-01","396.79","2182.35","Overdue","2026-01-02 00:00:00","2026-01-20 00:00:00","2026-01-16","2026-01-20"
"3842","321","2026-02-01","588.59","4414.43","Paid","2026-02-01 00:00:00","2026-02-15 00:00:00","2026-02-16","2026-02-15"
"3843","321","2026-03-01","198.2","1387.4","Paid","2026-03-03 00:00:00","2026-03-14 00:00:00","2026-03-16","2026-03-14"
"3844","321","2026-04-01","736.38","5154.66","Pending","2026-04-02 00:00:00","2026-04-12 00:00:00","2026-04-16",""
"3845","321","2026-05-01","678.18","4408.17","Paid","2026-05-02 00:00:00","2026-05-14 00:00:00","2026-05-16","2026-05-14"
"3846","321","2026-06-01","759.2","4934.8","Paid","2026-06-01 00:00:00","2026-06-14 00:00:00","2026-06-16","2026-06-14"
"3847","321","2026-07-01","354.75","2660.62","Overdue","2026-07-02 00:00:00","2026-07-25 00:00:00","2026-07-16","2026-07-25"
"3848","321","2026-08-01","742.24","5566.8","Overdue","2026-08-01 00:00:00","2026-08-21 00:00:00","2026-08-16","2026-08-21"
"3849","321","2026-09-01","485.4","3640.5","Overdue","2026-09-01 00:00:00","2026-09-22 00:00:00","2026-09-16","2026-09-22"
"3850","321","2026-10-01","264.94","1987.05","Overdue","2026-10-03 00:00:00","2026-10-20 00:00:00","2026-10-16","2026-10-20"
"3851","321","2026-11-01","272.11","1496.61","Pending","2026-11-01 00:00:00","2026-11-11 00:00:00","2026-11-16",""
"3852","321","2026-12-01","676.8","4399.2","Paid","2026-12-02 00:00:00","2026-12-16 00:00:00","2026-12-16","2026-12-16"
"3853","322","2026-01-01","554.88","3051.84","Paid","2026-01-02 00:00:00","2026-01-13 00:00:00","2026-01-16","2026-01-13"
"3854","322","2026-02-01","751.98","4135.89","Paid","2026-02-02 00:00:00","2026-02-16 00:00:00","2026-02-16","2026-02-16"
"3855","322","2026-03-01","150.1","900.6","Paid","2026-03-01 00:00:00","2026-03-11 00:00:00","2026-03-16","2026-03-11"
"3856","322","2026-04-01","110.21","716.37","Overdue","2026-04-03 00:00:00","2026-04-26 00:00:00","2026-04-16","2026-04-26"
"3857","322","2026-05-01","281.29","1687.74","Paid","2026-05-02 00:00:00","2026-05-11 00:00:00","2026-05-16","2026-05-11"
"3858","322","2026-06-01","537.08","3222.48","Pending","2026-06-01 00:00:00","2026-06-11 00:00:00","2026-06-16",""
"3859","322","2026-07-01","450.08","3375.6","Pending","2026-07-01 00:00:00","2026-07-11 00:00:00","2026-07-16",""
"3860","322","2026-08-01","187.95","1127.7","Paid","2026-08-01 00:00:00","2026-08-11 00:00:00","2026-08-16","2026-08-11"
"3861","322","2026-09-01","423.34","3175.05","Overdue","2026-09-03 00:00:00","2026-09-21 00:00:00","2026-09-16","2026-09-21"
"3862","322","2026-10-01","552.19","3037.05","Paid","2026-10-03 00:00:00","2026-10-15 00:00:00","2026-10-16","2026-10-15"
"3863","322","2026-11-01","825.99","5368.94","Paid","2026-11-03 00:00:00","2026-11-13 00:00:00","2026-11-16","2026-11-13"
"3864","322","2026-12-01","181.52","1270.64","Paid","2026-12-01 00:00:00","2026-12-14 00:00:00","2026-12-16","2026-12-14"
"3865","323","2026-01-01","543.78","3262.68","Pending","2026-01-03 00:00:00","2026-01-13 00:00:00","2026-01-16",""
"3866","323","2026-02-01","274.37","2057.78","Paid","2026-02-02 00:00:00","2026-02-14 00:00:00","2026-02-16","2026-02-14"
"3867","323","2026-03-01","892.55","6247.85","Paid","2026-03-01 00:00:00","2026-03-13 00:00:00","2026-03-16","2026-03-13"
"3868","323","2026-04-01","741.75","5563.12","Overdue","2026-04-03 00:00:00","2026-04-23 00:00:00","2026-04-16","2026-04-23"
"3869","323","2026-05-01","127.6","701.8","Paid","2026-05-03 00:00:00","2026-05-11 00:00:00","2026-05-16","2026-05-11"
"3870","323","2026-06-01","314.91","2046.92","Paid","2026-06-01 00:00:00","2026-06-14 00:00:00","2026-06-16","2026-06-14"
"3871","323","2026-07-01","332.61","2328.27","Overdue","2026-07-01 00:00:00","2026-07-17 00:00:00","2026-07-16","2026-07-17"
"3872","323","2026-08-01","576.06","3168.33","Paid","2026-08-01 00:00:00","2026-08-12 00:00:00","2026-08-16","2026-08-12"
"3873","323","2026-09-01","477.26","2863.56","Overdue","2026-09-03 00:00:00","2026-09-23 00:00:00","2026-09-16","2026-09-23"
"3874","323","2026-10-01","143.23","1002.61","Paid","2026-10-02 00:00:00","2026-10-16 00:00:00","2026-10-16","2026-10-16"
"3875","323","2026-11-01","342.62","1884.41","Paid","2026-11-02 00:00:00","2026-11-13 00:00:00","2026-11-16","2026-11-13"
"3876","323","2026-12-01","624.05","3744.3","Pending","2026-12-01 00:00:00","2026-12-11 00:00:00","2026-12-16",""
"3877","324","2026-01-01","224.5","1683.75","Paid","2026-01-02 00:00:00","2026-01-11 00:00:00","2026-01-16","2026-01-11"
"3878","324","2026-02-01","529.57","3971.78","Overdue","2026-02-02 00:00:00","2026-02-24 00:00:00","2026-02-16","2026-02-24"
"3879","324","2026-03-01","163.46","899.03","Paid","2026-03-01 00:00:00","2026-03-11 00:00:00","2026-03-16","2026-03-11"
"3880","324","2026-04-01","752.07","4888.45","Pending","2026-04-02 00:00:00","2026-04-12 00:00:00","2026-04-16",""
"3881","324","2026-05-01","830.88","4985.28","Paid","2026-05-03 00:00:00","2026-05-15 00:00:00","2026-05-16","2026-05-15"
"3882","324","2026-06-01","627.22","4076.93","Paid","2026-06-03 00:00:00","2026-06-15 00:00:00","2026-06-16","2026-06-15"
"3883","324","2026-07-01","887.94","6659.55","Paid","2026-07-01 00:00:00","2026-07-13 00:00:00","2026-07-16","2026-07-13"
"3884","324","2026-08-01","727.51","4365.06","Paid","2026-08-01 00:00:00","2026-08-12 00:00:00","2026-08-16","2026-08-12"
"3885","324","2026-09-01","488.17","3173.11","Paid","2026-09-02 00:00:00","2026-09-15 00:00:00","2026-09-16","2026-09-15"
"3886","324","2026-10-01","814.14","6106.05","Paid","2026-10-02 00:00:00","2026-10-15 00:00:00","2026-10-16","2026-10-15"
"3887","324","2026-11-01","198.98","1392.86","Overdue","2026-11-01 00:00:00","2026-11-19 00:00:00","2026-11-16","2026-11-19"
"3888","324","2026-12-01","386.52","2705.64","Pending","2026-12-02 00:00:00","2026-12-12 00:00:00","2026-12-16",""
"3889","325","2026-01-01","806.45","4838.7","Paid","2026-01-02 00:00:00","2026-01-11 00:00:00","2026-01-16","2026-01-11"
"3890","325","2026-02-01","328.9","2302.3","Overdue","2026-02-01 00:00:00","2026-02-25 00:00:00","2026-02-16","2026-02-25"
"3891","325","2026-03-01","412.65","2888.55","Paid","2026-03-01 00:00:00","2026-03-11 00:00:00","2026-03-16","2026-03-11"
"3892","325","2026-04-01","303.65","2125.55","Paid","2026-04-02 00:00:00","2026-04-15 00:00:00","2026-04-16","2026-04-15"
"3893","325","2026-05-01","638.09","4785.68","Paid","2026-05-02 00:00:00","2026-05-11 00:00:00","2026-05-16","2026-05-11"
"3894","325","2026-06-01","241.34","1327.37","Paid","2026-06-03 00:00:00","2026-06-15 00:00:00","2026-06-16","2026-06-15"
"3895","325","2026-07-01","499.1","2994.6","Paid","2026-07-02 00:00:00","2026-07-15 00:00:00","2026-07-16","2026-07-15"
"3896","325","2026-08-01","349.75","1923.62","Paid","2026-08-02 00:00:00","2026-08-15 00:00:00","2026-08-16","2026-08-15"
"3897","325","2026-09-01","258.74","1423.07","Paid","2026-09-03 00:00:00","2026-09-12 00:00:00","2026-09-16","2026-09-12"
"3898","325","2026-10-01","429.59","2577.54","Overdue","2026-10-01 00:00:00","2026-10-23 00:00:00","2026-10-16","2026-10-23"
"3899","325","2026-11-01","268.94","1882.58","Paid","2026-11-02 00:00:00","2026-11-16 00:00:00","2026-11-16","2026-11-16"
"3900","325","2026-12-01","352.92","2646.9","Pending","2026-12-03 00:00:00","2026-12-13 00:00:00","2026-12-16",""
"3901","326","2026-01-01","317.24","2220.68","Paid","2026-01-03 00:00:00","2026-01-12 00:00:00","2026-01-16","2026-01-12"
"3902","326","2026-02-01","867.09","6503.18","Paid","2026-02-03 00:00:00","2026-02-13 00:00:00","2026-02-16","2026-02-13"
"3903","326","2026-03-01","554.2","3602.3","Pending","2026-03-02 00:00:00","2026-03-12 00:00:00","2026-03-16",""
"3904","326","2026-04-01","445.49","2450.2","Paid","2026-04-03 00:00:00","2026-04-15 00:00:00","2026-04-16","2026-04-15"
"3905","326","2026-05-01","297.59","1934.33","Paid","2026-05-02 00:00:00","2026-05-14 00:00:00","2026-05-16","2026-05-14"
"3906","326","2026-06-01","231.04","1732.8","Paid","2026-06-02 00:00:00","2026-06-11 00:00:00","2026-06-16","2026-06-11"
"3907","326","2026-07-01","430.91","2585.46","Paid","2026-07-01 00:00:00","2026-07-12 00:00:00","2026-07-16","2026-07-12"
"3908","326","2026-08-01","352.04","1936.22","Pending","2026-08-03 00:00:00","2026-08-13 00:00:00","2026-08-16",""
"3909","326","2026-09-01","411.63","2675.59","Paid","2026-09-03 00:00:00","2026-09-16 00:00:00","2026-09-16","2026-09-16"
"3910","326","2026-10-01","506.54","3292.51","Paid","2026-10-01 00:00:00","2026-10-11 00:00:00","2026-10-16","2026-10-11"
"3911","326","2026-11-01","127.5","765.0","Overdue","2026-11-01 00:00:00","2026-11-18 00:00:00","2026-11-16","2026-11-18"
"3912","326","2026-12-01","272.3","1497.65","Paid","2026-12-02 00:00:00","2026-12-15 00:00:00","2026-12-16","2026-12-15"
"3913","327","2026-01-01","563.74","3100.57","Paid","2026-01-03 00:00:00","2026-01-13 00:00:00","2026-01-16","2026-01-13"
"3914","327","2026-02-01","291.69","1604.3","Pending","2026-02-02 00:00:00","2026-02-12 00:00:00","2026-02-16",""
"3915","327","2026-03-01","277.03","2077.72","Paid","2026-03-03 00:00:00","2026-03-12 00:00:00","2026-03-16","2026-03-12"
"3916","327","2026-04-01","833.84","5003.04","Overdue","2026-04-03 00:00:00","2026-04-23 00:00:00","2026-04-16","2026-04-23"
"3917","327","2026-05-01","242.69","1820.17","Paid","2026-05-01 00:00:00","2026-05-15 00:00:00","2026-05-16","2026-05-15"
"3918","327","2026-06-01","746.75","5227.25","Pending","2026-06-02 00:00:00","2026-06-12 00:00:00","2026-06-16",""
"3919","327","2026-07-01","284.76","1708.56","Overdue","2026-07-01 00:00:00","2026-07-23 00:00:00","2026-07-16","2026-07-23"
"3920","327","2026-08-01","354.1","2124.6","Overdue","2026-08-03 00:00:00","2026-08-18 00:00:00","2026-08-16","2026-08-18"
"3921","327","2026-09-01","381.08","2095.94","Paid","2026-09-03 00:00:00","2026-09-14 00:00:00","2026-09-16","2026-09-14"
"3922","327","2026-10-01","611.2","3972.8","Pending","2026-10-02 00:00:00","2026-10-12 00:00:00","2026-10-16",""
"3923","327","2026-11-01","558.81","3632.26","Paid","2026-11-01 00:00:00","2026-11-13 00:00:00","2026-11-16","2026-11-13"
"3924","327","2026-12-01","615.69","4001.99","Overdue","2026-12-03 00:00:00","2026-12-24 00:00:00","2026-12-16","2026-12-24"
"3925","328","2026-01-01","809.83","4454.07","Overdue","2026-01-02 00:00:00","2026-01-19 00:00:00","2026-01-16","2026-01-19"
"3926","328","2026-02-01","842.86","5478.59","Paid","2026-02-02 00:00:00","2026-02-14 00:00:00","2026-02-16","2026-02-14"
"3927","328","2026-03-01","594.81","3271.45","Pending","2026-03-03 00:00:00","2026-03-13 00:00:00","2026-03-16",""
"3928","328","2026-04-01","372.84","2796.3","Paid","2026-04-03 00:00:00","2026-04-11 00:00:00","2026-04-16","2026-04-11"
"3929","328","2026-05-01","499.03","2744.66","Overdue","2026-05-02 00:00:00","2026-05-18 00:00:00","2026-05-16","2026-05-18"
"3930","328","2026-06-01","759.15","4554.9","Overdue","2026-06-03 00:00:00","2026-06-21 00:00:00","2026-06-16","2026-06-21"
"3931","328","2026-07-01","289.86","2173.95","Paid","2026-07-03 00:00:00","2026-07-11 00:00:00","2026-07-16","2026-07-11"
"3932","328","2026-08-01","561.62","3650.53","Overdue","2026-08-01 00:00:00","2026-08-18 00:00:00","2026-08-16","2026-08-18"
"3933","328","2026-09-01","505.27","3789.52","Overdue","2026-09-03 00:00:00","2026-09-22 00:00:00","2026-09-16","2026-09-22"
"3934","328","2026-10-01","583.38","3791.97","Pending","2026-10-02 00:00:00","2026-10-12 00:00:00","2026-10-16",""
"3935","328","2026-11-01","215.33","1291.98","Overdue","2026-11-01 00:00:00","2026-11-18 00:00:00","2026-11-16","2026-11-18"
"3936","328","2026-12-01","562.07","3934.49","Paid","2026-12-01 00:00:00","2026-12-12 00:00:00","2026-12-16","2026-12-12"
"3937","329","2026-01-01","233.69","1752.67","Pending","2026-01-01 00:00:00","2026-01-11 00:00:00","2026-01-16",""
"3938","329","2026-02-01","419.83","2518.98","Paid","2026-02-01 00:00:00","2026-02-14 00:00:00","2026-02-16","2026-02-14"
"3939","329","2026-03-01","473.56","3078.14","Paid","2026-03-02 00:00:00","2026-03-11 00:00:00","2026-03-16","2026-03-11"
"3940","329","2026-04-01","617.08","3393.94","Paid","2026-04-02 00:00:00","2026-04-12 00:00:00","2026-04-16","2026-04-12"
"3941","329","2026-05-01","128.26","769.56","Paid","2026-05-03 00:00:00","2026-05-11 00:00:00","2026-05-16","2026-05-11"
"3942","329","2026-06-01","214.52","1394.38","Paid","2026-06-03 00:00:00","2026-06-14 00:00:00","2026-06-16","2026-06-14"
"3943","329","2026-07-01","350.73","2630.48","Paid","2026-07-01 00:00:00","2026-07-14 00:00:00","2026-07-16","2026-07-14"
"3944","329","2026-08-01","435.53","2613.18","Overdue","2026-08-01 00:00:00","2026-08-18 00:00:00","2026-08-16","2026-08-18"
"3945","329","2026-09-01","149.73","823.51","Overdue","2026-09-03 00:00:00","2026-09-22 00:00:00","2026-09-16","2026-09-22"
"3946","329","2026-10-01","386.54","2319.24","Paid","2026-10-03 00:00:00","2026-10-15 00:00:00","2026-10-16","2026-10-15"
"3947","329","2026-11-01","716.58","5374.35","Pending","2026-11-03 00:00:00","2026-11-13 00:00:00","2026-11-16",""
"3948","329","2026-12-01","573.19","3725.74","Paid","2026-12-02 00:00:00","2026-12-12 00:00:00","2026-12-16","2026-12-12"
"3949","330","2026-01-01","313.06","1721.83","Overdue","2026-01-02 00:00:00","2026-01-17 00:00:00","2026-01-16","2026-01-17"
"3950","330","2026-02-01","415.64","2493.84","Paid","2026-02-03 00:00:00","2026-02-15 00:00:00","2026-02-16","2026-02-15"
"3951","330","2026-03-01","124.79","748.74","Pending","2026-03-01 00:00:00","2026-03-11 00:00:00","2026-03-16",""
"3952","330","2026-04-01","95.38","667.66","Paid","2026-04-02 00:00:00","2026-04-15 00:00:00","2026-04-16","2026-04-15"
"3953","330","2026-05-01","203.34","1118.37","Overdue","2026-05-02 00:00:00","2026-05-17 00:00:00","2026-05-16","2026-05-17"
"3954","330","2026-06-01","695.56","4521.14","Overdue","2026-06-02 00:00:00","2026-06-21 00:00:00","2026-06-16","2026-06-21"
"3955","330","2026-07-01","717.67","4306.02","Paid","2026-07-02 00:00:00","2026-07-14 00:00:00","2026-07-16","2026-07-14"
"3956","330","2026-08-01","303.82","1822.92","Paid","2026-08-01 00:00:00","2026-08-15 00:00:00","2026-08-16","2026-08-15"
"3957","330","2026-09-01","770.0","4235.0","Paid","2026-09-01 00:00:00","2026-09-16 00:00:00","2026-09-16","2026-09-16"
"3958","330","2026-10-01","778.73","4672.38","Pending","2026-10-03 00:00:00","2026-10-13 00:00:00","2026-10-16",""
"3959","330","2026-11-01","513.94","3597.58","Overdue","2026-11-01 00:00:00","2026-11-19 00:00:00","2026-11-16","2026-11-19"
"3960","330","2026-12-01","661.9","3640.45","Pending","2026-12-03 00:00:00","2026-12-13 00:00:00","2026-12-16",""
"3961","331","2026-01-01","608.66","4260.62","Overdue","2026-01-02 00:00:00","2026-01-20 00:00:00","2026-01-16","2026-01-20"
"3962","331","2026-02-01","290.57","2179.28","Paid","2026-02-01 00:00:00","2026-02-11 00:00:00","2026-02-16","2026-02-11"
"3963","331","2026-03-01","172.64","1035.84","Overdue","2026-03-02 00:00:00","2026-03-23 00:00:00","2026-03-16","2026-03-23"
"3964","331","2026-04-01","333.01","2331.07","Overdue","2026-04-01 00:00:00","2026-04-20 00:00:00","2026-04-16","2026-04-20"
"3965","331","2026-05-01","869.5","6521.25","Overdue","2026-05-01 00:00:00","2026-05-17 00:00:00","2026-05-16","2026-05-17"
"3966","331","2026-06-01","336.15","2353.05","Overdue","2026-06-01 00:00:00","2026-06-22 00:00:00","2026-06-16","2026-06-22"
"3967","331","2026-07-01","690.32","5177.4","Paid","2026-07-02 00:00:00","2026-07-15 00:00:00","2026-07-16","2026-07-15"
"3968","331","2026-08-01","176.52","1235.64","Paid","2026-08-01 00:00:00","2026-08-15 00:00:00","2026-08-16","2026-08-15"
"3969","331","2026-09-01","600.24","3301.32","Paid","2026-09-01 00:00:00","2026-09-16 00:00:00","2026-09-16","2026-09-16"
"3970","331","2026-10-01","619.57","4336.99","Paid","2026-10-02 00:00:00","2026-10-15 00:00:00","2026-10-16","2026-10-15"
"3971","331","2026-11-01","821.32","6159.9","Pending","2026-11-01 00:00:00","2026-11-11 00:00:00","2026-11-16",""
"3972","331","2026-12-01","540.75","4055.62","Paid","2026-12-02 00:00:00","2026-12-16 00:00:00","2026-12-16","2026-12-16"
"3973","332","2026-01-01","173.88","1304.1","Paid","2026-01-01 00:00:00","2026-01-15 00:00:00","2026-01-16","2026-01-15"
"3974","332","2026-02-01","715.48","5008.36","Paid","2026-02-03 00:00:00","2026-02-11 00:00:00","2026-02-16","2026-02-11"
"3975","332","2026-03-01","174.79","1048.74","Pending","2026-03-01 00:00:00","2026-03-11 00:00:00","2026-03-16",""
"3976","332","2026-04-01","760.12","4560.72","Overdue","2026-04-03 00:00:00","2026-04-19 00:00:00","2026-04-16","2026-04-19"
"3977","332","2026-05-01","421.98","2320.89","Pending","2026-05-03 00:00:00","2026-05-13 00:00:00","2026-05-16",""
"3978","332","2026-06-01","173.24","952.82","Paid","2026-06-01 00:00:00","2026-06-14 00:00:00","2026-06-16","2026-06-14"
"3979","332","2026-07-01","356.6","2496.2","Pending","2026-07-02 00:00:00","2026-07-12 00:00:00","2026-07-16",""
"3980","332","2026-08-01","880.74","6605.55","Paid","2026-08-01 00:00:00","2026-08-11 00:00:00","2026-08-16","2026-08-11"
"3981","332","2026-09-01","598.84","4191.88","Paid","2026-09-02 00:00:00","2026-09-13 00:00:00","2026-09-16","2026-09-13"
"3982","332","2026-10-01","101.79","712.53","Pending","2026-10-03 00:00:00","2026-10-13 00:00:00","2026-10-16",""
"3983","332","2026-11-01","821.42","6160.65","Paid","2026-11-03 00:00:00","2026-11-13 00:00:00","2026-11-16","2026-11-13"
"3984","332","2026-12-01","664.0","4980.0","Pending","2026-12-01 00:00:00","2026-12-11 00:00:00","2026-12-16",""
"3985","333","2026-01-01","457.12","3428.4","Paid","2026-01-03 00:00:00","2026-01-16 00:00:00","2026-01-16","2026-01-16"
"3986","333","2026-02-01","444.57","3111.99","Pending","2026-02-03 00:00:00","2026-02-13 00:00:00","2026-02-16",""
"3987","333","2026-03-01","102.34","716.38","Paid","2026-03-03 00:00:00","2026-03-13 00:00:00","2026-03-16","2026-03-13"
"3988","333","2026-04-01","518.65","2852.57","Paid","2026-04-02 00:00:00","2026-04-11 00:00:00","2026-04-16","2026-04-11"
"3989","333","2026-05-01","164.28","1067.82","Paid","2026-05-01 00:00:00","2026-05-13 00:00:00","2026-05-16","2026-05-13"
"3990","333","2026-06-01","576.16","3456.96","Paid","2026-06-01 00:00:00","2026-06-15 00:00:00","2026-06-16","2026-06-15"
"3991","333","2026-07-01","808.66","5660.62","Paid","2026-07-03 00:00:00","2026-07-11 00:00:00","2026-07-16","2026-07-11"
"3992","333","2026-08-01","308.41","2158.87","Paid","2026-08-01 00:00:00","2026-08-14 00:00:00","2026-08-16","2026-08-14"
"3993","333","2026-09-01","118.05","708.3","Overdue","2026-09-02 00:00:00","2026-09-22 00:00:00","2026-09-16","2026-09-22"
"3994","333","2026-10-01","755.83","4157.07","Paid","2026-10-02 00:00:00","2026-10-12 00:00:00","2026-10-16","2026-10-12"
"3995","333","2026-11-01","295.71","1774.26","Pending","2026-11-03 00:00:00","2026-11-13 00:00:00","2026-11-16",""
"3996","333","2026-12-01","274.65","1922.55","Paid","2026-12-01 00:00:00","2026-12-14 00:00:00","2026-12-16","2026-12-14"
"3997","334","2026-01-01","684.67","4450.35","Paid","2026-01-01 00:00:00","2026-01-15 00:00:00","2026-01-16","2026-01-15"
"3998","334","2026-02-01","860.68","6455.1","Paid","2026-02-02 00:00:00","2026-02-16 00:00:00","2026-02-16","2026-02-16"
"3999","334","2026-03-01","822.06","5754.42","Overdue","2026-03-01 00:00:00","2026-03-17 00:00:00","2026-03-16","2026-03-17"
"4000","334","2026-04-01","732.82","4763.33","Paid","2026-04-03 00:00:00","2026-04-16 00:00:00","2026-04-16","2026-04-16"
"4001","334","2026-05-01","700.24","3851.32","Paid","2026-05-03 00:00:00","2026-05-12 00:00:00","2026-05-16","2026-05-12"
"4002","334","2026-06-01","392.48","2158.64","Paid","2026-06-03 00:00:00","2026-06-16 00:00:00","2026-06-16","2026-06-16"
"4003","334","2026-07-01","546.58","3279.48","Paid","2026-07-03 00:00:00","2026-07-14 00:00:00","2026-07-16","2026-07-14"
"4004","334","2026-08-01","347.23","2604.23","Pending","2026-08-01 00:00:00","2026-08-11 00:00:00","2026-08-16",""
"4005","334","2026-09-01","777.29","5441.03","Paid","2026-09-03 00:00:00","2026-09-12 00:00:00","2026-09-16","2026-09-12"
"4006","334","2026-10-01","503.48","3020.88","Pending","2026-10-03 00:00:00","2026-10-13 00:00:00","2026-10-16",""
"4007","334","2026-11-01","737.49","5162.43","Paid","2026-11-03 00:00:00","2026-11-14 00:00:00","2026-11-16","2026-11-14"
"4008","334","2026-12-01","660.91","4626.37","Paid","2026-12-01 00:00:00","2026-12-12 00:00:00","2026-12-16","2026-12-12"
"4009","335","2026-01-01","557.02","4177.65","Paid","2026-01-02 00:00:00","2026-01-14 00:00:00","2026-01-16","2026-01-14"
"4010","335","2026-02-01","844.46","4644.53","Paid","2026-02-02 00:00:00","2026-02-13 00:00:00","2026-02-16","2026-02-13"
"4011","335","2026-03-01","496.96","3230.24","Paid","2026-03-01 00:00:00","2026-03-15 00:00:00","2026-03-16","2026-03-15"
"4012","335","2026-04-01","622.52","3423.86","Overdue","2026-04-02 00:00:00","2026-04-26 00:00:00","2026-04-16","2026-04-26"
"4013","335","2026-05-01","114.33","743.14","Paid","2026-05-03 00:00:00","2026-05-14 00:00:00","2026-05-16","2026-05-14"
"4014","335","2026-06-01","832.68","5828.76","Pending","2026-06-02 00:00:00","2026-06-12 00:00:00","2026-06-16",""
"4015","335","2026-07-01","263.17","1973.78","Paid","2026-07-01 00:00:00","2026-07-15 00:00:00","2026-07-16","2026-07-15"
"4016","335","2026-08-01","447.96","3359.7","Paid","2026-08-03 00:00:00","2026-08-14 00:00:00","2026-08-16","2026-08-14"
"4017","335","2026-09-01","482.2","2652.1","Paid","2026-09-01 00:00:00","2026-09-15 00:00:00","2026-09-16","2026-09-15"
"4018","335","2026-10-01","673.39","4040.34","Paid","2026-10-03 00:00:00","2026-10-15 00:00:00","2026-10-16","2026-10-15"
"4019","335","2026-11-01","122.29","672.6","Paid","2026-11-01 00:00:00","2026-11-16 00:00:00","2026-11-16","2026-11-16"
"4020","335","2026-12-01","553.55","4151.62","Paid","2026-12-03 00:00:00","2026-12-13 00:00:00","2026-12-16","2026-12-13"
"4021","336","2026-01-01","234.42","1523.73","Paid","2026-01-01 00:00:00","2026-01-14 00:00:00","2026-01-16","2026-01-14"
"4022","336","2026-02-01","695.93","4871.51","Paid","2026-02-01 00:00:00","2026-02-15 00:00:00","2026-02-16","2026-02-15"
"4023","336","2026-03-01","888.56","6664.2","Paid","2026-03-01 00:00:00","2026-03-16 00:00:00","2026-03-16","2026-03-16"
"4024","336","2026-04-01","813.69","6102.68","Paid","2026-04-02 00:00:00","2026-04-12 00:00:00","2026-04-16","2026-04-12"
"4025","336","2026-05-01","133.75","936.25","Paid","2026-05-02 00:00:00","2026-05-15 00:00:00","2026-05-16","2026-05-15"
"4026","336","2026-06-01","214.34","1178.87","Paid","2026-06-01 00:00:00","2026-06-11 00:00:00","2026-06-16","2026-06-11"
"4027","336","2026-07-01","808.61","5660.27","Paid","2026-07-01 00:00:00","2026-07-13 00:00:00","2026-07-16","2026-07-13"
"4028","336","2026-08-01","389.21","2335.26","Overdue","2026-08-02 00:00:00","2026-08-26 00:00:00","2026-08-16","2026-08-26"
"4029","336","2026-09-01","149.54","897.24","Pending","2026-09-01 00:00:00","2026-09-11 00:00:00","2026-09-16",""
"4030","336","2026-10-01","892.74","5802.81","Paid","2026-10-01 00:00:00","2026-10-12 00:00:00","2026-10-16","2026-10-12"
"4031","336","2026-11-01","101.23","556.76","Paid","2026-11-02 00:00:00","2026-11-11 00:00:00","2026-11-16","2026-11-11"
"4032","336","2026-12-01","882.65","6619.88","Paid","2026-12-01 00:00:00","2026-12-16 00:00:00","2026-12-16","2026-12-16"
"4033","337","2026-01-01","417.05","2502.3","Overdue","2026-01-02 00:00:00","2026-01-26 00:00:00","2026-01-16","2026-01-26"
"4034","337","2026-02-01","585.57","4391.78","Pending","2026-02-01 00:00:00","2026-02-11 00:00:00","2026-02-16",""
"4035","337","2026-03-01","888.05","5328.3","Pending","2026-03-03 00:00:00","2026-03-13 00:00:00","2026-03-16",""
"4036","337","2026-04-01","85.34","469.37","Pending","2026-04-01 00:00:00","2026-04-11 00:00:00","2026-04-16",""
"4037","337","2026-05-01","418.8","2512.8","Paid","2026-05-02 00:00:00","2026-05-12 00:00:00","2026-05-16","2026-05-12"
"4038","337","2026-06-01","456.04","2964.26","Paid","2026-06-01 00:00:00","2026-06-11 00:00:00","2026-06-16","2026-06-11"
"4039","337","2026-07-01","749.66","5247.62","Paid","2026-07-02 00:00:00","2026-07-16 00:00:00","2026-07-16","2026-07-16"
"4040","337","2026-08-01","435.43","2830.3","Pending","2026-08-01 00:00:00","2026-08-11 00:00:00","2026-08-16",""
"4041","337","2026-09-01","714.23","3928.27","Paid","2026-09-02 00:00:00","2026-09-11 00:00:00","2026-09-16","2026-09-11"
"4042","337","2026-10-01","448.04","2464.22","Paid","2026-10-03 00:00:00","2026-10-12 00:00:00","2026-10-16","2026-10-12"
"4043","337","2026-11-01","782.55","4695.3","Paid","2026-11-02 00:00:00","2026-11-16 00:00:00","2026-11-16","2026-11-16"
"4044","337","2026-12-01","769.83","4618.98","Paid","2026-12-01 00:00:00","2026-12-14 00:00:00","2026-12-16","2026-12-14"
"4045","338","2026-01-01","413.91","2276.51","Pending","2026-01-01 00:00:00","2026-01-11 00:00:00","2026-01-16",""
"4046","338","2026-02-01","367.43","2020.87","Paid","2026-02-02 00:00:00","2026-02-15 00:00:00","2026-02-16","2026-02-15"
"4047","338","2026-03-01","340.81","2556.07","Pending","2026-03-01 00:00:00","2026-03-11 00:00:00","2026-03-16",""
"4048","338","2026-04-01","261.27","1436.98","Overdue","2026-04-02 00:00:00","2026-04-17 00:00:00","2026-04-16","2026-04-17"
"4049","338","2026-05-01","254.34","1907.55","Paid","2026-05-01 00:00:00","2026-05-14 00:00:00","2026-05-16","2026-05-14"
"4050","338","2026-06-01","801.45","5209.43","Paid","2026-06-02 00:00:00","2026-06-13 00:00:00","2026-06-16","2026-06-13"
"4051","338","2026-07-01","295.83","1922.89","Pending","2026-07-02 00:00:00","2026-07-12 00:00:00","2026-07-16",""
"4052","338","2026-08-01","615.81","4618.57","Paid","2026-08-02 00:00:00","2026-08-15 00:00:00","2026-08-16","2026-08-15"
"4053","338","2026-09-01","623.74","4366.18","Paid","2026-09-01 00:00:00","2026-09-13 00:00:00","2026-09-16","2026-09-13"
"4054","338","2026-10-01","623.11","3738.66","Paid","2026-10-02 00:00:00","2026-10-14 00:00:00","2026-10-16","2026-10-14"
"4055","338","2026-11-01","734.57","4407.42","Paid","2026-11-02 00:00:00","2026-11-11 00:00:00","2026-11-16","2026-11-11"
"4056","338","2026-12-01","479.56","3356.92","Paid","2026-12-02 00:00:00","2026-12-11 00:00:00","2026-12-16","2026-12-11"
"4057","339","2026-01-01","463.0","3009.5","Pending","2026-01-03 00:00:00","2026-01-13 00:00:00","2026-01-16",""
"4058","339","2026-02-01","206.9","1448.3","Paid","2026-02-01 00:00:00","2026-02-15 00:00:00","2026-02-16","2026-02-15"
"4059","339","2026-03-01","167.45","1255.88","Paid","2026-03-02 00:00:00","2026-03-12 00:00:00","2026-03-16","2026-03-12"
"4060","339","2026-04-01","804.69","5632.83","Paid","2026-04-02 00:00:00","2026-04-11 00:00:00","2026-04-16","2026-04-11"
"4061","339","2026-05-01","811.68","4464.24","Pending","2026-05-01 00:00:00","2026-05-11 00:00:00","2026-05-16",""
"4062","339","2026-06-01","318.87","2391.53","Paid","2026-06-02 00:00:00","2026-06-14 00:00:00","2026-06-16","2026-06-14"
"4063","339","2026-07-01","651.84","3585.12","Paid","2026-07-02 00:00:00","2026-07-13 00:00:00","2026-07-16","2026-07-13"
"4064","339","2026-08-01","297.01","1782.06","Paid","2026-08-03 00:00:00","2026-08-16 00:00:00","2026-08-16","2026-08-16"
"4065","339","2026-09-01","210.38","1472.66","Overdue","2026-09-01 00:00:00","2026-09-25 00:00:00","2026-09-16","2026-09-25"
"4066","339","2026-10-01","595.55","3573.3","Pending","2026-10-03 00:00:00","2026-10-13 00:00:00","2026-10-16",""
"4067","339","2026-11-01","232.2","1509.3","Pending","2026-11-01 00:00:00","2026-11-11 00:00:00","2026-11-16",""
"4068","339","2026-12-01","170.91","1110.91","Paid","2026-12-02 00:00:00","2026-12-12 00:00:00","2026-12-16","2026-12-12"
"4069","340","2026-01-01","558.37","3629.41","Paid","2026-01-03 00:00:00","2026-01-16 00:00:00","2026-01-16","2026-01-16"
"4070","340","2026-02-01","827.43","6205.72","Paid","2026-02-01 00:00:00","2026-02-13 00:00:00","2026-02-16","2026-02-13"
"4071","340","2026-03-01","721.91","5414.32","Paid","2026-03-03 00:00:00","2026-03-15 00:00:00","2026-03-16","2026-03-15"
"4072","340","2026-04-01","891.58","6241.06","Paid","2026-04-02 00:00:00","2026-04-12 00:00:00","2026-04-16","2026-04-12"
"4073","340","2026-05-01","388.18","2329.08","Paid","2026-05-01 00:00:00","2026-05-14 00:00:00","2026-05-16","2026-05-14"
"4074","340","2026-06-01","341.83","1880.06","Paid","2026-06-03 00:00:00","2026-06-12 00:00:00","2026-06-16","2026-06-12"
"4075","340","2026-07-01","541.45","4060.88","Paid","2026-07-03 00:00:00","2026-07-14 00:00:00","2026-07-16","2026-07-14"
"4076","340","2026-08-01","500.8","3756.0","Paid","2026-08-03 00:00:00","2026-08-11 00:00:00","2026-08-16","2026-08-11"
"4077","340","2026-09-01","875.9","5693.35","Overdue","2026-09-02 00:00:00","2026-09-24 00:00:00","2026-09-16","2026-09-24"
"4078","340","2026-10-01","138.07","1035.52","Paid","2026-10-03 00:00:00","2026-10-13 00:00:00","2026-10-16","2026-10-13"
"4079","340","2026-11-01","723.16","4700.54","Paid","2026-11-01 00:00:00","2026-11-11 00:00:00","2026-11-16","2026-11-11"
"4080","340","2026-12-01","779.91","4679.46","Pending","2026-12-03 00:00:00","2026-12-13 00:00:00","2026-12-16",""
"4081","341","2026-01-01","440.86","2645.16","Pending","2026-01-03 00:00:00","2026-01-13 00:00:00","2026-01-16",""
"4082","341","2026-02-01","516.16","3871.2","Paid","2026-02-02 00:00:00","2026-02-16 00:00:00","2026-02-16","2026-02-16"
"4083","341","2026-03-01","120.86","906.45","Pending","2026-03-03 00:00:00","2026-03-13 00:00:00","2026-03-16",""
"4084","341","2026-04-01","804.01","5226.06","Overdue","2026-04-02 00:00:00","2026-04-25 00:00:00","2026-04-16","2026-04-25"
"4085","341","2026-05-01","225.54","1466.01","Overdue","2026-05-03 00:00:00","2026-05-20 00:00:00","2026-05-16","2026-05-20"
"4086","341","2026-06-01","671.05","4697.35","Paid","2026-06-02 00:00:00","2026-06-14 00:00:00","2026-06-16","2026-06-14"
"4087","341","2026-07-01","100.41","702.87","Overdue","2026-07-03 00:00:00","2026-07-19 00:00:00","2026-07-16","2026-07-19"
"4088","341","2026-08-01","398.35","2987.62","Paid","2026-08-02 00:00:00","2026-08-16 00:00:00","2026-08-16","2026-08-16"
"4089","341","2026-09-01","490.07","2940.42","Paid","2026-09-03 00:00:00","2026-09-11 00:00:00","2026-09-16","2026-09-11"
"4090","341","2026-10-01","789.38","5920.35","Paid","2026-10-03 00:00:00","2026-10-14 00:00:00","2026-10-16","2026-10-14"
"4091","341","2026-11-01","83.02","581.14","Overdue","2026-11-01 00:00:00","2026-11-17 00:00:00","2026-11-16","2026-11-17"
"4092","341","2026-12-01","556.53","3617.44","Paid","2026-12-02 00:00:00","2026-12-15 00:00:00","2026-12-16","2026-12-15"
"4093","342","2026-01-01","463.54","2781.24","Overdue","2026-01-01 00:00:00","2026-01-24 00:00:00","2026-01-16","2026-01-24"
"4094","342","2026-02-01","353.94","2654.55","Paid","2026-02-02 00:00:00","2026-02-15 00:00:00","2026-02-16","2026-02-15"
"4095","342","2026-03-01","719.62","3957.91","Pending","2026-03-03 00:00:00","2026-03-13 00:00:00","2026-03-16",""
"4096","342","2026-04-01","320.44","2403.3","Paid","2026-04-01 00:00:00","2026-04-13 00:00:00","2026-04-16","2026-04-13"
"4097","342","2026-05-01","113.51","737.82","Pending","2026-05-03 00:00:00","2026-05-13 00:00:00","2026-05-16",""
"4098","342","2026-06-01","645.35","3549.43","Overdue","2026-06-03 00:00:00","2026-06-24 00:00:00","2026-06-16","2026-06-24"
"4099","342","2026-07-01","865.19","4758.55","Paid","2026-07-02 00:00:00","2026-07-16 00:00:00","2026-07-16","2026-07-16"
"4100","342","2026-08-01","876.48","6573.6","Pending","2026-08-02 00:00:00","2026-08-12 00:00:00","2026-08-16",""
"4101","342","2026-09-01","600.88","3905.72","Overdue","2026-09-02 00:00:00","2026-09-21 00:00:00","2026-09-16","2026-09-21"
"4102","342","2026-10-01","602.33","4517.48","Paid","2026-10-03 00:00:00","2026-10-11 00:00:00","2026-10-16","2026-10-11"
"4103","342","2026-11-01","226.26","1470.69","Pending","2026-11-03 00:00:00","2026-11-13 00:00:00","2026-11-16",""
"4104","342","2026-12-01","538.84","3502.46","Overdue","2026-12-01 00:00:00","2026-12-25 00:00:00","2026-12-16","2026-12-25"
"4105","343","2026-01-01","498.1","2988.6","Paid","2026-01-02 00:00:00","2026-01-14 00:00:00","2026-01-16","2026-01-14"
"4106","343","2026-02-01","792.78","5549.46","Paid","2026-02-01 00:00:00","2026-02-12 00:00:00","2026-02-16","2026-02-12"
"4107","343","2026-03-01","547.66","3012.13","Overdue","2026-03-02 00:00:00","2026-03-24 00:00:00","2026-03-16","2026-03-24"
"4108","343","2026-04-01","826.48","5372.12","Paid","2026-04-02 00:00:00","2026-04-16 00:00:00","2026-04-16","2026-04-16"
"4109","343","2026-05-01","530.14","3976.05","Paid","2026-05-03 00:00:00","2026-05-13 00:00:00","2026-05-16","2026-05-13"
"4110","343","2026-06-01","441.34","2427.37","Paid","2026-06-03 00:00:00","2026-06-12 00:00:00","2026-06-16","2026-06-12"
"4111","343","2026-07-01","779.15","4674.9","Paid","2026-07-02 00:00:00","2026-07-13 00:00:00","2026-07-16","2026-07-13"
"4112","343","2026-08-01","419.59","3146.92","Pending","2026-08-01 00:00:00","2026-08-11 00:00:00","2026-08-16",""
"4113","343","2026-09-01","478.68","3350.76","Pending","2026-09-03 00:00:00","2026-09-13 00:00:00","2026-09-16",""
"4114","343","2026-10-01","375.4","2440.1","Paid","2026-10-01 00:00:00","2026-10-11 00:00:00","2026-10-16","2026-10-11"
"4115","343","2026-11-01","805.96","5641.72","Paid","2026-11-03 00:00:00","2026-11-16 00:00:00","2026-11-16","2026-11-16"
"4116","343","2026-12-01","227.34","1250.37","Paid","2026-12-02 00:00:00","2026-12-11 00:00:00","2026-12-16","2026-12-11"
"4117","344","2026-01-01","540.62","2973.41","Paid","2026-01-02 00:00:00","2026-01-12 00:00:00","2026-01-16","2026-01-12"
"4118","344","2026-02-01","526.24","3157.44","Overdue","2026-02-01 00:00:00","2026-02-21 00:00:00","2026-02-16","2026-02-21"
"4119","344","2026-03-01","634.57","4759.28","Overdue","2026-03-03 00:00:00","2026-03-19 00:00:00","2026-03-16","2026-03-19"
"4120","344","2026-04-01","383.5","2684.5","Paid","2026-04-03 00:00:00","2026-04-11 00:00:00","2026-04-16","2026-04-11"
"4121","344","2026-05-01","697.36","4881.52","Paid","2026-05-01 00:00:00","2026-05-11 00:00:00","2026-05-16","2026-05-11"
"4122","344","2026-06-01","417.82","2506.92","Overdue","2026-06-02 00:00:00","2026-06-19 00:00:00","2026-06-16","2026-06-19"
"4123","344","2026-07-01","652.43","4893.22","Paid","2026-07-02 00:00:00","2026-07-14 00:00:00","2026-07-16","2026-07-14"
"4124","344","2026-08-01","183.56","1009.58","Paid","2026-08-01 00:00:00","2026-08-16 00:00:00","2026-08-16","2026-08-16"
"4125","344","2026-09-01","233.31","1283.2","Paid","2026-09-02 00:00:00","2026-09-15 00:00:00","2026-09-16","2026-09-15"
"4126","344","2026-10-01","776.24","5045.56","Pending","2026-10-02 00:00:00","2026-10-12 00:00:00","2026-10-16",""
"4127","344","2026-11-01","344.32","1893.76","Paid","2026-11-01 00:00:00","2026-11-16 00:00:00","2026-11-16","2026-11-16"
"4128","344","2026-12-01","774.83","5036.4","Overdue","2026-12-02 00:00:00","2026-12-25 00:00:00","2026-12-16","2026-12-25"
"4129","345","2026-01-01","178.98","1073.88","Paid","2026-01-02 00:00:00","2026-01-13 00:00:00","2026-01-16","2026-01-13"
"4130","345","2026-02-01","235.18","1411.08","Paid","2026-02-01 00:00:00","2026-02-13 00:00:00","2026-02-16","2026-02-13"
"4131","345","2026-03-01","883.46","4859.03","Paid","2026-03-02 00:00:00","2026-03-12 00:00:00","2026-03-16","2026-03-12"
"4132","345","2026-04-01","422.73","2536.38","Paid","2026-04-02 00:00:00","2026-04-12 00:00:00","2026-04-16","2026-04-12"
"4133","345","2026-05-01","374.48","2059.64","Paid","2026-05-01 00:00:00","2026-05-16 00:00:00","2026-05-16","2026-05-16"
"4134","345","2026-06-01","858.65","5151.9","Pending","2026-06-03 00:00:00","2026-06-13 00:00:00","2026-06-16",""
"4135","345","2026-07-01","127.75","958.12","Paid","2026-07-03 00:00:00","2026-07-14 00:00:00","2026-07-16","2026-07-14"
"4136","345","2026-08-01","489.86","2694.23","Overdue","2026-08-03 00:00:00","2026-08-23 00:00:00","2026-08-16","2026-08-23"
"4137","345","2026-09-01","291.37","2039.59","Paid","2026-09-01 00:00:00","2026-09-12 00:00:00","2026-09-16","2026-09-12"
"4138","345","2026-10-01","437.81","3283.57","Paid","2026-10-02 00:00:00","2026-10-15 00:00:00","2026-10-16","2026-10-15"
"4139","345","2026-11-01","208.73","1148.01","Pending","2026-11-02 00:00:00","2026-11-12 00:00:00","2026-11-16",""
"4140","345","2026-12-01","343.66","2233.79","Paid","2026-12-03 00:00:00","2026-12-15 00:00:00","2026-12-16","2026-12-15"
"4141","346","2026-01-01","899.98","4949.89","Pending","2026-01-02 00:00:00","2026-01-12 00:00:00","2026-01-16",""
"4142","346","2026-02-01","388.29","2135.6","Paid","2026-02-02 00:00:00","2026-02-14 00:00:00","2026-02-16","2026-02-14"
"4143","346","2026-03-01","348.55","2265.58","Paid","2026-03-01 00:00:00","2026-03-11 00:00:00","2026-03-16","2026-03-11"
"4144","346","2026-04-01","230.34","1382.04","Paid","2026-04-01 00:00:00","2026-04-11 00:00:00","2026-04-16","2026-04-11"
"4145","346","2026-05-01","517.62","3882.15","Paid","2026-05-02 00:00:00","2026-05-15 00:00:00","2026-05-16","2026-05-15"
"4146","346","2026-06-01","680.05","3740.27","Paid","2026-06-02 00:00:00","2026-06-14 00:00:00","2026-06-16","2026-06-14"
"4147","346","2026-07-01","267.53","1471.41","Paid","2026-07-02 00:00:00","2026-07-11 00:00:00","2026-07-16","2026-07-11"
"4148","346","2026-08-01","594.47","3864.06","Paid","2026-08-03 00:00:00","2026-08-12 00:00:00","2026-08-16","2026-08-12"
"4149","346","2026-09-01","248.6","1367.3","Paid","2026-09-03 00:00:00","2026-09-13 00:00:00","2026-09-16","2026-09-13"
"4150","346","2026-10-01","291.53","1603.41","Pending","2026-10-01 00:00:00","2026-10-11 00:00:00","2026-10-16",""
"4151","346","2026-11-01","296.4","2074.8","Overdue","2026-11-03 00:00:00","2026-11-24 00:00:00","2026-11-16","2026-11-24"
"4152","346","2026-12-01","861.63","4738.97","Paid","2026-12-03 00:00:00","2026-12-12 00:00:00","2026-12-16","2026-12-12"
"4153","347","2026-01-01","635.54","4448.78","Paid","2026-01-01 00:00:00","2026-01-13 00:00:00","2026-01-16","2026-01-13"
"4154","347","2026-02-01","267.54","2006.55","Pending","2026-02-01 00:00:00","2026-02-11 00:00:00","2026-02-16",""
"4155","347","2026-03-01","761.07","5327.49","Paid","2026-03-02 00:00:00","2026-03-14 00:00:00","2026-03-16","2026-03-14"
"4156","347","2026-04-01","229.65","1607.55","Paid","2026-04-03 00:00:00","2026-04-12 00:00:00","2026-04-16","2026-04-12"
"4157","347","2026-05-01","556.34","3616.21","Overdue","2026-05-01 00:00:00","2026-05-26 00:00:00","2026-05-16","2026-05-26"
"4158","347","2026-06-01","246.08","1845.6","Pending","2026-06-02 00:00:00","2026-06-12 00:00:00","2026-06-16",""
"4159","347","2026-07-01","660.23","4621.61","Overdue","2026-07-02 00:00:00","2026-07-21 00:00:00","2026-07-16","2026-07-21"
"4160","347","2026-08-01","512.22","3329.43","Paid","2026-08-02 00:00:00","2026-08-14 00:00:00","2026-08-16","2026-08-14"
"4161","347","2026-09-01","542.92","4071.9","Paid","2026-09-01 00:00:00","2026-09-13 00:00:00","2026-09-16","2026-09-13"
"4162","347","2026-10-01","365.25","2374.12","Pending","2026-10-02 00:00:00","2026-10-12 00:00:00","2026-10-16",""
"4163","347","2026-11-01","724.05","4344.3","Overdue","2026-11-01 00:00:00","2026-11-23 00:00:00","2026-11-16","2026-11-23"
"4164","347","2026-12-01","281.54","1689.24","Pending","2026-12-01 00:00:00","2026-12-11 00:00:00","2026-12-16",""
"4165","348","2026-01-01","547.31","3557.51","Paid","2026-01-01 00:00:00","2026-01-16 00:00:00","2026-01-16","2026-01-16"
"4166","348","2026-02-01","317.44","1904.64","Overdue","2026-02-02 00:00:00","2026-02-25 00:00:00","2026-02-16","2026-02-25"
"4167","348","2026-03-01","632.87","4113.65","Paid","2026-03-01 00:00:00","2026-03-16 00:00:00","2026-03-16","2026-03-16"
"4168","348","2026-04-01","294.78","2063.46","Paid","2026-04-03 00:00:00","2026-04-16 00:00:00","2026-04-16","2026-04-16"
"4169","348","2026-05-01","500.66","3254.29","Pending","2026-05-01 00:00:00","2026-05-11 00:00:00","2026-05-16",""
"4170","348","2026-06-01","460.1","2760.6","Pending","2026-06-01 00:00:00","2026-06-11 00:00:00","2026-06-16",""
"4171","348","2026-07-01","613.02","3678.12","Paid","2026-07-01 00:00:00","2026-07-13 00:00:00","2026-07-16","2026-07-13"
"4172","348","2026-08-01","833.54","5834.78","Paid","2026-08-01 00:00:00","2026-08-16 00:00:00","2026-08-16","2026-08-16"
"4173","348","2026-09-01","187.26","1029.93","Paid","2026-09-01 00:00:00","2026-09-11 00:00:00","2026-09-16","2026-09-11"
"4174","348","2026-10-01","427.51","3206.32","Paid","2026-10-02 00:00:00","2026-10-13 00:00:00","2026-10-16","2026-10-13"
"4175","348","2026-11-01","756.02","5670.15","Overdue","2026-11-03 00:00:00","2026-11-21 00:00:00","2026-11-16","2026-11-21"
"4176","348","2026-12-01","211.31","1267.86","Overdue","2026-12-03 00:00:00","2026-12-26 00:00:00","2026-12-16","2026-12-26"
"4177","349","2026-01-01","164.69","1235.17","Overdue","2026-01-02 00:00:00","2026-01-18 00:00:00","2026-01-16","2026-01-18"
"4178","349","2026-02-01","476.8","2860.8","Paid","2026-02-03 00:00:00","2026-02-13 00:00:00","2026-02-16","2026-02-13"
"4179","349","2026-03-01","660.43","3632.36","Paid","2026-03-02 00:00:00","2026-03-11 00:00:00","2026-03-16","2026-03-11"
"4180","349","2026-04-01","150.8","904.8","Pending","2026-04-02 00:00:00","2026-04-12 00:00:00","2026-04-16",""
"4181","349","2026-05-01","386.67","2320.02","Overdue","2026-05-01 00:00:00","2026-05-25 00:00:00","2026-05-16","2026-05-25"
"4182","349","2026-06-01","594.08","3267.44","Paid","2026-06-01 00:00:00","2026-06-13 00:00:00","2026-06-16","2026-06-13"
"4183","349","2026-07-01","519.35","3116.1","Overdue","2026-07-03 00:00:00","2026-07-20 00:00:00","2026-07-16","2026-07-20"
"4184","349","2026-08-01","478.21","3347.47","Pending","2026-08-03 00:00:00","2026-08-13 00:00:00","2026-08-16",""
"4185","349","2026-09-01","792.58","5548.06","Paid","2026-09-02 00:00:00","2026-09-16 00:00:00","2026-09-16","2026-09-16"
"4186","349","2026-10-01","770.69","5780.18","Pending","2026-10-03 00:00:00","2026-10-13 00:00:00","2026-10-16",""
"4187","349","2026-11-01","697.22","3834.71","Pending","2026-11-01 00:00:00","2026-11-11 00:00:00","2026-11-16",""
"4188","349","2026-12-01","274.16","1919.12","Paid","2026-12-01 00:00:00","2026-12-15 00:00:00","2026-12-16","2026-12-15"
"4189","350","2026-01-01","247.57","1361.63","Paid","2026-01-01 00:00:00","2026-01-13 00:00:00","2026-01-16","2026-01-13"
"4190","350","2026-02-01","779.28","4675.68","Pending","2026-02-01 00:00:00","2026-02-11 00:00:00","2026-02-16",""
"4191","350","2026-03-01","100.7","654.55","Pending","2026-03-02 00:00:00","2026-03-12 00:00:00","2026-03-16",""
"4192","350","2026-04-01","426.45","2985.15","Paid","2026-04-02 00:00:00","2026-04-16 00:00:00","2026-04-16","2026-04-16"
"4193","350","2026-05-01","451.14","3157.98","Pending","2026-05-02 00:00:00","2026-05-12 00:00:00","2026-05-16",""
"4194","350","2026-06-01","260.64","1824.48","Paid","2026-06-01 00:00:00","2026-06-12 00:00:00","2026-06-16","2026-06-12"
"4195","350","2026-07-01","717.06","4302.36","Paid","2026-07-01 00:00:00","2026-07-11 00:00:00","2026-07-16","2026-07-11"
"4196","350","2026-08-01","534.08","2937.44","Overdue","2026-08-01 00:00:00","2026-08-17 00:00:00","2026-08-16","2026-08-17"
"4197","350","2026-09-01","563.41","3943.87","Paid","2026-09-02 00:00:00","2026-09-16 00:00:00","2026-09-16","2026-09-16"
"4198","350","2026-10-01","82.29","452.6","Paid","2026-10-03 00:00:00","2026-10-14 00:00:00","2026-10-16","2026-10-14"
"4199","350","2026-11-01","247.97","1735.79","Paid","2026-11-02 00:00:00","2026-11-13 00:00:00","2026-11-16","2026-11-13"
"4200","350","2026-12-01","205.57","1233.42","Paid","2026-12-02 00:00:00","2026-12-12 00:00:00","2026-12-16","2026-12-12"
"4201","351","2026-01-01","429.39","2361.64","Paid","2026-01-01 00:00:00","2026-01-12 00:00:00","2026-01-16","2026-01-12"
"4202","351","2026-02-01","317.91","2066.41","Paid","2026-02-03 00:00:00","2026-02-16 00:00:00","2026-02-16","2026-02-16"
"4203","351","2026-03-01","837.28","5442.32","Overdue","2026-03-03 00:00:00","2026-03-17 00:00:00","2026-03-16","2026-03-17"
"4204","351","2026-04-01","172.83","1209.81","Paid","2026-04-01 00:00:00","2026-04-13 00:00:00","2026-04-16","2026-04-13"
"4205","351","2026-05-01","120.96","786.24","Paid","2026-05-02 00:00:00","2026-05-14 00:00:00","2026-05-16","2026-05-14"
"4206","351","2026-06-01","158.6","872.3","Paid","2026-06-03 00:00:00","2026-06-16 00:00:00","2026-06-16","2026-06-16"
"4207","351","2026-07-01","405.17","2633.61","Paid","2026-07-03 00:00:00","2026-07-13 00:00:00","2026-07-16","2026-07-13"
"4208","351","2026-08-01","867.63","4771.97","Paid","2026-08-02 00:00:00","2026-08-16 00:00:00","2026-08-16","2026-08-16"
"4209","351","2026-09-01","837.43","5024.58","Paid","2026-09-01 00:00:00","2026-09-12 00:00:00","2026-09-16","2026-09-12"
"4210","351","2026-10-01","250.5","1377.75","Paid","2026-10-03 00:00:00","2026-10-12 00:00:00","2026-10-16","2026-10-12"
"4211","351","2026-11-01","344.0","1892.0","Paid","2026-11-01 00:00:00","2026-11-11 00:00:00","2026-11-16","2026-11-11"
"4212","351","2026-12-01","287.89","1871.28","Paid","2026-12-01 00:00:00","2026-12-15 00:00:00","2026-12-16","2026-12-15"
"4213","352","2026-01-01","223.8","1678.5","Pending","2026-01-01 00:00:00","2026-01-11 00:00:00","2026-01-16",""
"4214","352","2026-02-01","442.99","2657.94","Paid","2026-02-02 00:00:00","2026-02-14 00:00:00","2026-02-16","2026-02-14"
"4215","352","2026-03-01","810.2","6076.5","Paid","2026-03-01 00:00:00","2026-03-12 00:00:00","2026-03-16","2026-03-12"
"4216","352","2026-04-01","898.68","5841.42","Pending","2026-04-02 00:00:00","2026-04-12 00:00:00","2026-04-16",""
"4217","352","2026-05-01","261.53","1438.41","Paid","2026-05-01 00:00:00","2026-05-16 00:00:00","2026-05-16","2026-05-16"
"4218","352","2026-06-01","627.44","4078.36","Paid","2026-06-03 00:00:00","2026-06-16 00:00:00","2026-06-16","2026-06-16"
"4219","352","2026-07-01","444.22","2665.32","Paid","2026-07-03 00:00:00","2026-07-11 00:00:00","2026-07-16","2026-07-11"
"4220","352","2026-08-01","344.09","2064.54","Overdue","2026-08-01 00:00:00","2026-08-25 00:00:00","2026-08-16","2026-08-25"
"4221","352","2026-09-01","211.47","1480.29","Overdue","2026-09-03 00:00:00","2026-09-26 00:00:00","2026-09-16","2026-09-26"
"4222","352","2026-10-01","716.08","4296.48","Pending","2026-10-01 00:00:00","2026-10-11 00:00:00","2026-10-16",""
"4223","352","2026-11-01","657.36","4272.84","Paid","2026-11-01 00:00:00","2026-11-14 00:00:00","2026-11-16","2026-11-14"
"4224","352","2026-12-01","749.25","4495.5","Overdue","2026-12-03 00:00:00","2026-12-18 00:00:00","2026-12-16","2026-12-18"
"4225","353","2026-01-01","375.72","2066.46","Paid","2026-01-01 00:00:00","2026-01-16 00:00:00","2026-01-16","2026-01-16"
"4226","353","2026-02-01","730.31","4747.01","Paid","2026-02-03 00:00:00","2026-02-11 00:00:00","2026-02-16","2026-02-11"
"4227","353","2026-03-01","140.85","985.95","Pending","2026-03-01 00:00:00","2026-03-11 00:00:00","2026-03-16",""
"4228","353","2026-04-01","505.06","2777.83","Paid","2026-04-01 00:00:00","2026-04-15 00:00:00","2026-04-16","2026-04-15"
"4229","353","2026-05-01","852.81","5116.86","Paid","2026-05-03 00:00:00","2026-05-12 00:00:00","2026-05-16","2026-05-12"
"4230","353","2026-06-01","715.56","4293.36","Pending","2026-06-01 00:00:00","2026-06-11 00:00:00","2026-06-16",""
"4231","353","2026-07-01","225.43","1239.87","Pending","2026-07-02 00:00:00","2026-07-12 00:00:00","2026-07-16",""
"4232","353","2026-08-01","330.6","1818.3","Paid","2026-08-01 00:00:00","2026-08-11 00:00:00","2026-08-16","2026-08-11"
"4233","353","2026-09-01","851.92","5111.52","Paid","2026-09-03 00:00:00","2026-09-12 00:00:00","2026-09-16","2026-09-12"
"4234","353","2026-10-01","550.09","3850.63","Paid","2026-10-01 00:00:00","2026-10-16 00:00:00","2026-10-16","2026-10-16"
"4235","353","2026-11-01","759.16","4934.54","Paid","2026-11-02 00:00:00","2026-11-14 00:00:00","2026-11-16","2026-11-14"
"4236","353","2026-12-01","745.04","4842.76","Paid","2026-12-02 00:00:00","2026-12-11 00:00:00","2026-12-16","2026-12-11"
"4237","354","2026-01-01","369.57","2586.99","Paid","2026-01-01 00:00:00","2026-01-13 00:00:00","2026-01-16","2026-01-13"
"4238","354","2026-02-01","186.94","1215.11","Paid","2026-02-03 00:00:00","2026-02-15 00:00:00","2026-02-16","2026-02-15"
"4239","354","2026-03-01","788.95","5522.65","Overdue","2026-03-03 00:00:00","2026-03-25 00:00:00","2026-03-16","2026-03-25"
"4240","354","2026-04-01","678.03","4407.19","Paid","2026-04-01 00:00:00","2026-04-12 00:00:00","2026-04-16","2026-04-12"
"4241","354","2026-05-01","636.8","3502.4","Paid","2026-05-03 00:00:00","2026-05-12 00:00:00","2026-05-16","2026-05-12"
"4242","354","2026-06-01","93.41","513.75","Pending","2026-06-03 00:00:00","2026-06-13 00:00:00","2026-06-16",""
"4243","354","2026-07-01","682.2","4093.2","Overdue","2026-07-02 00:00:00","2026-07-19 00:00:00","2026-07-16","2026-07-19"
"4244","354","2026-08-01","378.33","2648.31","Pending","2026-08-02 00:00:00","2026-08-12 00:00:00","2026-08-16",""
"4245","354","2026-09-01","422.51","2535.06","Pending","2026-09-02 00:00:00","2026-09-12 00:00:00","2026-09-16",""
"4246","354","2026-10-01","652.87","3917.22","Paid","2026-10-01 00:00:00","2026-10-13 00:00:00","2026-10-16","2026-10-13"
"4247","354","2026-11-01","815.25","4483.88","Pending","2026-11-02 00:00:00","2026-11-12 00:00:00","2026-11-16",""
"4248","354","2026-12-01","491.4","3439.8","Paid","2026-12-02 00:00:00","2026-12-13 00:00:00","2026-12-16","2026-12-13"
"4249","355","2026-01-01","111.29","834.68","Paid","2026-01-03 00:00:00","2026-01-11 00:00:00","2026-01-16","2026-01-11"
"4250","355","2026-02-01","667.41","4338.16","Paid","2026-02-01 00:00:00","2026-02-13 00:00:00","2026-02-16","2026-02-13"
"4251","355","2026-03-01","847.71","6357.83","Pending","2026-03-02 00:00:00","2026-03-12 00:00:00","2026-03-16",""
"4252","355","2026-04-01","713.03","4278.18","Pending","2026-04-01 00:00:00","2026-04-11 00:00:00","2026-04-16",""
"4253","355","2026-05-01","160.15","1201.12","Paid","2026-05-02 00:00:00","2026-05-15 00:00:00","2026-05-16","2026-05-15"
"4254","355","2026-06-01","294.81","2063.67","Paid","2026-06-03 00:00:00","2026-06-14 00:00:00","2026-06-16","2026-06-14"
"4255","355","2026-07-01","725.77","5080.39","Overdue","2026-07-03 00:00:00","2026-07-20 00:00:00","2026-07-16","2026-07-20"
"4256","355","2026-08-01","173.42","1040.52","Paid","2026-08-03 00:00:00","2026-08-14 00:00:00","2026-08-16","2026-08-14"
"4257","355","2026-09-01","654.64","4582.48","Paid","2026-09-02 00:00:00","2026-09-13 00:00:00","2026-09-16","2026-09-13"
"4258","355","2026-10-01","712.71","4988.97","Pending","2026-10-01 00:00:00","2026-10-11 00:00:00","2026-10-16",""
"4259","355","2026-11-01","646.63","3556.47","Paid","2026-11-01 00:00:00","2026-11-16 00:00:00","2026-11-16","2026-11-16"
"4260","355","2026-12-01","287.09","2009.63","Paid","2026-12-01 00:00:00","2026-12-12 00:00:00","2026-12-16","2026-12-12"
"4261","356","2026-01-01","727.25","4727.12","Paid","2026-01-02 00:00:00","2026-01-14 00:00:00","2026-01-16","2026-01-14"
"4262","356","2026-02-01","500.81","3756.07","Paid","2026-02-03 00:00:00","2026-02-15 00:00:00","2026-02-16","2026-02-15"
"4263","356","2026-03-01","195.17","1366.19","Pending","2026-03-01 00:00:00","2026-03-11 00:00:00","2026-03-16",""
"4264","356","2026-04-01","244.55","1834.12","Overdue","2026-04-01 00:00:00","2026-04-22 00:00:00","2026-04-16","2026-04-22"
"4265","356","2026-05-01","317.83","2383.72","Pending","2026-05-03 00:00:00","2026-05-13 00:00:00","2026-05-16",""
"4266","356","2026-06-01","86.66","519.96","Pending","2026-06-03 00:00:00","2026-06-13 00:00:00","2026-06-16",""
"4267","356","2026-07-01","273.36","1503.48","Paid","2026-07-02 00:00:00","2026-07-13 00:00:00","2026-07-16","2026-07-13"
"4268","356","2026-08-01","641.15","4808.62","Paid","2026-08-01 00:00:00","2026-08-12 00:00:00","2026-08-16","2026-08-12"
"4269","356","2026-09-01","504.83","3786.22","Overdue","2026-09-01 00:00:00","2026-09-26 00:00:00","2026-09-16","2026-09-26"
"4270","356","2026-10-01","677.66","4065.96","Paid","2026-10-01 00:00:00","2026-10-12 00:00:00","2026-10-16","2026-10-12"
"4271","356","2026-11-01","438.5","3288.75","Paid","2026-11-03 00:00:00","2026-11-16 00:00:00","2026-11-16","2026-11-16"
"4272","356","2026-12-01","295.82","2218.65","Overdue","2026-12-02 00:00:00","2026-12-19 00:00:00","2026-12-16","2026-12-19"
"4273","357","2026-01-01","476.39","2858.34","Paid","2026-01-03 00:00:00","2026-01-15 00:00:00","2026-01-16","2026-01-15"
"4274","357","2026-02-01","267.61","2007.08","Pending","2026-02-03 00:00:00","2026-02-13 00:00:00","2026-02-16",""
"4275","357","2026-03-01","285.02","1995.14","Paid","2026-03-01 00:00:00","2026-03-16 00:00:00","2026-03-16","2026-03-16"
"4276","357","2026-04-01","545.68","3274.08","Paid","2026-04-02 00:00:00","2026-04-14 00:00:00","2026-04-16","2026-04-14"
"4277","357","2026-05-01","809.88","4859.28","Overdue","2026-05-02 00:00:00","2026-05-17 00:00:00","2026-05-16","2026-05-17"
"4278","357","2026-06-01","402.24","2815.68","Paid","2026-06-02 00:00:00","2026-06-16 00:00:00","2026-06-16","2026-06-16"
"4279","357","2026-07-01","653.37","3920.22","Pending","2026-07-03 00:00:00","2026-07-13 00:00:00","2026-07-16",""
"4280","357","2026-08-01","720.13","4680.85","Paid","2026-08-03 00:00:00","2026-08-15 00:00:00","2026-08-16","2026-08-15"
"4281","357","2026-09-01","84.29","463.6","Paid","2026-09-01 00:00:00","2026-09-12 00:00:00","2026-09-16","2026-09-12"
"4282","357","2026-10-01","529.83","3973.73","Paid","2026-10-02 00:00:00","2026-10-15 00:00:00","2026-10-16","2026-10-15"
"4283","357","2026-11-01","390.44","2147.42","Paid","2026-11-02 00:00:00","2026-11-14 00:00:00","2026-11-16","2026-11-14"
"4284","357","2026-12-01","279.56","1537.58","Paid","2026-12-01 00:00:00","2026-12-13 00:00:00","2026-12-16","2026-12-13"
"4285","358","2026-01-01","408.97","2862.79","Paid","2026-01-01 00:00:00","2026-01-14 00:00:00","2026-01-16","2026-01-14"
"4286","358","2026-02-01","861.75","5170.5","Paid","2026-02-02 00:00:00","2026-02-13 00:00:00","2026-02-16","2026-02-13"
"4287","358","2026-03-01","151.48","1136.1","Paid","2026-03-02 00:00:00","2026-03-15 00:00:00","2026-03-16","2026-03-15"
"4288","358","2026-04-01","282.43","1977.01","Paid","2026-04-03 00:00:00","2026-04-14 00:00:00","2026-04-16","2026-04-14"
"4289","358","2026-05-01","492.16","2706.88","Paid","2026-05-01 00:00:00","2026-05-13 00:00:00","2026-05-16","2026-05-13"
"4290","358","2026-06-01","525.36","3940.2","Paid","2026-06-01 00:00:00","2026-06-12 00:00:00","2026-06-16","2026-06-12"
"4291","358","2026-07-01","174.8","1136.2","Overdue","2026-07-02 00:00:00","2026-07-22 00:00:00","2026-07-16","2026-07-22"
"4292","358","2026-08-01","806.43","4435.36","Pending","2026-08-02 00:00:00","2026-08-12 00:00:00","2026-08-16",""
"4293","358","2026-09-01","335.5","2180.75","Paid","2026-09-03 00:00:00","2026-09-12 00:00:00","2026-09-16","2026-09-12"
"4294","358","2026-10-01","898.66","6739.95","Paid","2026-10-03 00:00:00","2026-10-16 00:00:00","2026-10-16","2026-10-16"
"4295","358","2026-11-01","205.43","1540.73","Paid","2026-11-01 00:00:00","2026-11-15 00:00:00","2026-11-16","2026-11-15"
"4296","358","2026-12-01","415.14","3113.55","Paid","2026-12-03 00:00:00","2026-12-13 00:00:00","2026-12-16","2026-12-13"
"4297","359","2026-01-01","435.81","2396.95","Overdue","2026-01-03 00:00:00","2026-01-20 00:00:00","2026-01-16","2026-01-20"
"4298","359","2026-02-01","656.9","4269.85","Paid","2026-02-01 00:00:00","2026-02-13 00:00:00","2026-02-16","2026-02-13"
"4299","359","2026-03-01","701.91","4211.46","Paid","2026-03-01 00:00:00","2026-03-13 00:00:00","2026-03-16","2026-03-13"
"4300","359","2026-04-01","783.84","5486.88","Paid","2026-04-01 00:00:00","2026-04-15 00:00:00","2026-04-16","2026-04-15"
"4301","359","2026-05-01","266.35","1598.1","Pending","2026-05-02 00:00:00","2026-05-12 00:00:00","2026-05-16",""
"4302","359","2026-06-01","548.11","3836.77","Pending","2026-06-02 00:00:00","2026-06-12 00:00:00","2026-06-16",""
"4303","359","2026-07-01","295.36","1772.16","Paid","2026-07-01 00:00:00","2026-07-13 00:00:00","2026-07-16","2026-07-13"
"4304","359","2026-08-01","354.12","2124.72","Paid","2026-08-02 00:00:00","2026-08-11 00:00:00","2026-08-16","2026-08-11"
"4305","359","2026-09-01","569.43","4270.72","Pending","2026-09-03 00:00:00","2026-09-13 00:00:00","2026-09-16",""
"4306","359","2026-10-01","191.72","1246.18","Paid","2026-10-01 00:00:00","2026-10-13 00:00:00","2026-10-16","2026-10-13"
"4307","359","2026-11-01","206.21","1237.26","Paid","2026-11-03 00:00:00","2026-11-16 00:00:00","2026-11-16","2026-11-16"
"4308","359","2026-12-01","757.41","4544.46","Paid","2026-12-03 00:00:00","2026-12-16 00:00:00","2026-12-16","2026-12-16"
"4309","360","2026-01-01","721.86","3970.23","Pending","2026-01-03 00:00:00","2026-01-13 00:00:00","2026-01-16",""
"4310","360","2026-02-01","893.84","4916.12","Overdue","2026-02-02 00:00:00","2026-02-25 00:00:00","2026-02-16","2026-02-25"
"4311","360","2026-03-01","507.14","3803.55","Pending","2026-03-01 00:00:00","2026-03-11 00:00:00","2026-03-16",""
"4312","360","2026-04-01","252.43","1767.01","Paid","2026-04-01 00:00:00","2026-04-11 00:00:00","2026-04-16","2026-04-11"
"4313","360","2026-05-01","429.15","3004.05","Paid","2026-05-03 00:00:00","2026-05-12 00:00:00","2026-05-16","2026-05-12"
"4314","360","2026-06-01","314.89","1731.89","Paid","2026-06-02 00:00:00","2026-06-16 00:00:00","2026-06-16","2026-06-16"
"4315","360","2026-07-01","881.33","5728.65","Pending","2026-07-03 00:00:00","2026-07-13 00:00:00","2026-07-16",""
"4316","360","2026-08-01","117.59","881.93","Paid","2026-08-02 00:00:00","2026-08-11 00:00:00","2026-08-16","2026-08-11"
"4317","360","2026-09-01","801.53","4408.41","Paid","2026-09-03 00:00:00","2026-09-11 00:00:00","2026-09-16","2026-09-11"
"4318","360","2026-10-01","613.49","4601.18","Paid","2026-10-02 00:00:00","2026-10-16 00:00:00","2026-10-16","2026-10-16"
"4319","360","2026-11-01","831.03","4570.66","Pending","2026-11-03 00:00:00","2026-11-13 00:00:00","2026-11-16",""
"4320","360","2026-12-01","731.62","5487.15","Paid","2026-12-03 00:00:00","2026-12-15 00:00:00","2026-12-16","2026-12-15"
"4321","361","2026-01-01","794.63","5165.1","Pending","2026-01-03 00:00:00","2026-01-13 00:00:00","2026-01-16",""
"4322","361","2026-02-01","885.95","5315.7","Paid","2026-02-03 00:00:00","2026-02-14 00:00:00","2026-02-16","2026-02-14"
"4323","361","2026-03-01","467.78","3274.46","Paid","2026-03-01 00:00:00","2026-03-12 00:00:00","2026-03-16","2026-03-12"
"4324","361","2026-04-01","133.85","870.02","Overdue","2026-04-03 00:00:00","2026-04-18 00:00:00","2026-04-16","2026-04-18"
"4325","361","2026-05-01","572.74","4295.55","Pending","2026-05-02 00:00:00","2026-05-12 00:00:00","2026-05-16",""
"4326","361","2026-06-01","831.52","4989.12","Paid","2026-06-03 00:00:00","2026-06-15 00:00:00","2026-06-16","2026-06-15"
"4327","361","2026-07-01","108.48","813.6","Overdue","2026-07-01 00:00:00","2026-07-22 00:00:00","2026-07-16","2026-07-22"
"4328","361","2026-08-01","724.64","5434.8","Paid","2026-08-02 00:00:00","2026-08-16 00:00:00","2026-08-16","2026-08-16"
"4329","361","2026-09-01","826.12","5369.78","Paid","2026-09-01 00:00:00","2026-09-15 00:00:00","2026-09-16","2026-09-15"
"4330","361","2026-10-01","179.78","988.79","Overdue","2026-10-01 00:00:00","2026-10-20 00:00:00","2026-10-16","2026-10-20"
"4331","361","2026-11-01","873.94","5243.64","Paid","2026-11-03 00:00:00","2026-11-13 00:00:00","2026-11-16","2026-11-13"
"4332","361","2026-12-01","628.56","4399.92","Pending","2026-12-03 00:00:00","2026-12-13 00:00:00","2026-12-16",""
"4333","362","2026-01-01","363.82","2728.65","Pending","2026-01-02 00:00:00","2026-01-12 00:00:00","2026-01-16",""
"4334","362","2026-02-01","658.24","4936.8","Pending","2026-02-01 00:00:00","2026-02-11 00:00:00","2026-02-16",""
"4335","362","2026-03-01","779.98","5849.85","Paid","2026-03-01 00:00:00","2026-03-12 00:00:00","2026-03-16","2026-03-12"
"4336","362","2026-04-01","509.27","3055.62","Paid","2026-04-03 00:00:00","2026-04-11 00:00:00","2026-04-16","2026-04-11"
"4337","362","2026-05-01","384.64","2692.48","Paid","2026-05-03 00:00:00","2026-05-12 00:00:00","2026-05-16","2026-05-12"
"4338","362","2026-06-01","129.38","970.35","Paid","2026-06-01 00:00:00","2026-06-12 00:00:00","2026-06-16","2026-06-12"
"4339","362","2026-07-01","677.37","4741.59","Overdue","2026-07-03 00:00:00","2026-07-25 00:00:00","2026-07-16","2026-07-25"
"4340","362","2026-08-01","228.18","1597.26","Paid","2026-08-01 00:00:00","2026-08-15 00:00:00","2026-08-16","2026-08-15"
"4341","362","2026-09-01","448.7","3365.25","Overdue","2026-09-03 00:00:00","2026-09-21 00:00:00","2026-09-16","2026-09-21"
"4342","362","2026-10-01","230.85","1615.95","Paid","2026-10-02 00:00:00","2026-10-13 00:00:00","2026-10-16","2026-10-13"
"4343","362","2026-11-01","783.99","4311.94","Paid","2026-11-01 00:00:00","2026-11-12 00:00:00","2026-11-16","2026-11-12"
"4344","362","2026-12-01","578.01","3468.06","Overdue","2026-12-01 00:00:00","2026-12-23 00:00:00","2026-12-16","2026-12-23"
"4345","363","2026-01-01","245.38","1594.97","Overdue","2026-01-03 00:00:00","2026-01-21 00:00:00","2026-01-16","2026-01-21"
"4346","363","2026-02-01","433.98","3037.86","Pending","2026-02-02 00:00:00","2026-02-12 00:00:00","2026-02-16",""
"4347","363","2026-03-01","637.21","4460.47","Pending","2026-03-02 00:00:00","2026-03-12 00:00:00","2026-03-16",""
"4348","363","2026-04-01","759.49","5316.43","Pending","2026-04-01 00:00:00","2026-04-11 00:00:00","2026-04-16",""
"4349","363","2026-05-01","367.67","2389.86","Paid","2026-05-02 00:00:00","2026-05-14 00:00:00","2026-05-16","2026-05-14"
"4350","363","2026-06-01","363.18","2360.67","Paid","2026-06-02 00:00:00","2026-06-15 00:00:00","2026-06-16","2026-06-15"
"4351","363","2026-07-01","502.42","2763.31","Paid","2026-07-02 00:00:00","2026-07-16 00:00:00","2026-07-16","2026-07-16"
"4352","363","2026-08-01","261.84","1963.8","Paid","2026-08-01 00:00:00","2026-08-12 00:00:00","2026-08-16","2026-08-12"
"4353","363","2026-09-01","161.25","967.5","Paid","2026-09-03 00:00:00","2026-09-12 00:00:00","2026-09-16","2026-09-12"
"4354","363","2026-10-01","352.07","2640.53","Overdue","2026-10-02 00:00:00","2026-10-17 00:00:00","2026-10-16","2026-10-17"
"4355","363","2026-11-01","592.72","3556.32","Pending","2026-11-01 00:00:00","2026-11-11 00:00:00","2026-11-16",""
"4356","363","2026-12-01","273.0","2047.5","Pending","2026-12-01 00:00:00","2026-12-11 00:00:00","2026-12-16",""
"4357","364","2026-01-01","260.56","1823.92","Paid","2026-01-01 00:00:00","2026-01-12 00:00:00","2026-01-16","2026-01-12"
"4358","364","2026-02-01","101.4","709.8","Paid","2026-02-02 00:00:00","2026-02-13 00:00:00","2026-02-16","2026-02-13"
"4359","364","2026-03-01","384.59","2307.54","Overdue","2026-03-03 00:00:00","2026-03-17 00:00:00","2026-03-16","2026-03-17"
"4360","364","2026-04-01","516.4","3614.8","Paid","2026-04-03 00:00:00","2026-04-13 00:00:00","2026-04-16","2026-04-13"
"4361","364","2026-05-01","493.76","2715.68","Pending","2026-05-03 00:00:00","2026-05-13 00:00:00","2026-05-16",""
"4362","364","2026-06-01","881.56","5289.36","Paid","2026-06-03 00:00:00","2026-06-11 00:00:00","2026-06-16","2026-06-11"
"4363","364","2026-07-01","243.57","1583.2","Paid","2026-07-02 00:00:00","2026-07-14 00:00:00","2026-07-16","2026-07-14"
"4364","364","2026-08-01","570.51","3993.57","Paid","2026-08-02 00:00:00","2026-08-12 00:00:00","2026-08-16","2026-08-12"
"4365","364","2026-09-01","676.29","4395.89","Overdue","2026-09-03 00:00:00","2026-09-20 00:00:00","2026-09-16","2026-09-20"
"4366","364","2026-10-01","768.2","4225.1","Pending","2026-10-02 00:00:00","2026-10-12 00:00:00","2026-10-16",""
"4367","364","2026-11-01","826.26","6196.95","Paid","2026-11-02 00:00:00","2026-11-11 00:00:00","2026-11-16","2026-11-11"
"4368","364","2026-12-01","879.3","6155.1","Paid","2026-12-01 00:00:00","2026-12-13 00:00:00","2026-12-16","2026-12-13"
"4369","365","2026-01-01","374.18","2245.08","Paid","2026-01-01 00:00:00","2026-01-11 00:00:00","2026-01-16","2026-01-11"
"4370","365","2026-02-01","769.08","5768.1","Paid","2026-02-01 00:00:00","2026-02-16 00:00:00","2026-02-16","2026-02-16"
"4371","365","2026-03-01","353.28","2472.96","Paid","2026-03-01 00:00:00","2026-03-12 00:00:00","2026-03-16","2026-03-12"
"4372","365","2026-04-01","765.91","4212.51","Paid","2026-04-01 00:00:00","2026-04-14 00:00:00","2026-04-16","2026-04-14"
"4373","365","2026-05-01","390.61","2929.58","Pending","2026-05-03 00:00:00","2026-05-13 00:00:00","2026-05-16",""
"4374","365","2026-06-01","437.2","3060.4","Pending","2026-06-02 00:00:00","2026-06-12 00:00:00","2026-06-16",""
"4375","365","2026-07-01","272.9","1637.4","Paid","2026-07-01 00:00:00","2026-07-16 00:00:00","2026-07-16","2026-07-16"
"4376","365","2026-08-01","661.33","4298.65","Paid","2026-08-01 00:00:00","2026-08-16 00:00:00","2026-08-16","2026-08-16"
"4377","365","2026-09-01","130.21","976.58","Paid","2026-09-01 00:00:00","2026-09-12 00:00:00","2026-09-16","2026-09-12"
"4378","365","2026-10-01","452.67","3168.69","Paid","2026-10-02 00:00:00","2026-10-13 00:00:00","2026-10-16","2026-10-13"
"4379","365","2026-11-01","326.61","2286.27","Paid","2026-11-03 00:00:00","2026-11-12 00:00:00","2026-11-16","2026-11-12"
"4380","365","2026-12-01","812.9","4470.95","Paid","2026-12-01 00:00:00","2026-12-11 00:00:00","2026-12-16","2026-12-11"
"4381","366","2026-01-01","675.41","4727.87","Paid","2026-01-02 00:00:00","2026-01-16 00:00:00","2026-01-16","2026-01-16"
"4382","366","2026-02-01","386.27","2897.02","Pending","2026-02-02 00:00:00","2026-02-12 00:00:00","2026-02-16",""
"4383","366","2026-03-01","147.96","1035.72","Paid","2026-03-03 00:00:00","2026-03-12 00:00:00","2026-03-16","2026-03-12"
"4384","366","2026-04-01","816.79","5309.14","Paid","2026-04-02 00:00:00","2026-04-14 00:00:00","2026-04-16","2026-04-14"
"4385","366","2026-05-01","600.48","3602.88","Overdue","2026-05-01 00:00:00","2026-05-26 00:00:00","2026-05-16","2026-05-26"
"4386","366","2026-06-01","809.53","5261.94","Pending","2026-06-02 00:00:00","2026-06-12 00:00:00","2026-06-16",""
"4387","366","2026-07-01","576.29","3457.74","Overdue","2026-07-03 00:00:00","2026-07-23 00:00:00","2026-07-16","2026-07-23"
"4388","366","2026-08-01","243.53","1582.94","Paid","2026-08-02 00:00:00","2026-08-13 00:00:00","2026-08-16","2026-08-13"
"4389","366","2026-09-01","655.56","3605.58","Paid","2026-09-02 00:00:00","2026-09-13 00:00:00","2026-09-16","2026-09-13"
"4390","366","2026-10-01","91.01","500.56","Paid","2026-10-03 00:00:00","2026-10-13 00:00:00","2026-10-16","2026-10-13"
"4391","366","2026-11-01","727.54","4365.24","Overdue","2026-11-03 00:00:00","2026-11-18 00:00:00","2026-11-16","2026-11-18"
"4392","366","2026-12-01","330.65","2149.22","Paid","2026-12-02 00:00:00","2026-12-16 00:00:00","2026-12-16","2026-12-16"
"4393","367","2026-01-01","159.9","1119.3","Overdue","2026-01-03 00:00:00","2026-01-18 00:00:00","2026-01-16","2026-01-18"
"4394","367","2026-02-01","790.11","4345.61","Paid","2026-02-01 00:00:00","2026-02-12 00:00:00","2026-02-16","2026-02-12"
"4395","367","2026-03-01","549.25","4119.38","Paid","2026-03-01 00:00:00","2026-03-15 00:00:00","2026-03-16","2026-03-15"
"4396","367","2026-04-01","527.09","2899.0","Paid","2026-04-02 00:00:00","2026-04-15 00:00:00","2026-04-16","2026-04-15"
"4397","367","2026-05-01","550.32","3026.76","Paid","2026-05-02 00:00:00","2026-05-11 00:00:00","2026-05-16","2026-05-11"
"4398","367","2026-06-01","648.98","4218.37","Paid","2026-06-01 00:00:00","2026-06-11 00:00:00","2026-06-16","2026-06-11"
"4399","367","2026-07-01","744.56","5584.2","Overdue","2026-07-03 00:00:00","2026-07-20 00:00:00","2026-07-16","2026-07-20"
"4400","367","2026-08-01","119.77","718.62","Paid","2026-08-02 00:00:00","2026-08-16 00:00:00","2026-08-16","2026-08-16"
"4401","367","2026-09-01","728.45","4006.48","Paid","2026-09-01 00:00:00","2026-09-15 00:00:00","2026-09-16","2026-09-15"
"4402","367","2026-10-01","310.99","2332.43","Paid","2026-10-01 00:00:00","2026-10-15 00:00:00","2026-10-16","2026-10-15"
"4403","367","2026-11-01","808.38","6062.85","Paid","2026-11-02 00:00:00","2026-11-16 00:00:00","2026-11-16","2026-11-16"
"4404","367","2026-12-01","838.12","5447.78","Overdue","2026-12-03 00:00:00","2026-12-18 00:00:00","2026-12-16","2026-12-18"
"4405","368","2026-01-01","591.77","4142.39","Overdue","2026-01-01 00:00:00","2026-01-26 00:00:00","2026-01-16","2026-01-26"
"4406","368","2026-02-01","389.85","2339.1","Pending","2026-02-03 00:00:00","2026-02-13 00:00:00","2026-02-16",""
"4407","368","2026-03-01","93.36","513.48","Overdue","2026-03-03 00:00:00","2026-03-19 00:00:00","2026-03-16","2026-03-19"
"4408","368","2026-04-01","378.31","2269.86","Paid","2026-04-02 00:00:00","2026-04-14 00:00:00","2026-04-16","2026-04-14"
"4409","368","2026-05-01","135.63","881.6","Paid","2026-05-02 00:00:00","2026-05-13 00:00:00","2026-05-16","2026-05-13"
"4410","368","2026-06-01","649.57","3897.42","Pending","2026-06-03 00:00:00","2026-06-13 00:00:00","2026-06-16",""
"4411","368","2026-07-01","607.69","3646.14","Paid","2026-07-03 00:00:00","2026-07-11 00:00:00","2026-07-16","2026-07-11"
"4412","368","2026-08-01","89.14","579.41","Pending","2026-08-02 00:00:00","2026-08-12 00:00:00","2026-08-16",""
"4413","368","2026-09-01","810.34","4456.87","Overdue","2026-09-03 00:00:00","2026-09-23 00:00:00","2026-09-16","2026-09-23"
"4414","368","2026-10-01","216.9","1301.4","Paid","2026-10-02 00:00:00","2026-10-13 00:00:00","2026-10-16","2026-10-13"
"4415","368","2026-11-01","303.62","2125.34","Overdue","2026-11-03 00:00:00","2026-11-21 00:00:00","2026-11-16","2026-11-21"
"4416","368","2026-12-01","484.93","3636.97","Paid","2026-12-01 00:00:00","2026-12-15 00:00:00","2026-12-16","2026-12-15"
"4417","369","2026-01-01","689.67","3793.18","Overdue","2026-01-01 00:00:00","2026-01-22 00:00:00","2026-01-16","2026-01-22"
"4418","369","2026-02-01","799.22","5194.93","Overdue","2026-02-03 00:00:00","2026-02-17 00:00:00","2026-02-16","2026-02-17"
"4419","369","2026-03-01","472.24","3305.68","Paid","2026-03-03 00:00:00","2026-03-14 00:00:00","2026-03-16","2026-03-14"
"4420","369","2026-04-01","227.46","1592.22","Paid","2026-04-01 00:00:00","2026-04-14 00:00:00","2026-04-16","2026-04-14"
"4421","369","2026-05-01","684.53","4791.71","Overdue","2026-05-02 00:00:00","2026-05-25 00:00:00","2026-05-16","2026-05-25"
"4422","369","2026-06-01","800.66","5204.29","Overdue","2026-06-03 00:00:00","2026-06-20 00:00:00","2026-06-16","2026-06-20"
"4423","369","2026-07-01","509.86","3823.95","Paid","2026-07-03 00:00:00","2026-07-15 00:00:00","2026-07-16","2026-07-15"
"4424","369","2026-08-01","609.87","3964.16","Overdue","2026-08-03 00:00:00","2026-08-19 00:00:00","2026-08-16","2026-08-19"
"4425","369","2026-09-01","336.58","1851.19","Overdue","2026-09-01 00:00:00","2026-09-26 00:00:00","2026-09-16","2026-09-26"
"4426","369","2026-10-01","629.71","3778.26","Overdue","2026-10-01 00:00:00","2026-10-26 00:00:00","2026-10-16","2026-10-26"
"4427","369","2026-11-01","662.66","4969.95","Paid","2026-11-02 00:00:00","2026-11-14 00:00:00","2026-11-16","2026-11-14"
"4428","369","2026-12-01","898.69","4942.8","Overdue","2026-12-02 00:00:00","2026-12-19 00:00:00","2026-12-16","2026-12-19"
"4429","370","2026-01-01","292.45","2193.38","Overdue","2026-01-03 00:00:00","2026-01-21 00:00:00","2026-01-16","2026-01-21"
"4430","370","2026-02-01","835.77","5432.51","Paid","2026-02-03 00:00:00","2026-02-13 00:00:00","2026-02-16","2026-02-13"
"4431","370","2026-03-01","233.93","1520.55","Paid","2026-03-01 00:00:00","2026-03-16 00:00:00","2026-03-16","2026-03-16"
"4432","370","2026-04-01","440.4","2422.2","Paid","2026-04-03 00:00:00","2026-04-11 00:00:00","2026-04-16","2026-04-11"
"4433","370","2026-05-01","566.08","3113.44","Paid","2026-05-03 00:00:00","2026-05-12 00:00:00","2026-05-16","2026-05-12"
"4434","370","2026-06-01","214.17","1177.93","Paid","2026-06-02 00:00:00","2026-06-16 00:00:00","2026-06-16","2026-06-16"
"4435","370","2026-07-01","236.87","1421.22","Overdue","2026-07-02 00:00:00","2026-07-26 00:00:00","2026-07-16","2026-07-26"
"4436","370","2026-08-01","119.3","715.8","Paid","2026-08-03 00:00:00","2026-08-11 00:00:00","2026-08-16","2026-08-11"
"4437","370","2026-09-01","321.98","2414.85","Pending","2026-09-03 00:00:00","2026-09-13 00:00:00","2026-09-16",""
"4438","370","2026-10-01","127.11","826.22","Paid","2026-10-02 00:00:00","2026-10-14 00:00:00","2026-10-16","2026-10-14"
"4439","370","2026-11-01","179.22","1344.15","Paid","2026-11-02 00:00:00","2026-11-12 00:00:00","2026-11-16","2026-11-12"
"4440","370","2026-12-01","776.55","5824.12","Paid","2026-12-02 00:00:00","2026-12-11 00:00:00","2026-12-16","2026-12-11"
"4441","371","2026-01-01","667.28","4670.96","Paid","2026-01-03 00:00:00","2026-01-15 00:00:00","2026-01-16","2026-01-15"
"4442","371","2026-02-01","432.12","2592.72","Overdue","2026-02-03 00:00:00","2026-02-21 00:00:00","2026-02-16","2026-02-21"
"4443","371","2026-03-01","88.33","529.98","Pending","2026-03-02 00:00:00","2026-03-12 00:00:00","2026-03-16",""
"4444","371","2026-04-01","625.29","4377.03","Overdue","2026-04-01 00:00:00","2026-04-25 00:00:00","2026-04-16","2026-04-25"
"4445","371","2026-05-01","163.69","900.29","Paid","2026-05-02 00:00:00","2026-05-15 00:00:00","2026-05-16","2026-05-15"
"4446","371","2026-06-01","403.02","2418.12","Overdue","2026-06-02 00:00:00","2026-06-26 00:00:00","2026-06-16","2026-06-26"
"4447","371","2026-07-01","401.7","2209.35","Paid","2026-07-02 00:00:00","2026-07-16 00:00:00","2026-07-16","2026-07-16"
"4448","371","2026-08-01","86.71","563.62","Paid","2026-08-02 00:00:00","2026-08-15 00:00:00","2026-08-16","2026-08-15"
"4449","371","2026-09-01","638.87","3833.22","Pending","2026-09-02 00:00:00","2026-09-12 00:00:00","2026-09-16",""
"4450","371","2026-10-01","200.8","1405.6","Paid","2026-10-03 00:00:00","2026-10-13 00:00:00","2026-10-16","2026-10-13"
"4451","371","2026-11-01","108.4","650.4","Paid","2026-11-03 00:00:00","2026-11-14 00:00:00","2026-11-16","2026-11-14"
"4452","371","2026-12-01","516.9","2842.95","Paid","2026-12-01 00:00:00","2026-12-12 00:00:00","2026-12-16","2026-12-12"
"4453","372","2026-01-01","666.63","3999.78","Overdue","2026-01-03 00:00:00","2026-01-24 00:00:00","2026-01-16","2026-01-24"
"4454","372","2026-02-01","873.08","4801.94","Pending","2026-02-02 00:00:00","2026-02-12 00:00:00","2026-02-16",""
"4455","372","2026-03-01","373.61","2802.08","Paid","2026-03-02 00:00:00","2026-03-14 00:00:00","2026-03-16","2026-03-14"
"4456","372","2026-04-01","91.76","642.32","Paid","2026-04-02 00:00:00","2026-04-16 00:00:00","2026-04-16","2026-04-16"
"4457","372","2026-05-01","699.27","4894.89","Pending","2026-05-02 00:00:00","2026-05-12 00:00:00","2026-05-16",""
"4458","372","2026-06-01","365.47","2010.09","Paid","2026-06-03 00:00:00","2026-06-11 00:00:00","2026-06-16","2026-06-11"
"4459","372","2026-07-01","170.79","1280.92","Paid","2026-07-03 00:00:00","2026-07-16 00:00:00","2026-07-16","2026-07-16"
"4460","372","2026-08-01","149.15","894.9","Paid","2026-08-02 00:00:00","2026-08-12 00:00:00","2026-08-16","2026-08-12"
"4461","372","2026-09-01","658.92","4941.9","Pending","2026-09-03 00:00:00","2026-09-13 00:00:00","2026-09-16",""
"4462","372","2026-10-01","811.6","5681.2","Paid","2026-10-01 00:00:00","2026-10-14 00:00:00","2026-10-16","2026-10-14"
"4463","372","2026-11-01","850.82","4679.51","Pending","2026-11-01 00:00:00","2026-11-11 00:00:00","2026-11-16",""
"4464","372","2026-12-01","618.08","4635.6","Paid","2026-12-01 00:00:00","2026-12-14 00:00:00","2026-12-16","2026-12-14"
"4465","373","2026-01-01","454.37","2726.22","Paid","2026-01-03 00:00:00","2026-01-13 00:00:00","2026-01-16","2026-01-13"
"4466","373","2026-02-01","623.94","4679.55","Pending","2026-02-03 00:00:00","2026-02-13 00:00:00","2026-02-16",""
"4467","373","2026-03-01","885.39","5755.03","Overdue","2026-03-03 00:00:00","2026-03-18 00:00:00","2026-03-16","2026-03-18"
"4468","373","2026-04-01","773.37","5413.59","Paid","2026-04-02 00:00:00","2026-04-16 00:00:00","2026-04-16","2026-04-16"
"4469","373","2026-05-01","454.99","2502.45","Paid","2026-05-03 00:00:00","2026-05-12 00:00:00","2026-05-16","2026-05-12"
"4470","373","2026-06-01","540.31","3512.01","Paid","2026-06-01 00:00:00","2026-06-14 00:00:00","2026-06-16","2026-06-14"
"4471","373","2026-07-01","479.83","3118.89","Paid","2026-07-01 00:00:00","2026-07-13 00:00:00","2026-07-16","2026-07-13"
"4472","373","2026-08-01","378.94","2842.05","Paid","2026-08-01 00:00:00","2026-08-11 00:00:00","2026-08-16","2026-08-11"
"4473","373","2026-09-01","502.47","3266.06","Paid","2026-09-02 00:00:00","2026-09-11 00:00:00","2026-09-16","2026-09-11"
"4474","373","2026-10-01","744.6","5584.5","Overdue","2026-10-02 00:00:00","2026-10-23 00:00:00","2026-10-16","2026-10-23"
"4475","373","2026-11-01","92.71","695.32","Overdue","2026-11-02 00:00:00","2026-11-21 00:00:00","2026-11-16","2026-11-21"
"4476","373","2026-12-01","325.21","2439.07","Paid","2026-12-03 00:00:00","2026-12-16 00:00:00","2026-12-16","2026-12-16"
"4477","374","2026-01-01","133.27","799.62","Paid","2026-01-02 00:00:00","2026-01-12 00:00:00","2026-01-16","2026-01-12"
"4478","374","2026-02-01","727.37","4364.22","Overdue","2026-02-02 00:00:00","2026-02-22 00:00:00","2026-02-16","2026-02-22"
"4479","374","2026-03-01","224.14","1232.77","Paid","2026-03-03 00:00:00","2026-03-16 00:00:00","2026-03-16","2026-03-16"
"4480","374","2026-04-01","124.36","683.98","Pending","2026-04-02 00:00:00","2026-04-12 00:00:00","2026-04-16",""
"4481","374","2026-05-01","588.61","3531.66","Paid","2026-05-02 00:00:00","2026-05-13 00:00:00","2026-05-16","2026-05-13"
"4482","374","2026-06-01","254.92","1529.52","Pending","2026-06-02 00:00:00","2026-06-12 00:00:00","2026-06-16",""
"4483","374","2026-07-01","446.99","3128.93","Paid","2026-07-03 00:00:00","2026-07-11 00:00:00","2026-07-16","2026-07-11"
"4484","374","2026-08-01","529.68","3442.92","Overdue","2026-08-02 00:00:00","2026-08-22 00:00:00","2026-08-16","2026-08-22"
"4485","374","2026-09-01","472.88","2600.84","Paid","2026-09-03 00:00:00","2026-09-16 00:00:00","2026-09-16","2026-09-16"
"4486","374","2026-10-01","764.09","4584.54","Paid","2026-10-03 00:00:00","2026-10-11 00:00:00","2026-10-16","2026-10-11"
"4487","374","2026-11-01","83.61","543.47","Overdue","2026-11-03 00:00:00","2026-11-21 00:00:00","2026-11-16","2026-11-21"
"4488","374","2026-12-01","808.38","4446.09","Paid","2026-12-03 00:00:00","2026-12-15 00:00:00","2026-12-16","2026-12-15"
"4489","375","2026-01-01","154.34","848.87","Paid","2026-01-01 00:00:00","2026-01-15 00:00:00","2026-01-16","2026-01-15"
"4490","375","2026-02-01","357.07","2320.95","Pending","2026-02-03 00:00:00","2026-02-13 00:00:00","2026-02-16",""
"4491","375","2026-03-01","313.62","2352.15","Paid","2026-03-03 00:00:00","2026-03-13 00:00:00","2026-03-16","2026-03-13"
"4492","375","2026-04-01","532.62","3195.72","Paid","2026-04-03 00:00:00","2026-04-12 00:00:00","2026-04-16","2026-04-12"
"4493","375","2026-05-01","172.6","949.3","Overdue","2026-05-03 00:00:00","2026-05-22 00:00:00","2026-05-16","2026-05-22"
"4494","375","2026-06-01","741.86","4822.09","Overdue","2026-06-03 00:00:00","2026-06-24 00:00:00","2026-06-16","2026-06-24"
"4495","375","2026-07-01","285.71","2142.82","Pending","2026-07-03 00:00:00","2026-07-13 00:00:00","2026-07-16",""
"4496","375","2026-08-01","873.34","6113.38","Paid","2026-08-01 00:00:00","2026-08-13 00:00:00","2026-08-16","2026-08-13"
"4497","375","2026-09-01","249.79","1873.42","Paid","2026-09-03 00:00:00","2026-09-13 00:00:00","2026-09-16","2026-09-13"
"4498","375","2026-10-01","726.21","4357.26","Overdue","2026-10-01 00:00:00","2026-10-21 00:00:00","2026-10-16","2026-10-21"
"4499","375","2026-11-01","479.96","3359.72","Paid","2026-11-03 00:00:00","2026-11-16 00:00:00","2026-11-16","2026-11-16"
"4500","375","2026-12-01","772.65","4249.57","Paid","2026-12-02 00:00:00","2026-12-13 00:00:00","2026-12-16","2026-12-13"
"4501","376","2026-01-01","337.38","2024.28","Paid","2026-01-01 00:00:00","2026-01-12 00:00:00","2026-01-16","2026-01-12"
"4502","376","2026-02-01","107.22","696.93","Overdue","2026-02-02 00:00:00","2026-02-22 00:00:00","2026-02-16","2026-02-22"
"4503","376","2026-03-01","350.18","1925.99","Paid","2026-03-02 00:00:00","2026-03-16 00:00:00","2026-03-16","2026-03-16"
"4504","376","2026-04-01","395.98","2969.85","Paid","2026-04-02 00:00:00","2026-04-14 00:00:00","2026-04-16","2026-04-14"
"4505","376","2026-05-01","324.34","1946.04","Overdue","2026-05-01 00:00:00","2026-05-25 00:00:00","2026-05-16","2026-05-25"
"4506","376","2026-06-01","729.75","5473.12","Paid","2026-06-02 00:00:00","2026-06-15 00:00:00","2026-06-16","2026-06-15"
"4507","376","2026-07-01","634.56","4441.92","Paid","2026-07-02 00:00:00","2026-07-11 00:00:00","2026-07-16","2026-07-11"
"4508","376","2026-08-01","577.56","4331.7","Overdue","2026-08-01 00:00:00","2026-08-22 00:00:00","2026-08-16","2026-08-22"
"4509","376","2026-09-01","444.02","3330.15","Paid","2026-09-03 00:00:00","2026-09-14 00:00:00","2026-09-16","2026-09-14"
"4510","376","2026-10-01","346.48","2078.88","Overdue","2026-10-02 00:00:00","2026-10-20 00:00:00","2026-10-16","2026-10-20"
"4511","376","2026-11-01","752.1","4136.55","Paid","2026-11-02 00:00:00","2026-11-15 00:00:00","2026-11-16","2026-11-15"
"4512","376","2026-12-01","494.0","2964.0","Overdue","2026-12-02 00:00:00","2026-12-24 00:00:00","2026-12-16","2026-12-24"
"4513","377","2026-01-01","302.32","1662.76","Paid","2026-01-02 00:00:00","2026-01-15 00:00:00","2026-01-16","2026-01-15"
"4514","377","2026-02-01","406.86","2237.73","Overdue","2026-02-01 00:00:00","2026-02-25 00:00:00","2026-02-16","2026-02-25"
"4515","377","2026-03-01","290.05","2175.38","Pending","2026-03-03 00:00:00","2026-03-13 00:00:00","2026-03-16",""
"4516","377","2026-04-01","866.06","5629.39","Paid","2026-04-03 00:00:00","2026-04-15 00:00:00","2026-04-16","2026-04-15"
"4517","377","2026-05-01","855.28","5131.68","Paid","2026-05-02 00:00:00","2026-05-16 00:00:00","2026-05-16","2026-05-16"
"4518","377","2026-06-01","638.36","4149.34","Paid","2026-06-01 00:00:00","2026-06-12 00:00:00","2026-06-16","2026-06-12"
"4519","377","2026-07-01","299.27","2244.52","Pending","2026-07-01 00:00:00","2026-07-11 00:00:00","2026-07-16",""
"4520","377","2026-08-01","485.6","2670.8","Paid","2026-08-01 00:00:00","2026-08-12 00:00:00","2026-08-16","2026-08-12"
"4521","377","2026-09-01","718.31","5387.32","Pending","2026-09-01 00:00:00","2026-09-11 00:00:00","2026-09-16",""
"4522","377","2026-10-01","107.4","751.8","Pending","2026-10-03 00:00:00","2026-10-13 00:00:00","2026-10-16",""
"4523","377","2026-11-01","185.07","1017.88","Overdue","2026-11-03 00:00:00","2026-11-24 00:00:00","2026-11-16","2026-11-24"
"4524","377","2026-12-01","88.71","532.26","Overdue","2026-12-01 00:00:00","2026-12-18 00:00:00","2026-12-16","2026-12-18"
"4525","378","2026-01-01","287.54","1581.47","Paid","2026-01-02 00:00:00","2026-01-13 00:00:00","2026-01-16","2026-01-13"
"4526","378","2026-02-01","801.37","5609.59","Paid","2026-02-02 00:00:00","2026-02-12 00:00:00","2026-02-16","2026-02-12"
"4527","378","2026-03-01","776.86","4272.73","Paid","2026-03-02 00:00:00","2026-03-13 00:00:00","2026-03-16","2026-03-13"
"4528","378","2026-04-01","266.79","1867.53","Paid","2026-04-01 00:00:00","2026-04-14 00:00:00","2026-04-16","2026-04-14"
"4529","378","2026-05-01","493.43","3700.72","Paid","2026-05-03 00:00:00","2026-05-16 00:00:00","2026-05-16","2026-05-16"
"4530","378","2026-06-01","119.98","659.89","Paid","2026-06-02 00:00:00","2026-06-16 00:00:00","2026-06-16","2026-06-16"
"4531","378","2026-07-01","883.48","6626.1","Paid","2026-07-02 00:00:00","2026-07-16 00:00:00","2026-07-16","2026-07-16"
"4532","378","2026-08-01","789.93","5134.55","Pending","2026-08-02 00:00:00","2026-08-12 00:00:00","2026-08-16",""
"4533","378","2026-09-01","668.49","4010.94","Paid","2026-09-01 00:00:00","2026-09-12 00:00:00","2026-09-16","2026-09-12"
"4534","378","2026-10-01","208.25","1353.62","Pending","2026-10-03 00:00:00","2026-10-13 00:00:00","2026-10-16",""
"4535","378","2026-11-01","890.25","4896.38","Paid","2026-11-02 00:00:00","2026-11-12 00:00:00","2026-11-16","2026-11-12"
"4536","378","2026-12-01","169.65","933.08","Overdue","2026-12-01 00:00:00","2026-12-25 00:00:00","2026-12-16","2026-12-25"
"4537","379","2026-01-01","87.62","525.72","Overdue","2026-01-01 00:00:00","2026-01-24 00:00:00","2026-01-16","2026-01-24"
"4538","379","2026-02-01","575.62","3741.53","Pending","2026-02-03 00:00:00","2026-02-13 00:00:00","2026-02-16",""
"4539","379","2026-03-01","845.34","4649.37","Overdue","2026-03-02 00:00:00","2026-03-24 00:00:00","2026-03-16","2026-03-24"
"4540","379","2026-04-01","116.37","756.4","Paid","2026-04-02 00:00:00","2026-04-11 00:00:00","2026-04-16","2026-04-11"
"4541","379","2026-05-01","197.56","1185.36","Pending","2026-05-01 00:00:00","2026-05-11 00:00:00","2026-05-16",""
"4542","379","2026-06-01","448.99","2693.94","Paid","2026-06-02 00:00:00","2026-06-14 00:00:00","2026-06-16","2026-06-14"
"4543","379","2026-07-01","712.21","4985.47","Overdue","2026-07-02 00:00:00","2026-07-23 00:00:00","2026-07-16","2026-07-23"
"4544","379","2026-08-01","722.09","4693.59","Overdue","2026-08-02 00:00:00","2026-08-25 00:00:00","2026-08-16","2026-08-25"
"4545","379","2026-09-01","259.86","1559.16","Paid","2026-09-03 00:00:00","2026-09-16 00:00:00","2026-09-16","2026-09-16"
"4546","379","2026-10-01","337.32","2023.92","Paid","2026-10-02 00:00:00","2026-10-12 00:00:00","2026-10-16","2026-10-12"
"4547","379","2026-11-01","142.6","926.9","Paid","2026-11-03 00:00:00","2026-11-11 00:00:00","2026-11-16","2026-11-11"
"4548","379","2026-12-01","484.61","3149.97","Paid","2026-12-02 00:00:00","2026-12-15 00:00:00","2026-12-16","2026-12-15"
"4549","380","2026-01-01","280.29","2102.18","Paid","2026-01-01 00:00:00","2026-01-14 00:00:00","2026-01-16","2026-01-14"
"4550","380","2026-02-01","400.99","2205.45","Paid","2026-02-02 00:00:00","2026-02-12 00:00:00","2026-02-16","2026-02-12"
"4551","380","2026-03-01","738.42","4430.52","Paid","2026-03-02 00:00:00","2026-03-16 00:00:00","2026-03-16","2026-03-16"
"4552","380","2026-04-01","375.65","2441.72","Paid","2026-04-01 00:00:00","2026-04-15 00:00:00","2026-04-16","2026-04-15"
"4553","380","2026-05-01","548.29","4112.17","Paid","2026-05-02 00:00:00","2026-05-11 00:00:00","2026-05-16","2026-05-11"
"4554","380","2026-06-01","881.41","4847.76","Paid","2026-06-03 00:00:00","2026-06-13 00:00:00","2026-06-16","2026-06-13"
"4555","380","2026-07-01","454.74","3183.18","Paid","2026-07-01 00:00:00","2026-07-15 00:00:00","2026-07-16","2026-07-15"
"4556","380","2026-08-01","457.1","2971.15","Paid","2026-08-02 00:00:00","2026-08-15 00:00:00","2026-08-16","2026-08-15"
"4557","380","2026-09-01","120.41","782.66","Paid","2026-09-01 00:00:00","2026-09-11 00:00:00","2026-09-16","2026-09-11"
"4558","380","2026-10-01","840.4","6303.0","Overdue","2026-10-02 00:00:00","2026-10-22 00:00:00","2026-10-16","2026-10-22"
"4559","380","2026-11-01","702.57","3864.14","Paid","2026-11-02 00:00:00","2026-11-11 00:00:00","2026-11-16","2026-11-11"
"4560","380","2026-12-01","729.39","4011.64","Paid","2026-12-03 00:00:00","2026-12-15 00:00:00","2026-12-16","2026-12-15"
"4561","381","2026-01-01","252.3","1387.65","Paid","2026-01-03 00:00:00","2026-01-14 00:00:00","2026-01-16","2026-01-14"
"4562","381","2026-02-01","693.22","4505.93","Overdue","2026-02-03 00:00:00","2026-02-19 00:00:00","2026-02-16","2026-02-19"
"4563","381","2026-03-01","828.05","4968.3","Pending","2026-03-03 00:00:00","2026-03-13 00:00:00","2026-03-16",""
"4564","381","2026-04-01","81.95","573.65","Paid","2026-04-02 00:00:00","2026-04-12 00:00:00","2026-04-16","2026-04-12"
"4565","381","2026-05-01","388.79","2332.74","Paid","2026-05-03 00:00:00","2026-05-16 00:00:00","2026-05-16","2026-05-16"
"4566","381","2026-06-01","628.35","4084.28","Overdue","2026-06-01 00:00:00","2026-06-25 00:00:00","2026-06-16","2026-06-25"
"4567","381","2026-07-01","391.67","2937.53","Overdue","2026-07-01 00:00:00","2026-07-25 00:00:00","2026-07-16","2026-07-25"
"4568","381","2026-08-01","712.51","4987.57","Pending","2026-08-03 00:00:00","2026-08-13 00:00:00","2026-08-16",""
"4569","381","2026-09-01","520.83","3645.81","Paid","2026-09-03 00:00:00","2026-09-13 00:00:00","2026-09-16","2026-09-13"
"4570","381","2026-10-01","517.98","3884.85","Pending","2026-10-03 00:00:00","2026-10-13 00:00:00","2026-10-16",""
"4571","381","2026-11-01","759.09","4174.99","Pending","2026-11-01 00:00:00","2026-11-11 00:00:00","2026-11-16",""
"4572","381","2026-12-01","326.23","2283.61","Paid","2026-12-02 00:00:00","2026-12-14 00:00:00","2026-12-16","2026-12-14"
"4573","382","2026-01-01","559.3","3915.1","Paid","2026-01-01 00:00:00","2026-01-11 00:00:00","2026-01-16","2026-01-11"
"4574","382","2026-02-01","144.74","1013.18","Overdue","2026-02-03 00:00:00","2026-02-26 00:00:00","2026-02-16","2026-02-26"
"4575","382","2026-03-01","637.81","4783.57","Paid","2026-03-03 00:00:00","2026-03-13 00:00:00","2026-03-16","2026-03-13"
"4576","382","2026-04-01","166.05","996.3","Paid","2026-04-01 00:00:00","2026-04-16 00:00:00","2026-04-16","2026-04-16"
"4577","382","2026-05-01","546.97","3008.34","Overdue","2026-05-02 00:00:00","2026-05-20 00:00:00","2026-05-16","2026-05-20"
"4578","382","2026-06-01","838.81","6291.07","Paid","2026-06-02 00:00:00","2026-06-14 00:00:00","2026-06-16","2026-06-14"
"4579","382","2026-07-01","761.19","4186.55","Paid","2026-07-02 00:00:00","2026-07-16 00:00:00","2026-07-16","2026-07-16"
"4580","382","2026-08-01","102.53","768.98","Paid","2026-08-01 00:00:00","2026-08-13 00:00:00","2026-08-16","2026-08-13"
"4581","382","2026-09-01","517.95","3884.63","Pending","2026-09-01 00:00:00","2026-09-11 00:00:00","2026-09-16",""
"4582","382","2026-10-01","372.65","2608.55","Paid","2026-10-03 00:00:00","2026-10-16 00:00:00","2026-10-16","2026-10-16"
"4583","382","2026-11-01","462.58","3006.77","Paid","2026-11-02 00:00:00","2026-11-16 00:00:00","2026-11-16","2026-11-16"
"4584","382","2026-12-01","814.63","5702.41","Paid","2026-12-01 00:00:00","2026-12-15 00:00:00","2026-12-16","2026-12-15"
"4585","383","2026-01-01","783.14","4307.27","Paid","2026-01-03 00:00:00","2026-01-15 00:00:00","2026-01-16","2026-01-15"
"4586","383","2026-02-01","506.53","3039.18","Paid","2026-02-03 00:00:00","2026-02-15 00:00:00","2026-02-16","2026-02-15"
"4587","383","2026-03-01","345.59","2419.13","Paid","2026-03-03 00:00:00","2026-03-16 00:00:00","2026-03-16","2026-03-16"
"4588","383","2026-04-01","185.22","1203.93","Paid","2026-04-02 00:00:00","2026-04-13 00:00:00","2026-04-16","2026-04-13"
"4589","383","2026-05-01","165.93","1161.51","Pending","2026-05-02 00:00:00","2026-05-12 00:00:00","2026-05-16",""
"4590","383","2026-06-01","285.79","1714.74","Paid","2026-06-02 00:00:00","2026-06-15 00:00:00","2026-06-16","2026-06-15"
"4591","383","2026-07-01","437.15","3278.62","Overdue","2026-07-01 00:00:00","2026-07-22 00:00:00","2026-07-16","2026-07-22"
"4592","383","2026-08-01","609.85","4573.88","Overdue","2026-08-03 00:00:00","2026-08-18 00:00:00","2026-08-16","2026-08-18"
"4593","383","2026-09-01","666.92","4001.52","Pending","2026-09-03 00:00:00","2026-09-13 00:00:00","2026-09-16",""
"4594","383","2026-10-01","318.92","1754.06","Overdue","2026-10-02 00:00:00","2026-10-24 00:00:00","2026-10-16","2026-10-24"
"4595","383","2026-11-01","544.58","3267.48","Overdue","2026-11-03 00:00:00","2026-11-22 00:00:00","2026-11-16","2026-11-22"
"4596","383","2026-12-01","160.53","963.18","Paid","2026-12-02 00:00:00","2026-12-12 00:00:00","2026-12-16","2026-12-12"
"4597","384","2026-01-01","241.27","1688.89","Overdue","2026-01-01 00:00:00","2026-01-23 00:00:00","2026-01-16","2026-01-23"
"4598","384","2026-02-01","755.03","4152.66","Paid","2026-02-02 00:00:00","2026-02-12 00:00:00","2026-02-16","2026-02-12"
"4599","384","2026-03-01","114.56","744.64","Overdue","2026-03-01 00:00:00","2026-03-18 00:00:00","2026-03-16","2026-03-18"
"4600","384","2026-04-01","479.65","3117.72","Pending","2026-04-01 00:00:00","2026-04-11 00:00:00","2026-04-16",""
"4601","384","2026-05-01","591.35","3843.78","Paid","2026-05-01 00:00:00","2026-05-11 00:00:00","2026-05-16","2026-05-11"
"4602","384","2026-06-01","721.27","5048.89","Pending","2026-06-01 00:00:00","2026-06-11 00:00:00","2026-06-16",""
"4603","384","2026-07-01","207.53","1348.94","Paid","2026-07-01 00:00:00","2026-07-16 00:00:00","2026-07-16","2026-07-16"
"4604","384","2026-08-01","294.71","1768.26","Pending","2026-08-02 00:00:00","2026-08-12 00:00:00","2026-08-16",""
"4605","384","2026-09-01","582.19","3493.14","Paid","2026-09-03 00:00:00","2026-09-15 00:00:00","2026-09-16","2026-09-15"
"4606","384","2026-10-01","546.54","3552.51","Paid","2026-10-02 00:00:00","2026-10-13 00:00:00","2026-10-16","2026-10-13"
"4607","384","2026-11-01","542.61","4069.58","Paid","2026-11-01 00:00:00","2026-11-15 00:00:00","2026-11-16","2026-11-15"
"4608","384","2026-12-01","829.19","6218.93","Paid","2026-12-01 00:00:00","2026-12-15 00:00:00","2026-12-16","2026-12-15"
"4609","385","2026-01-01","702.02","5265.15","Pending","2026-01-02 00:00:00","2026-01-12 00:00:00","2026-01-16",""
"4610","385","2026-02-01","802.15","5213.97","Paid","2026-02-02 00:00:00","2026-02-11 00:00:00","2026-02-16","2026-02-11"
"4611","385","2026-03-01","379.89","2089.39","Paid","2026-03-02 00:00:00","2026-03-16 00:00:00","2026-03-16","2026-03-16"
"4612","385","2026-04-01","486.71","2676.9","Paid","2026-04-03 00:00:00","2026-04-16 00:00:00","2026-04-16","2026-04-16"
"4613","385","2026-05-01","237.39","1661.73","Paid","2026-05-03 00:00:00","2026-05-12 00:00:00","2026-05-16","2026-05-12"
"4614","385","2026-06-01","395.5","2768.5","Paid","2026-06-02 00:00:00","2026-06-15 00:00:00","2026-06-16","2026-06-15"
"4615","385","2026-07-01","279.29","2094.68","Pending","2026-07-02 00:00:00","2026-07-12 00:00:00","2026-07-16",""
"4616","385","2026-08-01","884.84","5751.46","Paid","2026-08-03 00:00:00","2026-08-12 00:00:00","2026-08-16","2026-08-12"
"4617","385","2026-09-01","677.41","4741.87","Paid","2026-09-01 00:00:00","2026-09-14 00:00:00","2026-09-16","2026-09-14"
"4618","385","2026-10-01","482.1","3374.7","Paid","2026-10-03 00:00:00","2026-10-14 00:00:00","2026-10-16","2026-10-14"
"4619","385","2026-11-01","480.47","3363.29","Paid","2026-11-03 00:00:00","2026-11-14 00:00:00","2026-11-16","2026-11-14"
"4620","385","2026-12-01","491.32","3193.58","Overdue","2026-12-03 00:00:00","2026-12-25 00:00:00","2026-12-16","2026-12-25"
"4621","386","2026-01-01","841.6","5049.6","Paid","2026-01-03 00:00:00","2026-01-14 00:00:00","2026-01-16","2026-01-14"
"4622","386","2026-02-01","849.38","5520.97","Overdue","2026-02-02 00:00:00","2026-02-26 00:00:00","2026-02-16","2026-02-26"
"4623","386","2026-03-01","722.81","3975.45","Paid","2026-03-02 00:00:00","2026-03-12 00:00:00","2026-03-16","2026-03-12"
"4624","386","2026-04-01","796.01","4776.06","Overdue","2026-04-03 00:00:00","2026-04-23 00:00:00","2026-04-16","2026-04-23"
"4625","386","2026-05-01","101.41","760.57","Paid","2026-05-02 00:00:00","2026-05-16 00:00:00","2026-05-16","2026-05-16"
"4626","386","2026-06-01","571.11","3426.66","Paid","2026-06-02 00:00:00","2026-06-16 00:00:00","2026-06-16","2026-06-16"
"4627","386","2026-07-01","212.77","1170.24","Overdue","2026-07-02 00:00:00","2026-07-18 00:00:00","2026-07-16","2026-07-18"
"4628","386","2026-08-01","771.3","5399.1","Overdue","2026-08-02 00:00:00","2026-08-23 00:00:00","2026-08-16","2026-08-23"
"4629","386","2026-09-01","98.26","638.69","Overdue","2026-09-01 00:00:00","2026-09-17 00:00:00","2026-09-16","2026-09-17"
"4630","386","2026-10-01","246.05","1845.38","Paid","2026-10-03 00:00:00","2026-10-13 00:00:00","2026-10-16","2026-10-13"
"4631","386","2026-11-01","569.73","4272.98","Paid","2026-11-03 00:00:00","2026-11-13 00:00:00","2026-11-16","2026-11-13"
"4632","386","2026-12-01","533.68","3468.92","Overdue","2026-12-01 00:00:00","2026-12-25 00:00:00","2026-12-16","2026-12-25"
"4633","387","2026-01-01","90.68","544.08","Paid","2026-01-01 00:00:00","2026-01-12 00:00:00","2026-01-16","2026-01-12"
"4634","387","2026-02-01","460.11","3220.77","Paid","2026-02-03 00:00:00","2026-02-11 00:00:00","2026-02-16","2026-02-11"
"4635","387","2026-03-01","409.36","3070.2","Paid","2026-03-01 00:00:00","2026-03-12 00:00:00","2026-03-16","2026-03-12"
"4636","387","2026-04-01","695.66","3826.13","Paid","2026-04-02 00:00:00","2026-04-15 00:00:00","2026-04-16","2026-04-15"
"4637","387","2026-05-01","662.95","4640.65","Paid","2026-05-03 00:00:00","2026-05-13 00:00:00","2026-05-16","2026-05-13"
"4638","387","2026-06-01","802.27","4412.48","Paid","2026-06-03 00:00:00","2026-06-14 00:00:00","2026-06-16","2026-06-14"
"4639","387","2026-07-01","204.33","1123.82","Paid","2026-07-01 00:00:00","2026-07-16 00:00:00","2026-07-16","2026-07-16"
"4640","387","2026-08-01","670.06","4690.42","Overdue","2026-08-02 00:00:00","2026-08-23 00:00:00","2026-08-16","2026-08-23"
"4641","387","2026-09-01","451.0","2931.5","Paid","2026-09-03 00:00:00","2026-09-16 00:00:00","2026-09-16","2026-09-16"
"4642","387","2026-10-01","611.48","3363.14","Pending","2026-10-02 00:00:00","2026-10-12 00:00:00","2026-10-16",""
"4643","387","2026-11-01","388.05","2328.3","Paid","2026-11-02 00:00:00","2026-11-16 00:00:00","2026-11-16","2026-11-16"
"4644","387","2026-12-01","192.89","1253.78","Pending","2026-12-03 00:00:00","2026-12-13 00:00:00","2026-12-16",""
"4645","388","2026-01-01","749.31","4121.2","Pending","2026-01-01 00:00:00","2026-01-11 00:00:00","2026-01-16",""
"4646","388","2026-02-01","321.93","2253.51","Paid","2026-02-03 00:00:00","2026-02-14 00:00:00","2026-02-16","2026-02-14"
"4647","388","2026-03-01","780.88","5075.72","Paid","2026-03-02 00:00:00","2026-03-16 00:00:00","2026-03-16","2026-03-16"
"4648","388","2026-04-01","278.08","2085.6","Paid","2026-04-01 00:00:00","2026-04-13 00:00:00","2026-04-16","2026-04-13"
"4649","388","2026-05-01","408.16","2653.04","Paid","2026-05-01 00:00:00","2026-05-12 00:00:00","2026-05-16","2026-05-12"
"4650","388","2026-06-01","640.34","4162.21","Paid","2026-06-03 00:00:00","2026-06-13 00:00:00","2026-06-16","2026-06-13"
"4651","388","2026-07-01","810.86","6081.45","Paid","2026-07-01 00:00:00","2026-07-14 00:00:00","2026-07-16","2026-07-14"
"4652","388","2026-08-01","281.82","1690.92","Paid","2026-08-03 00:00:00","2026-08-11 00:00:00","2026-08-16","2026-08-11"
"4653","388","2026-09-01","350.17","1925.94","Paid","2026-09-02 00:00:00","2026-09-15 00:00:00","2026-09-16","2026-09-15"
"4654","388","2026-10-01","178.44","1159.86","Paid","2026-10-02 00:00:00","2026-10-15 00:00:00","2026-10-16","2026-10-15"
"4655","388","2026-11-01","176.73","1060.38","Pending","2026-11-02 00:00:00","2026-11-12 00:00:00","2026-11-16",""
"4656","388","2026-12-01","645.04","4515.28","Pending","2026-12-03 00:00:00","2026-12-13 00:00:00","2026-12-16",""
"4657","389","2026-01-01","512.15","3328.97","Overdue","2026-01-02 00:00:00","2026-01-17 00:00:00","2026-01-16","2026-01-17"
"4658","389","2026-02-01","163.24","897.82","Overdue","2026-02-01 00:00:00","2026-02-20 00:00:00","2026-02-16","2026-02-20"
"4659","389","2026-03-01","330.73","2149.74","Paid","2026-03-03 00:00:00","2026-03-14 00:00:00","2026-03-16","2026-03-14"
"4660","389","2026-04-01","497.86","3733.95","Paid","2026-04-01 00:00:00","2026-04-14 00:00:00","2026-04-16","2026-04-14"
"4661","389","2026-05-01","763.12","5341.84","Overdue","2026-05-01 00:00:00","2026-05-21 00:00:00","2026-05-16","2026-05-21"
"4662","389","2026-06-01","269.73","1618.38","Paid","2026-06-03 00:00:00","2026-06-13 00:00:00","2026-06-16","2026-06-13"
"4663","389","2026-07-01","861.49","5599.69","Paid","2026-07-01 00:00:00","2026-07-16 00:00:00","2026-07-16","2026-07-16"
"4664","389","2026-08-01","306.95","2302.12","Pending","2026-08-02 00:00:00","2026-08-12 00:00:00","2026-08-16",""
"4665","389","2026-09-01","373.63","2615.41","Paid","2026-09-01 00:00:00","2026-09-11 00:00:00","2026-09-16","2026-09-11"
"4666","389","2026-10-01","398.15","2388.9","Paid","2026-10-01 00:00:00","2026-10-14 00:00:00","2026-10-16","2026-10-14"
"4667","389","2026-11-01","807.23","4439.77","Pending","2026-11-02 00:00:00","2026-11-12 00:00:00","2026-11-16",""
"4668","389","2026-12-01","465.53","3491.47","Paid","2026-12-01 00:00:00","2026-12-16 00:00:00","2026-12-16","2026-12-16"
"4669","390","2026-01-01","817.78","6133.35","Overdue","2026-01-02 00:00:00","2026-01-20 00:00:00","2026-01-16","2026-01-20"
"4670","390","2026-02-01","657.27","4929.52","Overdue","2026-02-01 00:00:00","2026-02-20 00:00:00","2026-02-16","2026-02-20"
"4671","390","2026-03-01","716.69","4658.49","Pending","2026-03-03 00:00:00","2026-03-13 00:00:00","2026-03-16",""
"4672","390","2026-04-01","503.64","3021.84","Paid","2026-04-02 00:00:00","2026-04-16 00:00:00","2026-04-16","2026-04-16"
"4673","390","2026-05-01","433.96","2603.76","Paid","2026-05-02 00:00:00","2026-05-11 00:00:00","2026-05-16","2026-05-11"
"4674","390","2026-06-01","824.57","5359.7","Paid","2026-06-03 00:00:00","2026-06-13 00:00:00","2026-06-16","2026-06-13"
"4675","390","2026-07-01","388.39","2718.73","Paid","2026-07-02 00:00:00","2026-07-15 00:00:00","2026-07-16","2026-07-15"
"4676","390","2026-08-01","113.03","847.73","Paid","2026-08-01 00:00:00","2026-08-13 00:00:00","2026-08-16","2026-08-13"
"4677","390","2026-09-01","396.84","2182.62","Paid","2026-09-03 00:00:00","2026-09-14 00:00:00","2026-09-16","2026-09-14"
"4678","390","2026-10-01","731.99","4757.94","Pending","2026-10-03 00:00:00","2026-10-13 00:00:00","2026-10-16",""
"4679","390","2026-11-01","234.96","1527.24","Pending","2026-11-02 00:00:00","2026-11-12 00:00:00","2026-11-16",""
"4680","390","2026-12-01","661.68","4631.76","Overdue","2026-12-01 00:00:00","2026-12-25 00:00:00","2026-12-16","2026-12-25"
"4681","391","2026-01-01","669.16","4349.54","Overdue","2026-01-03 00:00:00","2026-01-26 00:00:00","2026-01-16","2026-01-26"
"4682","391","2026-02-01","360.77","2345.01","Pending","2026-02-01 00:00:00","2026-02-11 00:00:00","2026-02-16",""
"4683","391","2026-03-01","367.72","2574.04","Paid","2026-03-03 00:00:00","2026-03-13 00:00:00","2026-03-16","2026-03-13"
"4684","391","2026-04-01","826.64","4546.52","Paid","2026-04-02 00:00:00","2026-04-13 00:00:00","2026-04-16","2026-04-13"
"4685","391","2026-05-01","761.63","5712.23","Paid","2026-05-02 00:00:00","2026-05-12 00:00:00","2026-05-16","2026-05-12"
"4686","391","2026-06-01","726.56","5449.2","Overdue","2026-06-03 00:00:00","2026-06-17 00:00:00","2026-06-16","2026-06-17"
"4687","391","2026-07-01","401.27","2808.89","Paid","2026-07-02 00:00:00","2026-07-16 00:00:00","2026-07-16","2026-07-16"
"4688","391","2026-08-01","384.2","2497.3","Paid","2026-08-02 00:00:00","2026-08-15 00:00:00","2026-08-16","2026-08-15"
"4689","391","2026-09-01","170.34","1277.55","Overdue","2026-09-02 00:00:00","2026-09-20 00:00:00","2026-09-16","2026-09-20"
"4690","391","2026-10-01","698.92","4892.44","Paid","2026-10-01 00:00:00","2026-10-11 00:00:00","2026-10-16","2026-10-11"
"4691","391","2026-11-01","577.01","3173.55","Paid","2026-11-01 00:00:00","2026-11-13 00:00:00","2026-11-16","2026-11-13"
"4692","391","2026-12-01","667.35","4337.78","Paid","2026-12-02 00:00:00","2026-12-12 00:00:00","2026-12-16","2026-12-12"
"4693","392","2026-01-01","753.78","4899.57","Paid","2026-01-03 00:00:00","2026-01-16 00:00:00","2026-01-16","2026-01-16"
"4694","392","2026-02-01","785.35","5890.12","Paid","2026-02-02 00:00:00","2026-02-13 00:00:00","2026-02-16","2026-02-13"
"4695","392","2026-03-01","819.71","4918.26","Paid","2026-03-02 00:00:00","2026-03-12 00:00:00","2026-03-16","2026-03-12"
"4696","392","2026-04-01","724.2","4345.2","Paid","2026-04-01 00:00:00","2026-04-15 00:00:00","2026-04-16","2026-04-15"
"4697","392","2026-05-01","118.16","886.2","Paid","2026-05-02 00:00:00","2026-05-12 00:00:00","2026-05-16","2026-05-12"
"4698","392","2026-06-01","162.16","1216.2","Paid","2026-06-01 00:00:00","2026-06-12 00:00:00","2026-06-16","2026-06-12"
"4699","392","2026-07-01","289.26","1735.56","Paid","2026-07-02 00:00:00","2026-07-12 00:00:00","2026-07-16","2026-07-12"
"4700","392","2026-08-01","253.26","1772.82","Paid","2026-08-02 00:00:00","2026-08-11 00:00:00","2026-08-16","2026-08-11"
"4701","392","2026-09-01","308.96","1853.76","Overdue","2026-09-01 00:00:00","2026-09-23 00:00:00","2026-09-16","2026-09-23"
"4702","392","2026-10-01","819.1","4914.6","Overdue","2026-10-02 00:00:00","2026-10-21 00:00:00","2026-10-16","2026-10-21"
"4703","392","2026-11-01","261.54","1569.24","Paid","2026-11-01 00:00:00","2026-11-16 00:00:00","2026-11-16","2026-11-16"
"4704","392","2026-12-01","810.4","4457.2","Paid","2026-12-02 00:00:00","2026-12-14 00:00:00","2026-12-16","2026-12-14"
"4705","393","2026-01-01","495.6","2725.8","Overdue","2026-01-02 00:00:00","2026-01-24 00:00:00","2026-01-16","2026-01-24"
"4706","393","2026-02-01","698.8","3843.4","Overdue","2026-02-02 00:00:00","2026-02-21 00:00:00","2026-02-16","2026-02-21"
"4707","393","2026-03-01","132.07","792.42","Overdue","2026-03-03 00:00:00","2026-03-21 00:00:00","2026-03-16","2026-03-21"
"4708","393","2026-04-01","823.32","4939.92","Overdue","2026-04-02 00:00:00","2026-04-23 00:00:00","2026-04-16","2026-04-23"
"4709","393","2026-05-01","344.67","2068.02","Paid","2026-05-03 00:00:00","2026-05-15 00:00:00","2026-05-16","2026-05-15"
"4710","393","2026-06-01","538.55","3500.57","Paid","2026-06-01 00:00:00","2026-06-11 00:00:00","2026-06-16","2026-06-11"
"4711","393","2026-07-01","157.73","1104.11","Pending","2026-07-01 00:00:00","2026-07-11 00:00:00","2026-07-16",""
"4712","393","2026-08-01","760.44","4562.64","Overdue","2026-08-03 00:00:00","2026-08-26 00:00:00","2026-08-16","2026-08-26"
"4713","393","2026-09-01","869.03","5648.69","Overdue","2026-09-01 00:00:00","2026-09-20 00:00:00","2026-09-16","2026-09-20"
"4714","393","2026-10-01","774.54","5809.05","Paid","2026-10-03 00:00:00","2026-10-16 00:00:00","2026-10-16","2026-10-16"
"4715","393","2026-11-01","128.73","901.11","Overdue","2026-11-03 00:00:00","2026-11-21 00:00:00","2026-11-16","2026-11-21"
"4716","393","2026-12-01","302.22","2266.65","Pending","2026-12-02 00:00:00","2026-12-12 00:00:00","2026-12-16",""
"4717","394","2026-01-01","337.54","2362.78","Paid","2026-01-03 00:00:00","2026-01-11 00:00:00","2026-01-16","2026-01-11"
"4718","394","2026-02-01","462.41","3236.87","Overdue","2026-02-01 00:00:00","2026-02-18 00:00:00","2026-02-16","2026-02-18"
"4719","394","2026-03-01","627.56","4079.14","Paid","2026-03-01 00:00:00","2026-03-16 00:00:00","2026-03-16","2026-03-16"
"4720","394","2026-04-01","449.97","3374.78","Pending","2026-04-02 00:00:00","2026-04-12 00:00:00","2026-04-16",""
"4721","394","2026-05-01","875.7","6567.75","Pending","2026-05-02 00:00:00","2026-05-12 00:00:00","2026-05-16",""
"4722","394","2026-06-01","300.32","1651.76","Pending","2026-06-03 00:00:00","2026-06-13 00:00:00","2026-06-16",""
"4723","394","2026-07-01","553.57","3321.42","Paid","2026-07-02 00:00:00","2026-07-14 00:00:00","2026-07-16","2026-07-14"
"4724","394","2026-08-01","768.69","5765.18","Paid","2026-08-01 00:00:00","2026-08-16 00:00:00","2026-08-16","2026-08-16"
"4725","394","2026-09-01","485.7","3399.9","Paid","2026-09-03 00:00:00","2026-09-13 00:00:00","2026-09-16","2026-09-13"
"4726","394","2026-10-01","476.11","3094.72","Overdue","2026-10-01 00:00:00","2026-10-18 00:00:00","2026-10-16","2026-10-18"
"4727","394","2026-11-01","568.16","3693.04","Paid","2026-11-03 00:00:00","2026-11-15 00:00:00","2026-11-16","2026-11-15"
"4728","394","2026-12-01","172.37","1206.59","Paid","2026-12-03 00:00:00","2026-12-12 00:00:00","2026-12-16","2026-12-12"
"4729","395","2026-01-01","567.9","3975.3","Overdue","2026-01-03 00:00:00","2026-01-20 00:00:00","2026-01-16","2026-01-20"
"4730","395","2026-02-01","619.44","4026.36","Paid","2026-02-02 00:00:00","2026-02-16 00:00:00","2026-02-16","2026-02-16"
"4731","395","2026-03-01","574.09","3444.54","Paid","2026-03-01 00:00:00","2026-03-11 00:00:00","2026-03-16","2026-03-11"
"4732","395","2026-04-01","587.14","4403.55","Paid","2026-04-03 00:00:00","2026-04-12 00:00:00","2026-04-16","2026-04-12"
"4733","395","2026-05-01","444.23","2443.27","Paid","2026-05-01 00:00:00","2026-05-14 00:00:00","2026-05-16","2026-05-14"
"4734","395","2026-06-01","704.84","4229.04","Pending","2026-06-02 00:00:00","2026-06-12 00:00:00","2026-06-16",""
"4735","395","2026-07-01","380.93","2856.97","Pending","2026-07-02 00:00:00","2026-07-12 00:00:00","2026-07-16",""
"4736","395","2026-08-01","610.93","4581.97","Paid","2026-08-01 00:00:00","2026-08-14 00:00:00","2026-08-16","2026-08-14"
"4737","395","2026-09-01","804.68","4425.74","Paid","2026-09-03 00:00:00","2026-09-16 00:00:00","2026-09-16","2026-09-16"
"4738","395","2026-10-01","680.09","4080.54","Paid","2026-10-01 00:00:00","2026-10-15 00:00:00","2026-10-16","2026-10-15"
"4739","395","2026-11-01","819.37","4506.53","Paid","2026-11-02 00:00:00","2026-11-13 00:00:00","2026-11-16","2026-11-13"
"4740","395","2026-12-01","679.35","5095.12","Overdue","2026-12-02 00:00:00","2026-12-24 00:00:00","2026-12-16","2026-12-24"
"4741","396","2026-01-01","177.21","974.66","Pending","2026-01-02 00:00:00","2026-01-12 00:00:00","2026-01-16",""
"4742","396","2026-02-01","577.19","3174.55","Pending","2026-02-01 00:00:00","2026-02-11 00:00:00","2026-02-16",""
"4743","396","2026-03-01","763.75","5728.12","Paid","2026-03-02 00:00:00","2026-03-16 00:00:00","2026-03-16","2026-03-16"
"4744","396","2026-04-01","227.16","1476.54","Paid","2026-04-02 00:00:00","2026-04-12 00:00:00","2026-04-16","2026-04-12"
"4745","396","2026-05-01","873.23","5675.99","Paid","2026-05-01 00:00:00","2026-05-11 00:00:00","2026-05-16","2026-05-11"
"4746","396","2026-06-01","578.75","3183.12","Paid","2026-06-02 00:00:00","2026-06-12 00:00:00","2026-06-16","2026-06-12"
"4747","396","2026-07-01","391.32","2739.24","Paid","2026-07-01 00:00:00","2026-07-15 00:00:00","2026-07-16","2026-07-15"
"4748","396","2026-08-01","758.43","5309.01","Pending","2026-08-01 00:00:00","2026-08-11 00:00:00","2026-08-16",""
"4749","396","2026-09-01","686.55","5149.12","Paid","2026-09-01 00:00:00","2026-09-16 00:00:00","2026-09-16","2026-09-16"
"4750","396","2026-10-01","533.99","2936.95","Paid","2026-10-01 00:00:00","2026-10-12 00:00:00","2026-10-16","2026-10-12"
"4751","396","2026-11-01","148.68","817.74","Paid","2026-11-01 00:00:00","2026-11-15 00:00:00","2026-11-16","2026-11-15"
"4752","396","2026-12-01","210.2","1261.2","Pending","2026-12-01 00:00:00","2026-12-11 00:00:00","2026-12-16",""
"4753","397","2026-01-01","625.95","3442.73","Pending","2026-01-03 00:00:00","2026-01-13 00:00:00","2026-01-16",""
"4754","397","2026-02-01","393.12","2555.28","Paid","2026-02-03 00:00:00","2026-02-11 00:00:00","2026-02-16","2026-02-11"
"4755","397","2026-03-01","243.49","1826.18","Paid","2026-03-01 00:00:00","2026-03-14 00:00:00","2026-03-16","2026-03-14"
"4756","397","2026-04-01","639.3","4155.45","Paid","2026-04-03 00:00:00","2026-04-13 00:00:00","2026-04-16","2026-04-13"
"4757","397","2026-05-01","450.64","2703.84","Paid","2026-05-01 00:00:00","2026-05-12 00:00:00","2026-05-16","2026-05-12"
"4758","397","2026-06-01","569.08","4268.1","Overdue","2026-06-02 00:00:00","2026-06-24 00:00:00","2026-06-16","2026-06-24"
"4759","397","2026-07-01","133.08","998.1","Paid","2026-07-03 00:00:00","2026-07-13 00:00:00","2026-07-16","2026-07-13"
"4760","397","2026-08-01","629.86","4409.02","Paid","2026-08-01 00:00:00","2026-08-14 00:00:00","2026-08-16","2026-08-14"
"4761","397","2026-09-01","587.88","4115.16","Paid","2026-09-01 00:00:00","2026-09-14 00:00:00","2026-09-16","2026-09-14"
"4762","397","2026-10-01","358.89","2332.78","Paid","2026-10-02 00:00:00","2026-10-15 00:00:00","2026-10-16","2026-10-15"
"4763","397","2026-11-01","632.43","4427.01","Paid","2026-11-01 00:00:00","2026-11-11 00:00:00","2026-11-16","2026-11-11"
"4764","397","2026-12-01","638.45","4469.15","Pending","2026-12-01 00:00:00","2026-12-11 00:00:00","2026-12-16",""
"4765","398","2026-01-01","872.08","6540.6","Paid","2026-01-01 00:00:00","2026-01-11 00:00:00","2026-01-16","2026-01-11"
"4766","398","2026-02-01","184.5","1014.75","Overdue","2026-02-02 00:00:00","2026-02-26 00:00:00","2026-02-16","2026-02-26"
"4767","398","2026-03-01","451.78","2484.79","Paid","2026-03-02 00:00:00","2026-03-13 00:00:00","2026-03-16","2026-03-13"
"4768","398","2026-04-01","341.86","2222.09","Paid","2026-04-01 00:00:00","2026-04-15 00:00:00","2026-04-16","2026-04-15"
"4769","398","2026-05-01","654.71","4910.33","Pending","2026-05-03 00:00:00","2026-05-13 00:00:00","2026-05-16",""
"4770","398","2026-06-01","897.05","5830.82","Pending","2026-06-01 00:00:00","2026-06-11 00:00:00","2026-06-16",""
"4771","398","2026-07-01","448.0","2464.0","Paid","2026-07-02 00:00:00","2026-07-14 00:00:00","2026-07-16","2026-07-14"
"4772","398","2026-08-01","419.1","2305.05","Pending","2026-08-02 00:00:00","2026-08-12 00:00:00","2026-08-16",""
"4773","398","2026-09-01","499.04","3742.8","Overdue","2026-09-03 00:00:00","2026-09-22 00:00:00","2026-09-16","2026-09-22"
"4774","398","2026-10-01","810.53","5673.71","Paid","2026-10-03 00:00:00","2026-10-14 00:00:00","2026-10-16","2026-10-14"
"4775","398","2026-11-01","461.4","3229.8","Paid","2026-11-02 00:00:00","2026-11-16 00:00:00","2026-11-16","2026-11-16"
"4776","398","2026-12-01","772.4","5406.8","Pending","2026-12-02 00:00:00","2026-12-12 00:00:00","2026-12-16",""
"4777","399","2026-01-01","414.02","3105.15","Paid","2026-01-03 00:00:00","2026-01-11 00:00:00","2026-01-16","2026-01-11"
"4778","399","2026-02-01","480.66","2883.96","Overdue","2026-02-03 00:00:00","2026-02-26 00:00:00","2026-02-16","2026-02-26"
"4779","399","2026-03-01","852.01","5964.07","Paid","2026-03-03 00:00:00","2026-03-11 00:00:00","2026-03-16","2026-03-11"
"4780","399","2026-04-01","584.73","4385.48","Paid","2026-04-03 00:00:00","2026-04-15 00:00:00","2026-04-16","2026-04-15"
"4781","399","2026-05-01","193.4","1450.5","Pending","2026-05-03 00:00:00","2026-05-13 00:00:00","2026-05-16",""
"4782","399","2026-06-01","501.71","3261.11","Paid","2026-06-03 00:00:00","2026-06-15 00:00:00","2026-06-16","2026-06-15"
"4783","399","2026-07-01","537.13","3759.91","Paid","2026-07-03 00:00:00","2026-07-11 00:00:00","2026-07-16","2026-07-11"
"4784","399","2026-08-01","788.95","4339.23","Overdue","2026-08-02 00:00:00","2026-08-23 00:00:00","2026-08-16","2026-08-23"
"4785","399","2026-09-01","381.62","2480.53","Paid","2026-09-01 00:00:00","2026-09-13 00:00:00","2026-09-16","2026-09-13"
"4786","399","2026-10-01","878.02","6146.14","Paid","2026-10-03 00:00:00","2026-10-15 00:00:00","2026-10-16","2026-10-15"
"4787","399","2026-11-01","407.49","2852.43","Paid","2026-11-03 00:00:00","2026-11-15 00:00:00","2026-11-16","2026-11-15"
"4788","399","2026-12-01","471.26","3534.45","Paid","2026-12-02 00:00:00","2026-12-11 00:00:00","2026-12-16","2026-12-11"
"4789","400","2026-01-01","366.01","2379.07","Paid","2026-01-02 00:00:00","2026-01-15 00:00:00","2026-01-16","2026-01-15"
"4790","400","2026-02-01","336.66","1851.63","Paid","2026-02-03 00:00:00","2026-02-15 00:00:00","2026-02-16","2026-02-15"
"4791","400","2026-03-01","497.72","3235.18","Overdue","2026-03-03 00:00:00","2026-03-20 00:00:00","2026-03-16","2026-03-20"
"4792","400","2026-04-01","126.87","951.53","Paid","2026-04-01 00:00:00","2026-04-15 00:00:00","2026-04-16","2026-04-15"
"4793","400","2026-05-01","899.58","6746.85","Paid","2026-05-03 00:00:00","2026-05-13 00:00:00","2026-05-16","2026-05-13"
"4794","400","2026-06-01","248.35","1738.45","Paid","2026-06-01 00:00:00","2026-06-12 00:00:00","2026-06-16","2026-06-12"
"4795","400","2026-07-01","766.74","4217.07","Paid","2026-07-01 00:00:00","2026-07-13 00:00:00","2026-07-16","2026-07-13"
"4796","400","2026-08-01","827.31","5377.51","Paid","2026-08-01 00:00:00","2026-08-11 00:00:00","2026-08-16","2026-08-11"
"4797","400","2026-09-01","94.39","613.53","Paid","2026-09-03 00:00:00","2026-09-13 00:00:00","2026-09-16","2026-09-13"
"4798","400","2026-10-01","557.61","4182.07","Pending","2026-10-02 00:00:00","2026-10-12 00:00:00","2026-10-16",""
"4799","400","2026-11-01","729.89","4014.39","Overdue","2026-11-01 00:00:00","2026-11-21 00:00:00","2026-11-16","2026-11-21"
"4800","400","2026-12-01","698.14","4537.91","Paid","2026-12-01 00:00:00","2026-12-16 00:00:00","2026-12-16","2026-12-16"
"4801","401","2026-01-01","267.17","1469.44","Paid","2026-01-03 00:00:00","2026-01-15 00:00:00","2026-01-16","2026-01-15"
"4802","401","2026-02-01","206.33","1547.48","Paid","2026-02-02 00:00:00","2026-02-12 00:00:00","2026-02-16","2026-02-12"
"4803","401","2026-03-01","834.91","5009.46","Paid","2026-03-02 00:00:00","2026-03-11 00:00:00","2026-03-16","2026-03-11"
"4804","401","2026-04-01","825.93","6194.47","Paid","2026-04-01 00:00:00","2026-04-14 00:00:00","2026-04-16","2026-04-14"
"4805","401","2026-05-01","688.17","4129.02","Pending","2026-05-02 00:00:00","2026-05-12 00:00:00","2026-05-16",""
"4806","401","2026-06-01","573.43","3727.29","Paid","2026-06-02 00:00:00","2026-06-13 00:00:00","2026-06-16","2026-06-13"
"4807","401","2026-07-01","210.42","1262.52","Pending","2026-07-03 00:00:00","2026-07-13 00:00:00","2026-07-16",""
"4808","401","2026-08-01","487.28","2923.68","Paid","2026-08-03 00:00:00","2026-08-13 00:00:00","2026-08-16","2026-08-13"
"4809","401","2026-09-01","814.66","5295.29","Paid","2026-09-02 00:00:00","2026-09-12 00:00:00","2026-09-16","2026-09-12"
"4810","401","2026-10-01","762.14","5334.98","Paid","2026-10-01 00:00:00","2026-10-14 00:00:00","2026-10-16","2026-10-14"
"4811","401","2026-11-01","489.28","2935.68","Paid","2026-11-03 00:00:00","2026-11-14 00:00:00","2026-11-16","2026-11-14"
"4812","401","2026-12-01","359.13","2154.78","Paid","2026-12-03 00:00:00","2026-12-11 00:00:00","2026-12-16","2026-12-11"
"4813","402","2026-01-01","894.76","6263.32","Paid","2026-01-03 00:00:00","2026-01-16 00:00:00","2026-01-16","2026-01-16"
"4814","402","2026-02-01","719.0","4314.0","Paid","2026-02-03 00:00:00","2026-02-11 00:00:00","2026-02-16","2026-02-11"
"4815","402","2026-03-01","94.6","614.9","Paid","2026-03-02 00:00:00","2026-03-12 00:00:00","2026-03-16","2026-03-12"
"4816","402","2026-04-01","867.81","5206.86","Overdue","2026-04-01 00:00:00","2026-04-22 00:00:00","2026-04-16","2026-04-22"
"4817","402","2026-05-01","368.04","2760.3","Paid","2026-05-01 00:00:00","2026-05-15 00:00:00","2026-05-16","2026-05-15"
"4818","402","2026-06-01","732.89","4763.78","Overdue","2026-06-03 00:00:00","2026-06-20 00:00:00","2026-06-16","2026-06-20"
"4819","402","2026-07-01","264.28","1849.96","Pending","2026-07-01 00:00:00","2026-07-11 00:00:00","2026-07-16",""
"4820","402","2026-08-01","800.63","5204.1","Overdue","2026-08-01 00:00:00","2026-08-20 00:00:00","2026-08-16","2026-08-20"
"4821","402","2026-09-01","406.95","2645.17","Paid","2026-09-02 00:00:00","2026-09-11 00:00:00","2026-09-16","2026-09-11"
"4822","402","2026-10-01","567.92","3691.48","Paid","2026-10-02 00:00:00","2026-10-13 00:00:00","2026-10-16","2026-10-13"
"4823","402","2026-11-01","356.22","2137.32","Pending","2026-11-01 00:00:00","2026-11-11 00:00:00","2026-11-16",""
"4824","402","2026-12-01","220.2","1321.2","Paid","2026-12-03 00:00:00","2026-12-12 00:00:00","2026-12-16","2026-12-12"
"4825","403","2026-01-01","261.54","1569.24","Paid","2026-01-01 00:00:00","2026-01-13 00:00:00","2026-01-16","2026-01-13"
"4826","403","2026-02-01","167.94","923.67","Pending","2026-02-03 00:00:00","2026-02-13 00:00:00","2026-02-16",""
"4827","403","2026-03-01","784.51","4314.81","Paid","2026-03-03 00:00:00","2026-03-15 00:00:00","2026-03-16","2026-03-15"
"4828","403","2026-04-01","769.98","5389.86","Pending","2026-04-03 00:00:00","2026-04-13 00:00:00","2026-04-16",""
"4829","403","2026-05-01","366.41","2381.66","Overdue","2026-05-02 00:00:00","2026-05-24 00:00:00","2026-05-16","2026-05-24"
"4830","403","2026-06-01","155.57","1088.99","Paid","2026-06-02 00:00:00","2026-06-11 00:00:00","2026-06-16","2026-06-11"
"4831","403","2026-07-01","371.67","2044.19","Overdue","2026-07-01 00:00:00","2026-07-25 00:00:00","2026-07-16","2026-07-25"
"4832","403","2026-08-01","632.48","3478.64","Paid","2026-08-01 00:00:00","2026-08-16 00:00:00","2026-08-16","2026-08-16"
"4833","403","2026-09-01","176.69","971.79","Pending","2026-09-01 00:00:00","2026-09-11 00:00:00","2026-09-16",""
"4834","403","2026-10-01","129.44","711.92","Overdue","2026-10-02 00:00:00","2026-10-21 00:00:00","2026-10-16","2026-10-21"
"4835","403","2026-11-01","670.52","4358.38","Paid","2026-11-01 00:00:00","2026-11-11 00:00:00","2026-11-16","2026-11-11"
"4836","403","2026-12-01","495.93","3471.51","Overdue","2026-12-02 00:00:00","2026-12-22 00:00:00","2026-12-16","2026-12-22"
"4837","404","2026-01-01","258.84","1811.88","Paid","2026-01-03 00:00:00","2026-01-16 00:00:00","2026-01-16","2026-01-16"
"4838","404","2026-02-01","95.08","618.02","Paid","2026-02-02 00:00:00","2026-02-11 00:00:00","2026-02-16","2026-02-11"
"4839","404","2026-03-01","782.46","5868.45","Overdue","2026-03-01 00:00:00","2026-03-24 00:00:00","2026-03-16","2026-03-24"
"4840","404","2026-04-01","823.72","4530.46","Pending","2026-04-01 00:00:00","2026-04-11 00:00:00","2026-04-16",""
"4841","404","2026-05-01","821.37","4517.53","Paid","2026-05-01 00:00:00","2026-05-12 00:00:00","2026-05-16","2026-05-12"
"4842","404","2026-06-01","594.95","3569.7","Paid","2026-06-03 00:00:00","2026-06-15 00:00:00","2026-06-16","2026-06-15"
"4843","404","2026-07-01","655.13","3930.78","Overdue","2026-07-03 00:00:00","2026-07-26 00:00:00","2026-07-16","2026-07-26"
"4844","404","2026-08-01","764.68","4205.74","Paid","2026-08-01 00:00:00","2026-08-11 00:00:00","2026-08-16","2026-08-11"
"4845","404","2026-09-01","684.81","5136.07","Overdue","2026-09-01 00:00:00","2026-09-23 00:00:00","2026-09-16","2026-09-23"
"4846","404","2026-10-01","315.2","2206.4","Paid","2026-10-02 00:00:00","2026-10-16 00:00:00","2026-10-16","2026-10-16"
"4847","404","2026-11-01","229.91","1494.41","Pending","2026-11-03 00:00:00","2026-11-13 00:00:00","2026-11-16",""
"4848","404","2026-12-01","812.11","6090.82","Paid","2026-12-02 00:00:00","2026-12-11 00:00:00","2026-12-16","2026-12-11"
"4849","405","2026-01-01","796.46","5575.22","Pending","2026-01-02 00:00:00","2026-01-12 00:00:00","2026-01-16",""
"4850","405","2026-02-01","85.85","600.95","Paid","2026-02-03 00:00:00","2026-02-16 00:00:00","2026-02-16","2026-02-16"
"4851","405","2026-03-01","379.14","2653.98","Paid","2026-03-02 00:00:00","2026-03-15 00:00:00","2026-03-16","2026-03-15"
"4852","405","2026-04-01","754.29","4902.89","Paid","2026-04-01 00:00:00","2026-04-16 00:00:00","2026-04-16","2026-04-16"
"4853","405","2026-05-01","175.67","1229.69","Paid","2026-05-02 00:00:00","2026-05-12 00:00:00","2026-05-16","2026-05-12"
"4854","405","2026-06-01","611.1","3972.15","Overdue","2026-06-03 00:00:00","2026-06-25 00:00:00","2026-06-16","2026-06-25"
"4855","405","2026-07-01","869.52","6521.4","Paid","2026-07-03 00:00:00","2026-07-14 00:00:00","2026-07-16","2026-07-14"
"4856","405","2026-08-01","691.71","3804.41","Overdue","2026-08-01 00:00:00","2026-08-26 00:00:00","2026-08-16","2026-08-26"
"4857","405","2026-09-01","705.78","4940.46","Paid","2026-09-01 00:00:00","2026-09-12 00:00:00","2026-09-16","2026-09-12"
"4858","405","2026-10-01","84.58","634.35","Paid","2026-10-03 00:00:00","2026-10-12 00:00:00","2026-10-16","2026-10-12"
"4859","405","2026-11-01","147.92","1035.44","Paid","2026-11-03 00:00:00","2026-11-11 00:00:00","2026-11-16","2026-11-11"
"4860","405","2026-12-01","719.48","5396.1","Paid","2026-12-02 00:00:00","2026-12-11 00:00:00","2026-12-16","2026-12-11"
"4861","406","2026-01-01","178.21","1158.37","Paid","2026-01-01 00:00:00","2026-01-12 00:00:00","2026-01-16","2026-01-12"
"4862","406","2026-02-01","125.75","943.12","Paid","2026-02-01 00:00:00","2026-02-12 00:00:00","2026-02-16","2026-02-12"
"4863","406","2026-03-01","522.83","3398.4","Paid","2026-03-02 00:00:00","2026-03-12 00:00:00","2026-03-16","2026-03-12"
"4864","406","2026-04-01","249.12","1619.28","Overdue","2026-04-01 00:00:00","2026-04-21 00:00:00","2026-04-16","2026-04-21"
"4865","406","2026-05-01","700.59","4553.84","Paid","2026-05-02 00:00:00","2026-05-11 00:00:00","2026-05-16","2026-05-11"
"4866","406","2026-06-01","223.53","1229.41","Paid","2026-06-01 00:00:00","2026-06-14 00:00:00","2026-06-16","2026-06-14"
"4867","406","2026-07-01","880.92","4845.06","Paid","2026-07-01 00:00:00","2026-07-16 00:00:00","2026-07-16","2026-07-16"
"4868","406","2026-08-01","802.28","4412.54","Paid","2026-08-01 00:00:00","2026-08-15 00:00:00","2026-08-16","2026-08-15"
"4869","406","2026-09-01","82.38","535.47","Paid","2026-09-02 00:00:00","2026-09-16 00:00:00","2026-09-16","2026-09-16"
"4870","406","2026-10-01","557.39","4180.43","Pending","2026-10-02 00:00:00","2026-10-12 00:00:00","2026-10-16",""
"4871","406","2026-11-01","294.5","1914.25","Paid","2026-11-02 00:00:00","2026-11-11 00:00:00","2026-11-16","2026-11-11"
"4872","406","2026-12-01","134.89","741.89","Paid","2026-12-01 00:00:00","2026-12-16 00:00:00","2026-12-16","2026-12-16"
"4873","407","2026-01-01","490.94","2945.64","Paid","2026-01-02 00:00:00","2026-01-14 00:00:00","2026-01-16","2026-01-14"
"4874","407","2026-02-01","853.95","5123.7","Paid","2026-02-02 00:00:00","2026-02-13 00:00:00","2026-02-16","2026-02-13"
"4875","407","2026-03-01","537.87","3496.16","Paid","2026-03-03 00:00:00","2026-03-15 00:00:00","2026-03-16","2026-03-15"
"4876","407","2026-04-01","825.12","4538.16","Pending","2026-04-03 00:00:00","2026-04-13 00:00:00","2026-04-16",""
"4877","407","2026-05-01","213.99","1283.94","Paid","2026-05-01 00:00:00","2026-05-11 00:00:00","2026-05-16","2026-05-11"
"4878","407","2026-06-01","183.83","1011.07","Paid","2026-06-03 00:00:00","2026-06-15 00:00:00","2026-06-16","2026-06-15"
"4879","407","2026-07-01","466.09","3029.59","Overdue","2026-07-01 00:00:00","2026-07-26 00:00:00","2026-07-16","2026-07-26"
"4880","407","2026-08-01","611.23","4584.23","Pending","2026-08-03 00:00:00","2026-08-13 00:00:00","2026-08-16",""
"4881","407","2026-09-01","558.4","4188.0","Paid","2026-09-03 00:00:00","2026-09-15 00:00:00","2026-09-16","2026-09-15"
"4882","407","2026-10-01","112.89","790.23","Paid","2026-10-01 00:00:00","2026-10-13 00:00:00","2026-10-16","2026-10-13"
"4883","407","2026-11-01","424.17","2969.19","Paid","2026-11-01 00:00:00","2026-11-15 00:00:00","2026-11-16","2026-11-15"
"4884","407","2026-12-01","648.47","4863.53","Paid","2026-12-03 00:00:00","2026-12-13 00:00:00","2026-12-16","2026-12-13"
"4885","408","2026-01-01","660.25","3631.38","Paid","2026-01-02 00:00:00","2026-01-11 00:00:00","2026-01-16","2026-01-11"
"4886","408","2026-02-01","85.92","472.56","Overdue","2026-02-01 00:00:00","2026-02-19 00:00:00","2026-02-16","2026-02-19"
"4887","408","2026-03-01","739.04","4434.24","Pending","2026-03-02 00:00:00","2026-03-12 00:00:00","2026-03-16",""
"4888","408","2026-04-01","663.77","3650.73","Pending","2026-04-01 00:00:00","2026-04-11 00:00:00","2026-04-16",""
"4889","408","2026-05-01","424.26","2969.82","Paid","2026-05-01 00:00:00","2026-05-14 00:00:00","2026-05-16","2026-05-14"
"4890","408","2026-06-01","868.73","4778.02","Paid","2026-06-02 00:00:00","2026-06-15 00:00:00","2026-06-16","2026-06-15"
"4891","408","2026-07-01","406.77","2440.62","Paid","2026-07-02 00:00:00","2026-07-15 00:00:00","2026-07-16","2026-07-15"
"4892","408","2026-08-01","89.35","670.12","Overdue","2026-08-02 00:00:00","2026-08-23 00:00:00","2026-08-16","2026-08-23"
"4893","408","2026-09-01","645.57","4196.2","Paid","2026-09-03 00:00:00","2026-09-11 00:00:00","2026-09-16","2026-09-11"
"4894","408","2026-10-01","731.57","4755.2","Overdue","2026-10-02 00:00:00","2026-10-26 00:00:00","2026-10-16","2026-10-26"
"4895","408","2026-11-01","731.02","4386.12","Paid","2026-11-03 00:00:00","2026-11-12 00:00:00","2026-11-16","2026-11-12"
"4896","408","2026-12-01","754.72","4905.68","Pending","2026-12-03 00:00:00","2026-12-13 00:00:00","2026-12-16",""
"4897","409","2026-01-01","154.64","927.84","Paid","2026-01-03 00:00:00","2026-01-15 00:00:00","2026-01-16","2026-01-15"
"4898","409","2026-02-01","147.31","957.51","Pending","2026-02-01 00:00:00","2026-02-11 00:00:00","2026-02-16",""
"4899","409","2026-03-01","129.66","777.96","Paid","2026-03-03 00:00:00","2026-03-16 00:00:00","2026-03-16","2026-03-16"
"4900","409","2026-04-01","816.55","5715.85","Overdue","2026-04-03 00:00:00","2026-04-25 00:00:00","2026-04-16","2026-04-25"
"4901","409","2026-05-01","850.63","5954.41","Overdue","2026-05-03 00:00:00","2026-05-20 00:00:00","2026-05-16","2026-05-20"
"4902","409","2026-06-01","649.38","3896.28","Overdue","2026-06-02 00:00:00","2026-06-18 00:00:00","2026-06-16","2026-06-18"
"4903","409","2026-07-01","144.76","868.56","Overdue","2026-07-03 00:00:00","2026-07-19 00:00:00","2026-07-16","2026-07-19"
"4904","409","2026-08-01","172.06","946.33","Paid","2026-08-02 00:00:00","2026-08-15 00:00:00","2026-08-16","2026-08-15"
"4905","409","2026-09-01","439.25","2855.12","Paid","2026-09-02 00:00:00","2026-09-11 00:00:00","2026-09-16","2026-09-11"
"4906","409","2026-10-01","204.0","1122.0","Paid","2026-10-01 00:00:00","2026-10-13 00:00:00","2026-10-16","2026-10-13"
"4907","409","2026-11-01","550.29","4127.17","Paid","2026-11-03 00:00:00","2026-11-13 00:00:00","2026-11-16","2026-11-13"
"4908","409","2026-12-01","149.68","1122.6","Paid","2026-12-03 00:00:00","2026-12-13 00:00:00","2026-12-16","2026-12-13"
"4909","410","2026-01-01","362.58","1994.19","Paid","2026-01-02 00:00:00","2026-01-15 00:00:00","2026-01-16","2026-01-15"
"4910","410","2026-02-01","494.74","3215.81","Pending","2026-02-02 00:00:00","2026-02-12 00:00:00","2026-02-16",""
"4911","410","2026-03-01","804.45","5228.93","Overdue","2026-03-03 00:00:00","2026-03-18 00:00:00","2026-03-16","2026-03-18"
"4912","410","2026-04-01","187.98","1409.85","Overdue","2026-04-01 00:00:00","2026-04-23 00:00:00","2026-04-16","2026-04-23"
"4913","410","2026-05-01","239.51","1796.32","Overdue","2026-05-03 00:00:00","2026-05-26 00:00:00","2026-05-16","2026-05-26"
"4914","410","2026-06-01","633.38","4750.35","Overdue","2026-06-03 00:00:00","2026-06-19 00:00:00","2026-06-16","2026-06-19"
"4915","410","2026-07-01","507.99","2793.95","Paid","2026-07-03 00:00:00","2026-07-12 00:00:00","2026-07-16","2026-07-12"
"4916","410","2026-08-01","148.58","965.77","Overdue","2026-08-03 00:00:00","2026-08-24 00:00:00","2026-08-16","2026-08-24"
"4917","410","2026-09-01","328.88","2137.72","Paid","2026-09-03 00:00:00","2026-09-14 00:00:00","2026-09-16","2026-09-14"
"4918","410","2026-10-01","812.39","5686.73","Paid","2026-10-03 00:00:00","2026-10-14 00:00:00","2026-10-16","2026-10-14"
"4919","410","2026-11-01","366.4","2015.2","Overdue","2026-11-01 00:00:00","2026-11-18 00:00:00","2026-11-16","2026-11-18"
"4920","410","2026-12-01","358.09","2148.54","Overdue","2026-12-02 00:00:00","2026-12-21 00:00:00","2026-12-16","2026-12-21"
"4921","411","2026-01-01","263.57","1844.99","Overdue","2026-01-03 00:00:00","2026-01-20 00:00:00","2026-01-16","2026-01-20"
"4922","411","2026-02-01","831.78","4574.79","Pending","2026-02-02 00:00:00","2026-02-12 00:00:00","2026-02-16",""
"4923","411","2026-03-01","837.48","6281.1","Overdue","2026-03-02 00:00:00","2026-03-25 00:00:00","2026-03-16","2026-03-25"
"4924","411","2026-04-01","536.64","3756.48","Overdue","2026-04-02 00:00:00","2026-04-22 00:00:00","2026-04-16","2026-04-22"
"4925","411","2026-05-01","224.37","1682.78","Overdue","2026-05-02 00:00:00","2026-05-25 00:00:00","2026-05-16","2026-05-25"
"4926","411","2026-06-01","433.14","2815.41","Pending","2026-06-01 00:00:00","2026-06-11 00:00:00","2026-06-16",""
"4927","411","2026-07-01","792.36","4357.98","Paid","2026-07-02 00:00:00","2026-07-13 00:00:00","2026-07-16","2026-07-13"
"4928","411","2026-08-01","449.98","2699.88","Pending","2026-08-02 00:00:00","2026-08-12 00:00:00","2026-08-16",""
"4929","411","2026-09-01","716.4","4298.4","Paid","2026-09-02 00:00:00","2026-09-15 00:00:00","2026-09-16","2026-09-15"
"4930","411","2026-10-01","795.0","5167.5","Paid","2026-10-03 00:00:00","2026-10-13 00:00:00","2026-10-16","2026-10-13"
"4931","411","2026-11-01","653.61","3594.86","Pending","2026-11-02 00:00:00","2026-11-12 00:00:00","2026-11-16",""
"4932","411","2026-12-01","872.94","6547.05","Paid","2026-12-02 00:00:00","2026-12-15 00:00:00","2026-12-16","2026-12-15"
"4933","412","2026-01-01","379.14","2843.55","Paid","2026-01-01 00:00:00","2026-01-15 00:00:00","2026-01-16","2026-01-15"
"4934","412","2026-02-01","572.19","4005.33","Paid","2026-02-02 00:00:00","2026-02-16 00:00:00","2026-02-16","2026-02-16"
"4935","412","2026-03-01","323.04","2422.8","Paid","2026-03-03 00:00:00","2026-03-12 00:00:00","2026-03-16","2026-03-12"
"4936","412","2026-04-01","164.96","1154.72","Overdue","2026-04-03 00:00:00","2026-04-24 00:00:00","2026-04-16","2026-04-24"
"4937","412","2026-05-01","443.81","3328.57","Paid","2026-05-02 00:00:00","2026-05-14 00:00:00","2026-05-16","2026-05-14"
"4938","412","2026-06-01","127.24","954.3","Overdue","2026-06-02 00:00:00","2026-06-21 00:00:00","2026-06-16","2026-06-21"
"4939","412","2026-07-01","545.88","3548.22","Paid","2026-07-03 00:00:00","2026-07-12 00:00:00","2026-07-16","2026-07-12"
"4940","412","2026-08-01","607.68","3949.92","Paid","2026-08-01 00:00:00","2026-08-11 00:00:00","2026-08-16","2026-08-11"
"4941","412","2026-09-01","696.75","4528.88","Paid","2026-09-01 00:00:00","2026-09-14 00:00:00","2026-09-16","2026-09-14"
"4942","412","2026-10-01","252.63","1768.41","Paid","2026-10-03 00:00:00","2026-10-14 00:00:00","2026-10-16","2026-10-14"
"4943","412","2026-11-01","861.22","6459.15","Overdue","2026-11-02 00:00:00","2026-11-21 00:00:00","2026-11-16","2026-11-21"
"4944","412","2026-12-01","731.25","5484.38","Overdue","2026-12-01 00:00:00","2026-12-21 00:00:00","2026-12-16","2026-12-21"
"4945","413","2026-01-01","294.86","2064.02","Pending","2026-01-01 00:00:00","2026-01-11 00:00:00","2026-01-16",""
"4946","413","2026-02-01","392.5","2747.5","Paid","2026-02-01 00:00:00","2026-02-13 00:00:00","2026-02-16","2026-02-13"
"4947","413","2026-03-01","160.61","963.66","Paid","2026-03-02 00:00:00","2026-03-16 00:00:00","2026-03-16","2026-03-16"
"4948","413","2026-04-01","761.91","5714.32","Paid","2026-04-03 00:00:00","2026-04-12 00:00:00","2026-04-16","2026-04-12"
"4949","413","2026-05-01","81.03","445.67","Paid","2026-05-01 00:00:00","2026-05-13 00:00:00","2026-05-16","2026-05-13"
"4950","413","2026-06-01","89.67","627.69","Paid","2026-06-03 00:00:00","2026-06-16 00:00:00","2026-06-16","2026-06-16"
"4951","413","2026-07-01","252.09","1890.67","Paid","2026-07-02 00:00:00","2026-07-16 00:00:00","2026-07-16","2026-07-16"
"4952","413","2026-08-01","337.31","1855.2","Paid","2026-08-02 00:00:00","2026-08-12 00:00:00","2026-08-16","2026-08-12"
"4953","413","2026-09-01","671.83","3695.07","Pending","2026-09-02 00:00:00","2026-09-12 00:00:00","2026-09-16",""
"4954","413","2026-10-01","605.93","4241.51","Paid","2026-10-02 00:00:00","2026-10-13 00:00:00","2026-10-16","2026-10-13"
"4955","413","2026-11-01","712.02","3916.11","Paid","2026-11-01 00:00:00","2026-11-15 00:00:00","2026-11-16","2026-11-15"
"4956","413","2026-12-01","488.51","2686.8","Pending","2026-12-02 00:00:00","2026-12-12 00:00:00","2026-12-16",""
"4957","414","2026-01-01","691.3","5184.75","Pending","2026-01-01 00:00:00","2026-01-11 00:00:00","2026-01-16",""
"4958","414","2026-02-01","164.7","1070.55","Overdue","2026-02-01 00:00:00","2026-02-19 00:00:00","2026-02-16","2026-02-19"
"4959","414","2026-03-01","205.73","1542.97","Paid","2026-03-01 00:00:00","2026-03-16 00:00:00","2026-03-16","2026-03-16"
"4960","414","2026-04-01","235.17","1411.02","Paid","2026-04-02 00:00:00","2026-04-16 00:00:00","2026-04-16","2026-04-16"
"4961","414","2026-05-01","805.17","4831.02","Paid","2026-05-02 00:00:00","2026-05-16 00:00:00","2026-05-16","2026-05-16"
"4962","414","2026-06-01","364.55","2369.58","Overdue","2026-06-03 00:00:00","2026-06-26 00:00:00","2026-06-16","2026-06-26"
"4963","414","2026-07-01","84.39","590.73","Paid","2026-07-03 00:00:00","2026-07-11 00:00:00","2026-07-16","2026-07-11"
"4964","414","2026-08-01","843.66","5061.96","Pending","2026-08-02 00:00:00","2026-08-12 00:00:00","2026-08-16",""
"4965","414","2026-09-01","689.66","4482.79","Paid","2026-09-03 00:00:00","2026-09-15 00:00:00","2026-09-16","2026-09-15"
"4966","414","2026-10-01","138.72","901.68","Paid","2026-10-01 00:00:00","2026-10-14 00:00:00","2026-10-16","2026-10-14"
"4967","414","2026-11-01","247.3","1731.1","Paid","2026-11-01 00:00:00","2026-11-11 00:00:00","2026-11-16","2026-11-11"
"4968","414","2026-12-01","459.39","3445.42","Pending","2026-12-03 00:00:00","2026-12-13 00:00:00","2026-12-16",""
"4969","415","2026-01-01","334.93","2511.97","Pending","2026-01-03 00:00:00","2026-01-13 00:00:00","2026-01-16",""
"4970","415","2026-02-01","840.7","5044.2","Overdue","2026-02-01 00:00:00","2026-02-22 00:00:00","2026-02-16","2026-02-22"
"4971","415","2026-03-01","354.36","2126.16","Overdue","2026-03-01 00:00:00","2026-03-18 00:00:00","2026-03-16","2026-03-18"
"4972","415","2026-04-01","401.32","2608.58","Overdue","2026-04-02 00:00:00","2026-04-20 00:00:00","2026-04-16","2026-04-20"
"4973","415","2026-05-01","635.71","3496.41","Paid","2026-05-02 00:00:00","2026-05-13 00:00:00","2026-05-16","2026-05-13"
"4974","415","2026-06-01","237.78","1783.35","Overdue","2026-06-02 00:00:00","2026-06-26 00:00:00","2026-06-16","2026-06-26"
"4975","415","2026-07-01","633.4","3800.4","Paid","2026-07-03 00:00:00","2026-07-16 00:00:00","2026-07-16","2026-07-16"
"4976","415","2026-08-01","743.37","4831.9","Paid","2026-08-03 00:00:00","2026-08-15 00:00:00","2026-08-16","2026-08-15"
"4977","415","2026-09-01","435.11","2828.22","Overdue","2026-09-01 00:00:00","2026-09-24 00:00:00","2026-09-16","2026-09-24"
"4978","415","2026-10-01","85.21","639.07","Paid","2026-10-01 00:00:00","2026-10-12 00:00:00","2026-10-16","2026-10-12"
"4979","415","2026-11-01","87.29","567.38","Overdue","2026-11-02 00:00:00","2026-11-23 00:00:00","2026-11-16","2026-11-23"
"4980","415","2026-12-01","720.05","4320.3","Paid","2026-12-01 00:00:00","2026-12-14 00:00:00","2026-12-16","2026-12-14"
"4981","416","2026-01-01","673.01","4711.07","Paid","2026-01-03 00:00:00","2026-01-16 00:00:00","2026-01-16","2026-01-16"
"4982","416","2026-02-01","554.45","3603.93","Paid","2026-02-01 00:00:00","2026-02-12 00:00:00","2026-02-16","2026-02-12"
"4983","416","2026-03-01","828.54","5385.51","Paid","2026-03-01 00:00:00","2026-03-16 00:00:00","2026-03-16","2026-03-16"
"4984","416","2026-04-01","292.99","2197.43","Overdue","2026-04-03 00:00:00","2026-04-18 00:00:00","2026-04-16","2026-04-18"
"4985","416","2026-05-01","265.09","1590.54","Paid","2026-05-03 00:00:00","2026-05-11 00:00:00","2026-05-16","2026-05-11"
"4986","416","2026-06-01","155.8","1090.6","Paid","2026-06-03 00:00:00","2026-06-14 00:00:00","2026-06-16","2026-06-14"
"4987","416","2026-07-01","508.04","3556.28","Paid","2026-07-01 00:00:00","2026-07-11 00:00:00","2026-07-16","2026-07-11"
"4988","416","2026-08-01","420.02","3150.15","Paid","2026-08-01 00:00:00","2026-08-16 00:00:00","2026-08-16","2026-08-16"
"4989","416","2026-09-01","643.87","4829.02","Pending","2026-09-03 00:00:00","2026-09-13 00:00:00","2026-09-16",""
"4990","416","2026-10-01","890.47","6233.29","Paid","2026-10-02 00:00:00","2026-10-11 00:00:00","2026-10-16","2026-10-11"
"4991","416","2026-11-01","670.94","4361.11","Paid","2026-11-02 00:00:00","2026-11-13 00:00:00","2026-11-16","2026-11-13"
"4992","416","2026-12-01","575.16","3163.38","Paid","2026-12-01 00:00:00","2026-12-16 00:00:00","2026-12-16","2026-12-16"
"4993","417","2026-01-01","376.54","2447.51","Paid","2026-01-03 00:00:00","2026-01-11 00:00:00","2026-01-16","2026-01-11"
"4994","417","2026-02-01","772.01","5790.07","Overdue","2026-02-01 00:00:00","2026-02-21 00:00:00","2026-02-16","2026-02-21"
"4995","417","2026-03-01","582.23","3493.38","Paid","2026-03-01 00:00:00","2026-03-11 00:00:00","2026-03-16","2026-03-11"
"4996","417","2026-04-01","575.41","4027.87","Pending","2026-04-03 00:00:00","2026-04-13 00:00:00","2026-04-16",""
"4997","417","2026-05-01","652.38","3588.09","Paid","2026-05-01 00:00:00","2026-05-13 00:00:00","2026-05-16","2026-05-13"
"4998","417","2026-06-01","542.35","3254.1","Paid","2026-06-02 00:00:00","2026-06-15 00:00:00","2026-06-16","2026-06-15"
"4999","417","2026-07-01","424.54","2971.78","Paid","2026-07-01 00:00:00","2026-07-16 00:00:00","2026-07-16","2026-07-16"
"5000","417","2026-08-01","653.72","4576.04","Paid","2026-08-03 00:00:00","2026-08-16 00:00:00","2026-08-16","2026-08-16"
"5001","417","2026-09-01","838.0","5028.0","Pending","2026-09-01 00:00:00","2026-09-11 00:00:00","2026-09-16",""
"5002","417","2026-10-01","359.47","2156.82","Overdue","2026-10-01 00:00:00","2026-10-21 00:00:00","2026-10-16","2026-10-21"
"5003","417","2026-11-01","872.83","5236.98","Paid","2026-11-02 00:00:00","2026-11-15 00:00:00","2026-11-16","2026-11-15"
"5004","417","2026-12-01","790.88","4349.84","Pending","2026-12-02 00:00:00","2026-12-12 00:00:00","2026-12-16",""
"5005","418","2026-01-01","763.19","5342.33","Paid","2026-01-03 00:00:00","2026-01-14 00:00:00","2026-01-16","2026-01-14"
"5006","418","2026-02-01","634.84","4443.88","Pending","2026-02-03 00:00:00","2026-02-13 00:00:00","2026-02-16",""
"5007","418","2026-03-01","778.01","5835.07","Paid","2026-03-03 00:00:00","2026-03-12 00:00:00","2026-03-16","2026-03-12"
"5008","418","2026-04-01","165.79","994.74","Pending","2026-04-03 00:00:00","2026-04-13 00:00:00","2026-04-16",""
"5009","418","2026-05-01","256.54","1410.97","Pending","2026-05-02 00:00:00","2026-05-12 00:00:00","2026-05-16",""
"5010","418","2026-06-01","467.53","2805.18","Paid","2026-06-01 00:00:00","2026-06-11 00:00:00","2026-06-16","2026-06-11"
"5011","418","2026-07-01","478.49","2870.94","Paid","2026-07-03 00:00:00","2026-07-12 00:00:00","2026-07-16","2026-07-12"
"5012","418","2026-08-01","159.73","1038.24","Pending","2026-08-02 00:00:00","2026-08-12 00:00:00","2026-08-16",""
"5013","418","2026-09-01","387.18","2710.26","Paid","2026-09-02 00:00:00","2026-09-13 00:00:00","2026-09-16","2026-09-13"
"5014","418","2026-10-01","859.56","6446.7","Pending","2026-10-03 00:00:00","2026-10-13 00:00:00","2026-10-16",""
"5015","418","2026-11-01","664.84","3656.62","Paid","2026-11-03 00:00:00","2026-11-15 00:00:00","2026-11-16","2026-11-15"
"5016","418","2026-12-01","726.42","4721.73","Pending","2026-12-01 00:00:00","2026-12-11 00:00:00","2026-12-16",""
"5017","419","2026-01-01","259.97","1819.79","Paid","2026-01-02 00:00:00","2026-01-14 00:00:00","2026-01-16","2026-01-14"
"5018","419","2026-02-01","184.36","1106.16","Pending","2026-02-01 00:00:00","2026-02-11 00:00:00","2026-02-16",""
"5019","419","2026-03-01","591.96","3847.74","Paid","2026-03-03 00:00:00","2026-03-16 00:00:00","2026-03-16","2026-03-16"
"5020","419","2026-04-01","384.61","2692.27","Paid","2026-04-01 00:00:00","2026-04-16 00:00:00","2026-04-16","2026-04-16"
"5021","419","2026-05-01","636.4","3818.4","Paid","2026-05-01 00:00:00","2026-05-12 00:00:00","2026-05-16","2026-05-12"
"5022","419","2026-06-01","537.21","3760.47","Paid","2026-06-01 00:00:00","2026-06-12 00:00:00","2026-06-16","2026-06-12"
"5023","419","2026-07-01","204.69","1228.14","Paid","2026-07-03 00:00:00","2026-07-11 00:00:00","2026-07-16","2026-07-11"
"5024","419","2026-08-01","200.09","1300.59","Paid","2026-08-03 00:00:00","2026-08-12 00:00:00","2026-08-16","2026-08-12"
"5025","419","2026-09-01","490.82","2944.92","Paid","2026-09-02 00:00:00","2026-09-16 00:00:00","2026-09-16","2026-09-16"
"5026","419","2026-10-01","384.39","2306.34","Paid","2026-10-02 00:00:00","2026-10-13 00:00:00","2026-10-16","2026-10-13"
"5027","419","2026-11-01","555.28","3886.96","Pending","2026-11-02 00:00:00","2026-11-12 00:00:00","2026-11-16",""
"5028","419","2026-12-01","739.27","4805.26","Pending","2026-12-03 00:00:00","2026-12-13 00:00:00","2026-12-16",""
"5029","420","2026-01-01","763.74","4964.31","Paid","2026-01-02 00:00:00","2026-01-13 00:00:00","2026-01-16","2026-01-13"
"5030","420","2026-02-01","85.68","471.24","Paid","2026-02-01 00:00:00","2026-02-16 00:00:00","2026-02-16","2026-02-16"
"5031","420","2026-03-01","881.49","6611.18","Paid","2026-03-03 00:00:00","2026-03-14 00:00:00","2026-03-16","2026-03-14"
"5032","420","2026-04-01","874.44","6121.08","Pending","2026-04-02 00:00:00","2026-04-12 00:00:00","2026-04-16",""
"5033","420","2026-05-01","188.27","1035.49","Paid","2026-05-03 00:00:00","2026-05-16 00:00:00","2026-05-16","2026-05-16"
"5034","420","2026-06-01","835.3","5847.1","Paid","2026-06-01 00:00:00","2026-06-14 00:00:00","2026-06-16","2026-06-14"
"5035","420","2026-07-01","899.39","5846.03","Overdue","2026-07-02 00:00:00","2026-07-17 00:00:00","2026-07-16","2026-07-17"
"5036","420","2026-08-01","734.29","4772.89","Pending","2026-08-01 00:00:00","2026-08-11 00:00:00","2026-08-16",""
"5037","420","2026-09-01","610.56","3663.36","Paid","2026-09-02 00:00:00","2026-09-16 00:00:00","2026-09-16","2026-09-16"
"5038","420","2026-10-01","816.29","5305.89","Paid","2026-10-03 00:00:00","2026-10-11 00:00:00","2026-10-16","2026-10-11"
"5039","420","2026-11-01","114.34","743.21","Pending","2026-11-02 00:00:00","2026-11-12 00:00:00","2026-11-16",""
"5040","420","2026-12-01","181.15","1358.62","Paid","2026-12-02 00:00:00","2026-12-16 00:00:00","2026-12-16","2026-12-16"
"5041","421","2026-01-01","836.39","5854.73","Pending","2026-01-02 00:00:00","2026-01-12 00:00:00","2026-01-16",""
"5042","421","2026-02-01","463.97","3247.79","Paid","2026-02-02 00:00:00","2026-02-14 00:00:00","2026-02-16","2026-02-14"
"5043","421","2026-03-01","172.86","1296.45","Paid","2026-03-02 00:00:00","2026-03-16 00:00:00","2026-03-16","2026-03-16"
"5044","421","2026-04-01","563.66","3945.62","Overdue","2026-04-03 00:00:00","2026-04-18 00:00:00","2026-04-16","2026-04-18"
"5045","421","2026-05-01","420.91","2315.01","Paid","2026-05-01 00:00:00","2026-05-15 00:00:00","2026-05-16","2026-05-15"
"5046","421","2026-06-01","626.09","4069.59","Paid","2026-06-01 00:00:00","2026-06-15 00:00:00","2026-06-16","2026-06-15"
"5047","421","2026-07-01","347.66","1912.13","Paid","2026-07-03 00:00:00","2026-07-15 00:00:00","2026-07-16","2026-07-15"
"5048","421","2026-08-01","465.67","2794.02","Paid","2026-08-01 00:00:00","2026-08-12 00:00:00","2026-08-16","2026-08-12"
"5049","421","2026-09-01","289.91","2029.37","Pending","2026-09-02 00:00:00","2026-09-12 00:00:00","2026-09-16",""
"5050","421","2026-10-01","748.1","4862.65","Paid","2026-10-03 00:00:00","2026-10-13 00:00:00","2026-10-16","2026-10-13"
"5051","421","2026-11-01","175.39","1140.03","Paid","2026-11-01 00:00:00","2026-11-16 00:00:00","2026-11-16","2026-11-16"
"5052","421","2026-12-01","896.34","6722.55","Pending","2026-12-01 00:00:00","2026-12-11 00:00:00","2026-12-16",""
"5053","422","2026-01-01","603.28","4524.6","Paid","2026-01-03 00:00:00","2026-01-11 00:00:00","2026-01-16","2026-01-11"
"5054","422","2026-02-01","770.84","4239.62","Paid","2026-02-02 00:00:00","2026-02-11 00:00:00","2026-02-16","2026-02-11"
"5055","422","2026-03-01","319.1","2074.15","Overdue","2026-03-03 00:00:00","2026-03-21 00:00:00","2026-03-16","2026-03-21"
"5056","422","2026-04-01","723.39","4340.34","Pending","2026-04-01 00:00:00","2026-04-11 00:00:00","2026-04-16",""
"5057","422","2026-05-01","396.31","2576.01","Paid","2026-05-03 00:00:00","2026-05-15 00:00:00","2026-05-16","2026-05-15"
"5058","422","2026-06-01","340.38","1872.09","Paid","2026-06-03 00:00:00","2026-06-12 00:00:00","2026-06-16","2026-06-12"
"5059","422","2026-07-01","190.89","1431.67","Overdue","2026-07-03 00:00:00","2026-07-20 00:00:00","2026-07-16","2026-07-20"
"5060","422","2026-08-01","480.66","2643.63","Paid","2026-08-01 00:00:00","2026-08-12 00:00:00","2026-08-16","2026-08-12"
"5061","422","2026-09-01","842.6","5476.9","Paid","2026-09-02 00:00:00","2026-09-11 00:00:00","2026-09-16","2026-09-11"
"5062","422","2026-10-01","412.67","2269.68","Paid","2026-10-02 00:00:00","2026-10-14 00:00:00","2026-10-16","2026-10-14"
"5063","422","2026-11-01","735.56","4413.36","Paid","2026-11-01 00:00:00","2026-11-12 00:00:00","2026-11-16","2026-11-12"
"5064","422","2026-12-01","197.42","1381.94","Pending","2026-12-03 00:00:00","2026-12-13 00:00:00","2026-12-16",""
"5065","423","2026-01-01","228.75","1486.88","Overdue","2026-01-02 00:00:00","2026-01-25 00:00:00","2026-01-16","2026-01-25"
"5066","423","2026-02-01","108.42","813.15","Pending","2026-02-03 00:00:00","2026-02-13 00:00:00","2026-02-16",""
"5067","423","2026-03-01","471.02","3532.65","Paid","2026-03-03 00:00:00","2026-03-11 00:00:00","2026-03-16","2026-03-11"
"5068","423","2026-04-01","519.86","3379.09","Pending","2026-04-03 00:00:00","2026-04-13 00:00:00","2026-04-16",""
"5069","423","2026-05-01","429.48","2576.88","Paid","2026-05-03 00:00:00","2026-05-12 00:00:00","2026-05-16","2026-05-12"
"5070","423","2026-06-01","478.98","3592.35","Paid","2026-06-03 00:00:00","2026-06-16 00:00:00","2026-06-16","2026-06-16"
"5071","423","2026-07-01","184.13","1380.97","Paid","2026-07-01 00:00:00","2026-07-11 00:00:00","2026-07-16","2026-07-11"
"5072","423","2026-08-01","519.19","2855.55","Overdue","2026-08-02 00:00:00","2026-08-24 00:00:00","2026-08-16","2026-08-24"
"5073","423","2026-09-01","155.89","1091.23","Paid","2026-09-03 00:00:00","2026-09-11 00:00:00","2026-09-16","2026-09-11"
"5074","423","2026-10-01","507.62","3553.34","Paid","2026-10-03 00:00:00","2026-10-11 00:00:00","2026-10-16","2026-10-11"
"5075","423","2026-11-01","350.52","1927.86","Paid","2026-11-02 00:00:00","2026-11-15 00:00:00","2026-11-16","2026-11-15"
"5076","423","2026-12-01","369.86","2034.23","Overdue","2026-12-02 00:00:00","2026-12-21 00:00:00","2026-12-16","2026-12-21"
"5077","424","2026-01-01","447.99","3359.93","Overdue","2026-01-02 00:00:00","2026-01-23 00:00:00","2026-01-16","2026-01-23"
"5078","424","2026-02-01","380.39","2282.34","Paid","2026-02-03 00:00:00","2026-02-13 00:00:00","2026-02-16","2026-02-13"
"5079","424","2026-03-01","748.59","4117.24","Paid","2026-03-03 00:00:00","2026-03-15 00:00:00","2026-03-16","2026-03-15"
"5080","424","2026-04-01","697.82","4884.74","Overdue","2026-04-02 00:00:00","2026-04-20 00:00:00","2026-04-16","2026-04-20"
"5081","424","2026-05-01","411.92","2677.48","Paid","2026-05-03 00:00:00","2026-05-14 00:00:00","2026-05-16","2026-05-14"
"5082","424","2026-06-01","838.63","6289.73","Pending","2026-06-01 00:00:00","2026-06-11 00:00:00","2026-06-16",""
"5083","424","2026-07-01","328.92","2302.44","Pending","2026-07-02 00:00:00","2026-07-12 00:00:00","2026-07-16",""
"5084","424","2026-08-01","308.38","2004.47","Paid","2026-08-02 00:00:00","2026-08-14 00:00:00","2026-08-16","2026-08-14"
"5085","424","2026-09-01","344.52","1894.86","Paid","2026-09-03 00:00:00","2026-09-12 00:00:00","2026-09-16","2026-09-12"
"5086","424","2026-10-01","557.93","4184.47","Paid","2026-10-02 00:00:00","2026-10-16 00:00:00","2026-10-16","2026-10-16"
"5087","424","2026-11-01","498.21","3736.57","Paid","2026-11-02 00:00:00","2026-11-14 00:00:00","2026-11-16","2026-11-14"
"5088","424","2026-12-01","526.73","3950.48","Overdue","2026-12-03 00:00:00","2026-12-23 00:00:00","2026-12-16","2026-12-23"
"5089","425","2026-01-01","435.11","2610.66","Pending","2026-01-03 00:00:00","2026-01-13 00:00:00","2026-01-16",""
"5090","425","2026-02-01","436.48","2400.64","Overdue","2026-02-03 00:00:00","2026-02-25 00:00:00","2026-02-16","2026-02-25"
"5091","425","2026-03-01","100.92","756.9","Paid","2026-03-02 00:00:00","2026-03-16 00:00:00","2026-03-16","2026-03-16"
"5092","425","2026-04-01","451.01","2931.57","Paid","2026-04-03 00:00:00","2026-04-13 00:00:00","2026-04-16","2026-04-13"
"5093","425","2026-05-01","212.55","1381.58","Paid","2026-05-03 00:00:00","2026-05-14 00:00:00","2026-05-16","2026-05-14"
"5094","425","2026-06-01","698.56","4889.92","Paid","2026-06-03 00:00:00","2026-06-11 00:00:00","2026-06-16","2026-06-11"
"5095","425","2026-07-01","692.22","5191.65","Paid","2026-07-03 00:00:00","2026-07-16 00:00:00","2026-07-16","2026-07-16"
"5096","425","2026-08-01","195.15","1268.48","Overdue","2026-08-03 00:00:00","2026-08-21 00:00:00","2026-08-16","2026-08-21"
"5097","425","2026-09-01","560.89","4206.68","Paid","2026-09-03 00:00:00","2026-09-14 00:00:00","2026-09-16","2026-09-14"
"5098","425","2026-10-01","270.8","1895.6","Paid","2026-10-01 00:00:00","2026-10-15 00:00:00","2026-10-16","2026-10-15"
"5099","425","2026-11-01","268.53","2013.97","Overdue","2026-11-01 00:00:00","2026-11-20 00:00:00","2026-11-16","2026-11-20"
"5100","425","2026-12-01","722.55","5057.85","Overdue","2026-12-02 00:00:00","2026-12-25 00:00:00","2026-12-16","2026-12-25"
"5101","426","2026-01-01","464.68","3252.76","Overdue","2026-01-01 00:00:00","2026-01-20 00:00:00","2026-01-16","2026-01-20"
"5102","426","2026-02-01","81.96","532.74","Paid","2026-02-02 00:00:00","2026-02-13 00:00:00","2026-02-16","2026-02-13"
"5103","426","2026-03-01","844.3","6332.25","Paid","2026-03-01 00:00:00","2026-03-13 00:00:00","2026-03-16","2026-03-13"
"5104","426","2026-04-01","767.61","5757.07","Paid","2026-04-03 00:00:00","2026-04-15 00:00:00","2026-04-16","2026-04-15"
"5105","426","2026-05-01","812.07","6090.53","Pending","2026-05-03 00:00:00","2026-05-13 00:00:00","2026-05-16",""
"5106","426","2026-06-01","593.38","3560.28","Pending","2026-06-03 00:00:00","2026-06-13 00:00:00","2026-06-16",""
"5107","426","2026-07-01","395.98","2375.88","Overdue","2026-07-03 00:00:00","2026-07-19 00:00:00","2026-07-16","2026-07-19"
"5108","426","2026-08-01","638.36","3830.16","Paid","2026-08-01 00:00:00","2026-08-14 00:00:00","2026-08-16","2026-08-14"
"5109","426","2026-09-01","346.32","2251.08","Pending","2026-09-01 00:00:00","2026-09-11 00:00:00","2026-09-16",""
"5110","426","2026-10-01","857.72","6432.9","Paid","2026-10-03 00:00:00","2026-10-16 00:00:00","2026-10-16","2026-10-16"
"5111","426","2026-11-01","753.71","4522.26","Paid","2026-11-02 00:00:00","2026-11-11 00:00:00","2026-11-16","2026-11-11"
"5112","426","2026-12-01","546.11","4095.83","Paid","2026-12-01 00:00:00","2026-12-12 00:00:00","2026-12-16","2026-12-12"
"5113","427","2026-01-01","505.52","3285.88","Paid","2026-01-01 00:00:00","2026-01-12 00:00:00","2026-01-16","2026-01-12"
"5114","427","2026-02-01","747.85","4487.1","Paid","2026-02-01 00:00:00","2026-02-15 00:00:00","2026-02-16","2026-02-15"
"5115","427","2026-03-01","391.84","2938.8","Overdue","2026-03-02 00:00:00","2026-03-26 00:00:00","2026-03-16","2026-03-26"
"5116","427","2026-04-01","339.79","2208.64","Paid","2026-04-03 00:00:00","2026-04-13 00:00:00","2026-04-16","2026-04-13"
"5117","427","2026-05-01","753.91","4523.46","Overdue","2026-05-02 00:00:00","2026-05-17 00:00:00","2026-05-16","2026-05-17"
"5118","427","2026-06-01","735.43","4044.86","Paid","2026-06-01 00:00:00","2026-06-14 00:00:00","2026-06-16","2026-06-14"
"5119","427","2026-07-01","812.02","4872.12","Paid","2026-07-02 00:00:00","2026-07-12 00:00:00","2026-07-16","2026-07-12"
"5120","427","2026-08-01","622.88","4360.16","Pending","2026-08-01 00:00:00","2026-08-11 00:00:00","2026-08-16",""
"5121","427","2026-09-01","604.64","4534.8","Pending","2026-09-02 00:00:00","2026-09-12 00:00:00","2026-09-16",""
"5122","427","2026-10-01","666.17","4663.19","Paid","2026-10-02 00:00:00","2026-10-13 00:00:00","2026-10-16","2026-10-13"
"5123","427","2026-11-01","715.12","5005.84","Paid","2026-11-03 00:00:00","2026-11-12 00:00:00","2026-11-16","2026-11-12"
"5124","427","2026-12-01","270.65","2029.87","Paid","2026-12-03 00:00:00","2026-12-12 00:00:00","2026-12-16","2026-12-12"
"5125","428","2026-01-01","143.66","1077.45","Paid","2026-01-01 00:00:00","2026-01-16 00:00:00","2026-01-16","2026-01-16"
"5126","428","2026-02-01","273.17","2048.78","Paid","2026-02-03 00:00:00","2026-02-12 00:00:00","2026-02-16","2026-02-12"
"5127","428","2026-03-01","169.07","1014.42","Paid","2026-03-01 00:00:00","2026-03-14 00:00:00","2026-03-16","2026-03-14"
"5128","428","2026-04-01","381.03","2095.66","Overdue","2026-04-02 00:00:00","2026-04-19 00:00:00","2026-04-16","2026-04-19"
"5129","428","2026-05-01","504.88","3281.72","Paid","2026-05-03 00:00:00","2026-05-12 00:00:00","2026-05-16","2026-05-12"
"5130","428","2026-06-01","207.76","1246.56","Overdue","2026-06-01 00:00:00","2026-06-19 00:00:00","2026-06-16","2026-06-19"
"5131","428","2026-07-01","441.83","2430.07","Paid","2026-07-01 00:00:00","2026-07-11 00:00:00","2026-07-16","2026-07-11"
"5132","428","2026-08-01","620.47","3412.59","Paid","2026-08-02 00:00:00","2026-08-14 00:00:00","2026-08-16","2026-08-14"
"5133","428","2026-09-01","643.19","3859.14","Paid","2026-09-01 00:00:00","2026-09-15 00:00:00","2026-09-16","2026-09-15"
"5134","428","2026-10-01","888.48","5330.88","Paid","2026-10-01 00:00:00","2026-10-16 00:00:00","2026-10-16","2026-10-16"
"5135","428","2026-11-01","851.11","5957.77","Pending","2026-11-02 00:00:00","2026-11-12 00:00:00","2026-11-16",""
"5136","428","2026-12-01","528.29","3433.88","Paid","2026-12-02 00:00:00","2026-12-12 00:00:00","2026-12-16","2026-12-12"
"5137","429","2026-01-01","310.37","2327.78","Paid","2026-01-03 00:00:00","2026-01-16 00:00:00","2026-01-16","2026-01-16"
"5138","429","2026-02-01","580.84","4356.3","Paid","2026-02-03 00:00:00","2026-02-16 00:00:00","2026-02-16","2026-02-16"
"5139","429","2026-03-01","326.53","1959.18","Pending","2026-03-01 00:00:00","2026-03-11 00:00:00","2026-03-16",""
"5140","429","2026-04-01","806.21","6046.58","Paid","2026-04-01 00:00:00","2026-04-12 00:00:00","2026-04-16","2026-04-12"
"5141","429","2026-05-01","157.22","1021.93","Paid","2026-05-02 00:00:00","2026-05-15 00:00:00","2026-05-16","2026-05-15"
"5142","429","2026-06-01","181.94","1182.61","Paid","2026-06-03 00:00:00","2026-06-16 00:00:00","2026-06-16","2026-06-16"
"5143","429","2026-07-01","247.96","1363.78","Overdue","2026-07-02 00:00:00","2026-07-18 00:00:00","2026-07-16","2026-07-18"
"5144","429","2026-08-01","398.59","2590.84","Paid","2026-08-01 00:00:00","2026-08-12 00:00:00","2026-08-16","2026-08-12"
"5145","429","2026-09-01","475.68","3329.76","Overdue","2026-09-03 00:00:00","2026-09-24 00:00:00","2026-09-16","2026-09-24"
"5146","429","2026-10-01","340.55","1873.03","Paid","2026-10-01 00:00:00","2026-10-11 00:00:00","2026-10-16","2026-10-11"
"5147","429","2026-11-01","799.72","4798.32","Paid","2026-11-01 00:00:00","2026-11-15 00:00:00","2026-11-16","2026-11-15"
"5148","429","2026-12-01","506.87","3548.09","Pending","2026-12-01 00:00:00","2026-12-11 00:00:00","2026-12-16",""
"5149","430","2026-01-01","869.58","6521.85","Pending","2026-01-01 00:00:00","2026-01-11 00:00:00","2026-01-16",""
"5150","430","2026-02-01","275.7","1929.9","Paid","2026-02-01 00:00:00","2026-02-15 00:00:00","2026-02-16","2026-02-15"
"5151","430","2026-03-01","716.12","4296.72","Paid","2026-03-03 00:00:00","2026-03-11 00:00:00","2026-03-16","2026-03-11"
"5152","430","2026-04-01","615.05","3382.77","Paid","2026-04-01 00:00:00","2026-04-12 00:00:00","2026-04-16","2026-04-12"
"5153","430","2026-05-01","607.25","4250.75","Paid","2026-05-01 00:00:00","2026-05-14 00:00:00","2026-05-16","2026-05-14"
"5154","430","2026-06-01","390.0","2925.0","Paid","2026-06-02 00:00:00","2026-06-15 00:00:00","2026-06-16","2026-06-15"
"5155","430","2026-07-01","543.45","4075.88","Overdue","2026-07-01 00:00:00","2026-07-18 00:00:00","2026-07-16","2026-07-18"
"5156","430","2026-08-01","657.96","4276.74","Paid","2026-08-02 00:00:00","2026-08-11 00:00:00","2026-08-16","2026-08-11"
"5157","430","2026-09-01","487.41","2680.76","Pending","2026-09-03 00:00:00","2026-09-13 00:00:00","2026-09-16",""
"5158","430","2026-10-01","744.12","5208.84","Overdue","2026-10-01 00:00:00","2026-10-18 00:00:00","2026-10-16","2026-10-18"
"5159","430","2026-11-01","891.37","6685.27","Overdue","2026-11-02 00:00:00","2026-11-20 00:00:00","2026-11-16","2026-11-20"
"5160","430","2026-12-01","423.95","2967.65","Paid","2026-12-02 00:00:00","2026-12-11 00:00:00","2026-12-16","2026-12-11"
"5161","431","2026-01-01","883.46","5742.49","Overdue","2026-01-01 00:00:00","2026-01-23 00:00:00","2026-01-16","2026-01-23"
"5162","431","2026-02-01","258.35","1808.45","Paid","2026-02-02 00:00:00","2026-02-13 00:00:00","2026-02-16","2026-02-13"
"5163","431","2026-03-01","82.98","497.88","Pending","2026-03-03 00:00:00","2026-03-13 00:00:00","2026-03-16",""
"5164","431","2026-04-01","583.35","3500.1","Pending","2026-04-01 00:00:00","2026-04-11 00:00:00","2026-04-16",""
"5165","431","2026-05-01","430.92","2585.52","Paid","2026-05-02 00:00:00","2026-05-12 00:00:00","2026-05-16","2026-05-12"
"5166","431","2026-06-01","630.68","4730.1","Paid","2026-06-02 00:00:00","2026-06-13 00:00:00","2026-06-16","2026-06-13"
"5167","431","2026-07-01","575.21","4026.47","Overdue","2026-07-02 00:00:00","2026-07-20 00:00:00","2026-07-16","2026-07-20"
"5168","431","2026-08-01","660.23","4951.73","Paid","2026-08-01 00:00:00","2026-08-13 00:00:00","2026-08-16","2026-08-13"
"5169","431","2026-09-01","224.87","1574.09","Paid","2026-09-03 00:00:00","2026-09-12 00:00:00","2026-09-16","2026-09-12"
"5170","431","2026-10-01","738.42","4799.73","Paid","2026-10-03 00:00:00","2026-10-11 00:00:00","2026-10-16","2026-10-11"
"5171","431","2026-11-01","671.22","4027.32","Pending","2026-11-03 00:00:00","2026-11-13 00:00:00","2026-11-16",""
"5172","431","2026-12-01","176.77","972.24","Paid","2026-12-02 00:00:00","2026-12-15 00:00:00","2026-12-16","2026-12-15"
"5173","432","2026-01-01","176.34","1146.21","Paid","2026-01-03 00:00:00","2026-01-11 00:00:00","2026-01-16","2026-01-11"
"5174","432","2026-02-01","832.87","4997.22","Overdue","2026-02-03 00:00:00","2026-02-17 00:00:00","2026-02-16","2026-02-17"
"5175","432","2026-03-01","116.89","701.34","Paid","2026-03-03 00:00:00","2026-03-13 00:00:00","2026-03-16","2026-03-13"
"5176","432","2026-04-01","422.26","2533.56","Overdue","2026-04-02 00:00:00","2026-04-24 00:00:00","2026-04-16","2026-04-24"
"5177","432","2026-05-01","880.86","6166.02","Pending","2026-05-01 00:00:00","2026-05-11 00:00:00","2026-05-16",""
"5178","432","2026-06-01","357.79","2504.53","Paid","2026-06-01 00:00:00","2026-06-16 00:00:00","2026-06-16","2026-06-16"
"5179","432","2026-07-01","284.43","1564.37","Paid","2026-07-01 00:00:00","2026-07-12 00:00:00","2026-07-16","2026-07-12"
"5180","432","2026-08-01","749.64","4872.66","Pending","2026-08-03 00:00:00","2026-08-13 00:00:00","2026-08-16",""
"5181","432","2026-09-01","767.63","4221.97","Paid","2026-09-01 00:00:00","2026-09-15 00:00:00","2026-09-16","2026-09-15"
"5182","432","2026-10-01","307.77","1692.73","Paid","2026-10-01 00:00:00","2026-10-14 00:00:00","2026-10-16","2026-10-14"
"5183","432","2026-11-01","720.39","4322.34","Pending","2026-11-02 00:00:00","2026-11-12 00:00:00","2026-11-16",""
"5184","432","2026-12-01","780.26","4681.56","Paid","2026-12-03 00:00:00","2026-12-16 00:00:00","2026-12-16","2026-12-16"
"5185","433","2026-01-01","594.51","3269.8","Paid","2026-01-01 00:00:00","2026-01-14 00:00:00","2026-01-16","2026-01-14"
"5186","433","2026-02-01","655.71","3606.41","Paid","2026-02-02 00:00:00","2026-02-14 00:00:00","2026-02-16","2026-02-14"
"5187","433","2026-03-01","440.29","2861.89","Paid","2026-03-01 00:00:00","2026-03-14 00:00:00","2026-03-16","2026-03-14"
"5188","433","2026-04-01","259.24","1425.82","Paid","2026-04-01 00:00:00","2026-04-11 00:00:00","2026-04-16","2026-04-11"
"5189","433","2026-05-01","827.7","4966.2","Paid","2026-05-03 00:00:00","2026-05-14 00:00:00","2026-05-16","2026-05-14"
"5190","433","2026-06-01","622.66","4669.95","Overdue","2026-06-02 00:00:00","2026-06-19 00:00:00","2026-06-16","2026-06-19"
"5191","433","2026-07-01","716.66","4299.96","Overdue","2026-07-01 00:00:00","2026-07-21 00:00:00","2026-07-16","2026-07-21"
"5192","433","2026-08-01","707.31","4597.51","Overdue","2026-08-02 00:00:00","2026-08-19 00:00:00","2026-08-16","2026-08-19"
"5193","433","2026-09-01","346.59","1906.24","Paid","2026-09-03 00:00:00","2026-09-14 00:00:00","2026-09-16","2026-09-14"
"5194","433","2026-10-01","547.68","3833.76","Paid","2026-10-03 00:00:00","2026-10-12 00:00:00","2026-10-16","2026-10-12"
"5195","433","2026-11-01","754.5","4904.25","Overdue","2026-11-01 00:00:00","2026-11-22 00:00:00","2026-11-16","2026-11-22"
"5196","433","2026-12-01","598.86","3593.16","Paid","2026-12-02 00:00:00","2026-12-11 00:00:00","2026-12-16","2026-12-11"
"5197","434","2026-01-01","268.0","2010.0","Paid","2026-01-03 00:00:00","2026-01-12 00:00:00","2026-01-16","2026-01-12"
"5198","434","2026-02-01","396.38","2576.47","Paid","2026-02-01 00:00:00","2026-02-14 00:00:00","2026-02-16","2026-02-14"
"5199","434","2026-03-01","685.97","4801.79","Paid","2026-03-03 00:00:00","2026-03-11 00:00:00","2026-03-16","2026-03-11"
"5200","434","2026-04-01","171.5","1200.5","Paid","2026-04-03 00:00:00","2026-04-11 00:00:00","2026-04-16","2026-04-11"
"5201","434","2026-05-01","798.15","5587.05","Paid","2026-05-01 00:00:00","2026-05-16 00:00:00","2026-05-16","2026-05-16"
"5202","434","2026-06-01","526.78","2897.29","Paid","2026-06-02 00:00:00","2026-06-14 00:00:00","2026-06-16","2026-06-14"
"5203","434","2026-07-01","437.01","2840.57","Paid","2026-07-02 00:00:00","2026-07-13 00:00:00","2026-07-16","2026-07-13"
"5204","434","2026-08-01","772.7","4636.2","Paid","2026-08-02 00:00:00","2026-08-16 00:00:00","2026-08-16","2026-08-16"
"5205","434","2026-09-01","523.97","2881.84","Overdue","2026-09-01 00:00:00","2026-09-21 00:00:00","2026-09-16","2026-09-21"
"5206","434","2026-10-01","845.45","5495.43","Paid","2026-10-02 00:00:00","2026-10-16 00:00:00","2026-10-16","2026-10-16"
"5207","434","2026-11-01","256.02","1536.12","Paid","2026-11-02 00:00:00","2026-11-11 00:00:00","2026-11-16","2026-11-11"
"5208","434","2026-12-01","185.51","1113.06","Paid","2026-12-02 00:00:00","2026-12-11 00:00:00","2026-12-16","2026-12-11"
"5209","435","2026-01-01","303.81","1822.86","Overdue","2026-01-01 00:00:00","2026-01-25 00:00:00","2026-01-16","2026-01-25"
"5210","435","2026-02-01","164.1","1066.65","Overdue","2026-02-01 00:00:00","2026-02-20 00:00:00","2026-02-16","2026-02-20"
"5211","435","2026-03-01","307.62","1691.91","Paid","2026-03-02 00:00:00","2026-03-15 00:00:00","2026-03-16","2026-03-15"
"5212","435","2026-04-01","662.82","3645.51","Paid","2026-04-01 00:00:00","2026-04-16 00:00:00","2026-04-16","2026-04-16"
"5213","435","2026-05-01","344.37","2066.22","Paid","2026-05-03 00:00:00","2026-05-15 00:00:00","2026-05-16","2026-05-15"
"5214","435","2026-06-01","755.18","4531.08","Paid","2026-06-02 00:00:00","2026-06-11 00:00:00","2026-06-16","2026-06-11"
"5215","435","2026-07-01","630.67","3468.68","Pending","2026-07-02 00:00:00","2026-07-12 00:00:00","2026-07-16",""
"5216","435","2026-08-01","664.2","3653.1","Paid","2026-08-03 00:00:00","2026-08-14 00:00:00","2026-08-16","2026-08-14"
"5217","435","2026-09-01","482.94","2897.64","Paid","2026-09-03 00:00:00","2026-09-16 00:00:00","2026-09-16","2026-09-16"
"5218","435","2026-10-01","573.73","3155.52","Paid","2026-10-03 00:00:00","2026-10-15 00:00:00","2026-10-16","2026-10-15"
"5219","435","2026-11-01","753.81","5276.67","Pending","2026-11-01 00:00:00","2026-11-11 00:00:00","2026-11-16",""
"5220","435","2026-12-01","483.13","3381.91","Paid","2026-12-03 00:00:00","2026-12-15 00:00:00","2026-12-16","2026-12-15"
"5221","436","2026-01-01","648.98","4542.86","Pending","2026-01-01 00:00:00","2026-01-11 00:00:00","2026-01-16",""
"5222","436","2026-02-01","737.6","4425.6","Pending","2026-02-02 00:00:00","2026-02-12 00:00:00","2026-02-16",""
"5223","436","2026-03-01","417.41","2921.87","Paid","2026-03-02 00:00:00","2026-03-14 00:00:00","2026-03-16","2026-03-14"
"5224","436","2026-04-01","124.81","936.08","Overdue","2026-04-03 00:00:00","2026-04-24 00:00:00","2026-04-16","2026-04-24"
"5225","436","2026-05-01","805.41","5235.16","Pending","2026-05-02 00:00:00","2026-05-12 00:00:00","2026-05-16",""
"5226","436","2026-06-01","856.62","5996.34","Paid","2026-06-02 00:00:00","2026-06-13 00:00:00","2026-06-16","2026-06-13"
"5227","436","2026-07-01","783.25","4307.88","Pending","2026-07-03 00:00:00","2026-07-13 00:00:00","2026-07-16",""
"5228","436","2026-08-01","192.52","1251.38","Paid","2026-08-03 00:00:00","2026-08-15 00:00:00","2026-08-16","2026-08-15"
"5229","436","2026-09-01","160.84","1206.3","Pending","2026-09-03 00:00:00","2026-09-13 00:00:00","2026-09-16",""
"5230","436","2026-10-01","759.94","4179.67","Paid","2026-10-02 00:00:00","2026-10-13 00:00:00","2026-10-16","2026-10-13"
"5231","436","2026-11-01","196.15","1078.83","Overdue","2026-11-03 00:00:00","2026-11-24 00:00:00","2026-11-16","2026-11-24"
"5232","436","2026-12-01","216.31","1189.7","Paid","2026-12-02 00:00:00","2026-12-15 00:00:00","2026-12-16","2026-12-15"
"5233","437","2026-01-01","632.24","3477.32","Paid","2026-01-02 00:00:00","2026-01-13 00:00:00","2026-01-16","2026-01-13"
"5234","437","2026-02-01","350.07","2100.42","Overdue","2026-02-03 00:00:00","2026-02-24 00:00:00","2026-02-16","2026-02-24"
"5235","437","2026-03-01","437.15","2841.47","Overdue","2026-03-01 00:00:00","2026-03-23 00:00:00","2026-03-16","2026-03-23"
"5236","437","2026-04-01","643.65","4183.72","Pending","2026-04-03 00:00:00","2026-04-13 00:00:00","2026-04-16",""
"5237","437","2026-05-01","559.01","3633.57","Paid","2026-05-01 00:00:00","2026-05-15 00:00:00","2026-05-16","2026-05-15"
"5238","437","2026-06-01","507.91","3555.37","Overdue","2026-06-01 00:00:00","2026-06-18 00:00:00","2026-06-16","2026-06-18"
"5239","437","2026-07-01","544.99","3814.93","Paid","2026-07-01 00:00:00","2026-07-14 00:00:00","2026-07-16","2026-07-14"
"5240","437","2026-08-01","213.34","1173.37","Pending","2026-08-02 00:00:00","2026-08-12 00:00:00","2026-08-16",""
"5241","437","2026-09-01","811.63","4869.78","Paid","2026-09-03 00:00:00","2026-09-14 00:00:00","2026-09-16","2026-09-14"
"5242","437","2026-10-01","267.07","1602.42","Paid","2026-10-02 00:00:00","2026-10-15 00:00:00","2026-10-16","2026-10-15"
"5243","437","2026-11-01","644.11","4830.82","Paid","2026-11-02 00:00:00","2026-11-16 00:00:00","2026-11-16","2026-11-16"
"5244","437","2026-12-01","855.53","5988.71","Paid","2026-12-02 00:00:00","2026-12-16 00:00:00","2026-12-16","2026-12-16"
"5245","438","2026-01-01","688.97","4822.79","Pending","2026-01-02 00:00:00","2026-01-12 00:00:00","2026-01-16",""
"5246","438","2026-02-01","411.65","3087.38","Paid","2026-02-03 00:00:00","2026-02-15 00:00:00","2026-02-16","2026-02-15"
"5247","438","2026-03-01","801.42","5209.23","Overdue","2026-03-02 00:00:00","2026-03-21 00:00:00","2026-03-16","2026-03-21"
"5248","438","2026-04-01","573.26","3439.56","Paid","2026-04-01 00:00:00","2026-04-11 00:00:00","2026-04-16","2026-04-11"
"5249","438","2026-05-01","755.73","5667.98","Paid","2026-05-02 00:00:00","2026-05-14 00:00:00","2026-05-16","2026-05-14"
"5250","438","2026-06-01","813.71","4882.26","Overdue","2026-06-03 00:00:00","2026-06-18 00:00:00","2026-06-16","2026-06-18"
"5251","438","2026-07-01","196.44","1276.86","Paid","2026-07-03 00:00:00","2026-07-16 00:00:00","2026-07-16","2026-07-16"
"5252","438","2026-08-01","557.61","3624.47","Paid","2026-08-03 00:00:00","2026-08-13 00:00:00","2026-08-16","2026-08-13"
"5253","438","2026-09-01","687.25","5154.38","Paid","2026-09-03 00:00:00","2026-09-12 00:00:00","2026-09-16","2026-09-12"
"5254","438","2026-10-01","572.19","3147.05","Paid","2026-10-03 00:00:00","2026-10-11 00:00:00","2026-10-16","2026-10-11"
"5255","438","2026-11-01","82.5","536.25","Pending","2026-11-03 00:00:00","2026-11-13 00:00:00","2026-11-16",""
"5256","438","2026-12-01","765.47","5741.03","Overdue","2026-12-02 00:00:00","2026-12-22 00:00:00","2026-12-16","2026-12-22"
"5257","439","2026-01-01","277.68","1943.76","Paid","2026-01-01 00:00:00","2026-01-14 00:00:00","2026-01-16","2026-01-14"
"5258","439","2026-02-01","293.59","1761.54","Paid","2026-02-03 00:00:00","2026-02-11 00:00:00","2026-02-16","2026-02-11"
"5259","439","2026-03-01","525.48","3678.36","Overdue","2026-03-01 00:00:00","2026-03-21 00:00:00","2026-03-16","2026-03-21"
"5260","439","2026-04-01","367.75","2390.38","Paid","2026-04-01 00:00:00","2026-04-12 00:00:00","2026-04-16","2026-04-12"
"5261","439","2026-05-01","235.39","1412.34","Pending","2026-05-02 00:00:00","2026-05-12 00:00:00","2026-05-16",""
"5262","439","2026-06-01","196.77","1279.01","Paid","2026-06-01 00:00:00","2026-06-12 00:00:00","2026-06-16","2026-06-12"
"5263","439","2026-07-01","628.22","4711.65","Overdue","2026-07-01 00:00:00","2026-07-21 00:00:00","2026-07-16","2026-07-21"
"5264","439","2026-08-01","381.9","2482.35","Paid","2026-08-01 00:00:00","2026-08-15 00:00:00","2026-08-16","2026-08-15"
"5265","439","2026-09-01","584.42","3506.52","Overdue","2026-09-01 00:00:00","2026-09-22 00:00:00","2026-09-16","2026-09-22"
"5266","439","2026-10-01","280.1","2100.75","Paid","2026-10-03 00:00:00","2026-10-15 00:00:00","2026-10-16","2026-10-15"
"5267","439","2026-11-01","768.62","5764.65","Paid","2026-11-03 00:00:00","2026-11-13 00:00:00","2026-11-16","2026-11-13"
"5268","439","2026-12-01","80.68","443.74","Overdue","2026-12-02 00:00:00","2026-12-19 00:00:00","2026-12-16","2026-12-19"
"5269","440","2026-01-01","583.23","3207.77","Overdue","2026-01-01 00:00:00","2026-01-24 00:00:00","2026-01-16","2026-01-24"
"5270","440","2026-02-01","180.02","1350.15","Overdue","2026-02-03 00:00:00","2026-02-25 00:00:00","2026-02-16","2026-02-25"
"5271","440","2026-03-01","176.24","1321.8","Paid","2026-03-01 00:00:00","2026-03-15 00:00:00","2026-03-16","2026-03-15"
"5272","440","2026-04-01","129.61","712.86","Overdue","2026-04-01 00:00:00","2026-04-18 00:00:00","2026-04-16","2026-04-18"
"5273","440","2026-05-01","309.82","2323.65","Paid","2026-05-03 00:00:00","2026-05-11 00:00:00","2026-05-16","2026-05-11"
"5274","440","2026-06-01","898.1","5837.65","Overdue","2026-06-02 00:00:00","2026-06-22 00:00:00","2026-06-16","2026-06-22"
"5275","440","2026-07-01","495.62","3469.34","Paid","2026-07-01 00:00:00","2026-07-11 00:00:00","2026-07-16","2026-07-11"
"5276","440","2026-08-01","443.62","2661.72","Paid","2026-08-02 00:00:00","2026-08-16 00:00:00","2026-08-16","2026-08-16"
"5277","440","2026-09-01","788.5","5125.25","Paid","2026-09-01 00:00:00","2026-09-12 00:00:00","2026-09-16","2026-09-12"
"5278","440","2026-10-01","398.93","2593.05","Pending","2026-10-03 00:00:00","2026-10-13 00:00:00","2026-10-16",""
"5279","440","2026-11-01","246.97","1728.79","Paid","2026-11-01 00:00:00","2026-11-15 00:00:00","2026-11-16","2026-11-15"
"5280","440","2026-12-01","155.3","931.8","Overdue","2026-12-03 00:00:00","2026-12-17 00:00:00","2026-12-16","2026-12-17"
"5281","441","2026-01-01","276.52","1520.86","Pending","2026-01-03 00:00:00","2026-01-13 00:00:00","2026-01-16",""
"5282","441","2026-02-01","870.86","5660.59","Paid","2026-02-02 00:00:00","2026-02-13 00:00:00","2026-02-16","2026-02-13"
"5283","441","2026-03-01","438.79","2413.35","Overdue","2026-03-02 00:00:00","2026-03-19 00:00:00","2026-03-16","2026-03-19"
"5284","441","2026-04-01","133.9","1004.25","Paid","2026-04-02 00:00:00","2026-04-16 00:00:00","2026-04-16","2026-04-16"
"5285","441","2026-05-01","199.13","1294.35","Paid","2026-05-01 00:00:00","2026-05-15 00:00:00","2026-05-16","2026-05-15"
"5286","441","2026-06-01","470.52","3293.64","Pending","2026-06-01 00:00:00","2026-06-11 00:00:00","2026-06-16",""
"5287","441","2026-07-01","873.66","5241.96","Pending","2026-07-01 00:00:00","2026-07-11 00:00:00","2026-07-16",""
"5288","441","2026-08-01","186.99","1308.93","Paid","2026-08-01 00:00:00","2026-08-12 00:00:00","2026-08-16","2026-08-12"
"5289","441","2026-09-01","703.94","4575.61","Paid","2026-09-01 00:00:00","2026-09-14 00:00:00","2026-09-16","2026-09-14"
"5290","441","2026-10-01","765.61","5359.27","Paid","2026-10-02 00:00:00","2026-10-13 00:00:00","2026-10-16","2026-10-13"
"5291","441","2026-11-01","427.67","2566.02","Paid","2026-11-03 00:00:00","2026-11-15 00:00:00","2026-11-16","2026-11-15"
"5292","441","2026-12-01","108.01","810.08","Paid","2026-12-01 00:00:00","2026-12-16 00:00:00","2026-12-16","2026-12-16"
"5293","442","2026-01-01","293.34","1613.37","Overdue","2026-01-01 00:00:00","2026-01-24 00:00:00","2026-01-16","2026-01-24"
"5294","442","2026-02-01","537.74","3226.44","Paid","2026-02-03 00:00:00","2026-02-13 00:00:00","2026-02-16","2026-02-13"
"5295","442","2026-03-01","711.01","4266.06","Pending","2026-03-01 00:00:00","2026-03-11 00:00:00","2026-03-16",""
"5296","442","2026-04-01","692.01","5190.07","Pending","2026-04-02 00:00:00","2026-04-12 00:00:00","2026-04-16",""
"5297","442","2026-05-01","803.45","4418.98","Paid","2026-05-01 00:00:00","2026-05-15 00:00:00","2026-05-16","2026-05-15"
"5298","442","2026-06-01","341.17","2558.78","Overdue","2026-06-02 00:00:00","2026-06-26 00:00:00","2026-06-16","2026-06-26"
"5299","442","2026-07-01","358.03","2506.21","Overdue","2026-07-03 00:00:00","2026-07-17 00:00:00","2026-07-16","2026-07-17"
"5300","442","2026-08-01","83.35","541.77","Overdue","2026-08-03 00:00:00","2026-08-26 00:00:00","2026-08-16","2026-08-26"
"5301","442","2026-09-01","707.39","4598.03","Overdue","2026-09-03 00:00:00","2026-09-26 00:00:00","2026-09-16","2026-09-26"
"5302","442","2026-10-01","272.19","1633.14","Paid","2026-10-01 00:00:00","2026-10-14 00:00:00","2026-10-16","2026-10-14"
"5303","442","2026-11-01","337.82","2026.92","Paid","2026-11-02 00:00:00","2026-11-11 00:00:00","2026-11-16","2026-11-11"
"5304","442","2026-12-01","534.11","2937.61","Overdue","2026-12-03 00:00:00","2026-12-18 00:00:00","2026-12-16","2026-12-18"
"5305","443","2026-01-01","233.06","1747.95","Overdue","2026-01-01 00:00:00","2026-01-20 00:00:00","2026-01-16","2026-01-20"
"5306","443","2026-02-01","490.21","3676.57","Pending","2026-02-03 00:00:00","2026-02-13 00:00:00","2026-02-16",""
"5307","443","2026-03-01","246.04","1722.28","Paid","2026-03-02 00:00:00","2026-03-14 00:00:00","2026-03-16","2026-03-14"
"5308","443","2026-04-01","826.23","5783.61","Paid","2026-04-02 00:00:00","2026-04-12 00:00:00","2026-04-16","2026-04-12"
"5309","443","2026-05-01","80.31","481.86","Paid","2026-05-03 00:00:00","2026-05-15 00:00:00","2026-05-16","2026-05-15"
"5310","443","2026-06-01","93.65","702.38","Paid","2026-06-02 00:00:00","2026-06-11 00:00:00","2026-06-16","2026-06-11"
"5311","443","2026-07-01","269.31","1885.17","Paid","2026-07-01 00:00:00","2026-07-15 00:00:00","2026-07-16","2026-07-15"
"5312","443","2026-08-01","690.41","3797.25","Overdue","2026-08-03 00:00:00","2026-08-19 00:00:00","2026-08-16","2026-08-19"
"5313","443","2026-09-01","277.44","1803.36","Paid","2026-09-03 00:00:00","2026-09-13 00:00:00","2026-09-16","2026-09-13"
"5314","443","2026-10-01","220.18","1431.17","Overdue","2026-10-02 00:00:00","2026-10-21 00:00:00","2026-10-16","2026-10-21"
"5315","443","2026-11-01","817.88","4907.28","Overdue","2026-11-02 00:00:00","2026-11-26 00:00:00","2026-11-16","2026-11-26"
"5316","443","2026-12-01","478.14","2629.77","Pending","2026-12-02 00:00:00","2026-12-12 00:00:00","2026-12-16",""
"5317","444","2026-01-01","875.49","4815.19","Paid","2026-01-03 00:00:00","2026-01-12 00:00:00","2026-01-16","2026-01-12"
"5318","444","2026-02-01","96.99","678.93","Overdue","2026-02-01 00:00:00","2026-02-24 00:00:00","2026-02-16","2026-02-24"
"5319","444","2026-03-01","674.85","4723.95","Paid","2026-03-02 00:00:00","2026-03-12 00:00:00","2026-03-16","2026-03-12"
"5320","444","2026-04-01","386.57","2705.99","Paid","2026-04-01 00:00:00","2026-04-13 00:00:00","2026-04-16","2026-04-13"
"5321","444","2026-05-01","494.59","2967.54","Paid","2026-05-03 00:00:00","2026-05-12 00:00:00","2026-05-16","2026-05-12"
"5322","444","2026-06-01","82.59","619.43","Paid","2026-06-01 00:00:00","2026-06-15 00:00:00","2026-06-16","2026-06-15"
"5323","444","2026-07-01","608.0","3952.0","Paid","2026-07-03 00:00:00","2026-07-12 00:00:00","2026-07-16","2026-07-12"
"5324","444","2026-08-01","804.35","5228.28","Paid","2026-08-03 00:00:00","2026-08-12 00:00:00","2026-08-16","2026-08-12"
"5325","444","2026-09-01","163.14","897.27","Paid","2026-09-01 00:00:00","2026-09-12 00:00:00","2026-09-16","2026-09-12"
"5326","444","2026-10-01","349.04","2268.76","Paid","2026-10-02 00:00:00","2026-10-14 00:00:00","2026-10-16","2026-10-14"
"5327","444","2026-11-01","532.64","3728.48","Paid","2026-11-01 00:00:00","2026-11-15 00:00:00","2026-11-16","2026-11-15"
"5328","444","2026-12-01","697.86","4536.09","Paid","2026-12-03 00:00:00","2026-12-11 00:00:00","2026-12-16","2026-12-11"
"5329","445","2026-01-01","522.37","3395.41","Overdue","2026-01-03 00:00:00","2026-01-21 00:00:00","2026-01-16","2026-01-21"
"5330","445","2026-02-01","447.48","3132.36","Overdue","2026-02-01 00:00:00","2026-02-24 00:00:00","2026-02-16","2026-02-24"
"5331","445","2026-03-01","595.07","4165.49","Paid","2026-03-01 00:00:00","2026-03-16 00:00:00","2026-03-16","2026-03-16"
"5332","445","2026-04-01","823.54","4529.47","Paid","2026-04-02 00:00:00","2026-04-13 00:00:00","2026-04-16","2026-04-13"
"5333","445","2026-05-01","113.05","621.77","Paid","2026-05-03 00:00:00","2026-05-14 00:00:00","2026-05-16","2026-05-14"
"5334","445","2026-06-01","121.97","670.84","Pending","2026-06-03 00:00:00","2026-06-13 00:00:00","2026-06-16",""
"5335","445","2026-07-01","161.19","886.54","Paid","2026-07-01 00:00:00","2026-07-11 00:00:00","2026-07-16","2026-07-11"
"5336","445","2026-08-01","630.96","3470.28","Paid","2026-08-01 00:00:00","2026-08-16 00:00:00","2026-08-16","2026-08-16"
"5337","445","2026-09-01","878.63","5271.78","Overdue","2026-09-03 00:00:00","2026-09-25 00:00:00","2026-09-16","2026-09-25"
"5338","445","2026-10-01","685.31","4797.17","Paid","2026-10-03 00:00:00","2026-10-13 00:00:00","2026-10-16","2026-10-13"
"5339","445","2026-11-01","327.7","2293.9","Pending","2026-11-01 00:00:00","2026-11-11 00:00:00","2026-11-16",""
"5340","445","2026-12-01","626.87","3761.22","Overdue","2026-12-01 00:00:00","2026-12-26 00:00:00","2026-12-16","2026-12-26"
"5341","446","2026-01-01","258.6","1422.3","Overdue","2026-01-02 00:00:00","2026-01-23 00:00:00","2026-01-16","2026-01-23"
"5342","446","2026-02-01","759.08","4934.02","Overdue","2026-02-02 00:00:00","2026-02-26 00:00:00","2026-02-16","2026-02-26"
"5343","446","2026-03-01","883.28","6182.96","Paid","2026-03-01 00:00:00","2026-03-14 00:00:00","2026-03-16","2026-03-14"
"5344","446","2026-04-01","838.13","6285.98","Paid","2026-04-03 00:00:00","2026-04-14 00:00:00","2026-04-16","2026-04-14"
"5345","446","2026-05-01","534.65","3207.9","Pending","2026-05-03 00:00:00","2026-05-13 00:00:00","2026-05-16",""
"5346","446","2026-06-01","293.0","1758.0","Pending","2026-06-01 00:00:00","2026-06-11 00:00:00","2026-06-16",""
"5347","446","2026-07-01","610.17","4576.27","Paid","2026-07-01 00:00:00","2026-07-12 00:00:00","2026-07-16","2026-07-12"
"5348","446","2026-08-01","148.23","815.26","Paid","2026-08-03 00:00:00","2026-08-13 00:00:00","2026-08-16","2026-08-13"
"5349","446","2026-09-01","679.5","4077.0","Overdue","2026-09-03 00:00:00","2026-09-19 00:00:00","2026-09-16","2026-09-19"
"5350","446","2026-10-01","329.43","1976.58","Pending","2026-10-01 00:00:00","2026-10-11 00:00:00","2026-10-16",""
"5351","446","2026-11-01","274.64","2059.8","Overdue","2026-11-01 00:00:00","2026-11-17 00:00:00","2026-11-16","2026-11-17"
"5352","446","2026-12-01","718.97","5032.79","Paid","2026-12-02 00:00:00","2026-12-12 00:00:00","2026-12-16","2026-12-12"
"5353","447","2026-01-01","385.71","2314.26","Paid","2026-01-02 00:00:00","2026-01-14 00:00:00","2026-01-16","2026-01-14"
"5354","447","2026-02-01","633.84","3486.12","Overdue","2026-02-01 00:00:00","2026-02-19 00:00:00","2026-02-16","2026-02-19"
"5355","447","2026-03-01","461.61","2538.86","Paid","2026-03-03 00:00:00","2026-03-12 00:00:00","2026-03-16","2026-03-12"
"5356","447","2026-04-01","617.26","4629.45","Paid","2026-04-02 00:00:00","2026-04-14 00:00:00","2026-04-16","2026-04-14"
"5357","447","2026-05-01","741.83","4821.9","Paid","2026-05-01 00:00:00","2026-05-12 00:00:00","2026-05-16","2026-05-12"
"5358","447","2026-06-01","435.59","3266.92","Paid","2026-06-03 00:00:00","2026-06-14 00:00:00","2026-06-16","2026-06-14"
"5359","447","2026-07-01","576.03","4032.21","Pending","2026-07-03 00:00:00","2026-07-13 00:00:00","2026-07-16",""
"5360","447","2026-08-01","666.37","3665.03","Overdue","2026-08-03 00:00:00","2026-08-21 00:00:00","2026-08-16","2026-08-21"
"5361","447","2026-09-01","556.08","3614.52","Overdue","2026-09-03 00:00:00","2026-09-18 00:00:00","2026-09-16","2026-09-18"
"5362","447","2026-10-01","214.37","1500.59","Overdue","2026-10-02 00:00:00","2026-10-17 00:00:00","2026-10-16","2026-10-17"
"5363","447","2026-11-01","88.2","661.5","Paid","2026-11-03 00:00:00","2026-11-13 00:00:00","2026-11-16","2026-11-13"
"5364","447","2026-12-01","94.04","658.28","Pending","2026-12-02 00:00:00","2026-12-12 00:00:00","2026-12-16",""
"5365","448","2026-01-01","686.42","5148.15","Paid","2026-01-03 00:00:00","2026-01-14 00:00:00","2026-01-16","2026-01-14"
"5366","448","2026-02-01","92.7","648.9","Overdue","2026-02-03 00:00:00","2026-02-20 00:00:00","2026-02-16","2026-02-20"
"5367","448","2026-03-01","517.87","2848.28","Paid","2026-03-01 00:00:00","2026-03-13 00:00:00","2026-03-16","2026-03-13"
"5368","448","2026-04-01","606.06","4545.45","Paid","2026-04-02 00:00:00","2026-04-15 00:00:00","2026-04-16","2026-04-15"
"5369","448","2026-05-01","209.92","1574.4","Paid","2026-05-03 00:00:00","2026-05-13 00:00:00","2026-05-16","2026-05-13"
"5370","448","2026-06-01","316.24","2213.68","Paid","2026-06-01 00:00:00","2026-06-16 00:00:00","2026-06-16","2026-06-16"
"5371","448","2026-07-01","565.53","3675.94","Paid","2026-07-02 00:00:00","2026-07-15 00:00:00","2026-07-16","2026-07-15"
"5372","448","2026-08-01","699.01","3844.55","Paid","2026-08-02 00:00:00","2026-08-16 00:00:00","2026-08-16","2026-08-16"
"5373","448","2026-09-01","519.2","3894.0","Overdue","2026-09-02 00:00:00","2026-09-25 00:00:00","2026-09-16","2026-09-25"
"5374","448","2026-10-01","191.98","1439.85","Overdue","2026-10-02 00:00:00","2026-10-21 00:00:00","2026-10-16","2026-10-21"
"5375","448","2026-11-01","397.43","2583.3","Overdue","2026-11-03 00:00:00","2026-11-20 00:00:00","2026-11-16","2026-11-20"
"5376","448","2026-12-01","309.21","2319.07","Paid","2026-12-02 00:00:00","2026-12-16 00:00:00","2026-12-16","2026-12-16"
"5377","449","2026-01-01","308.33","2312.47","Paid","2026-01-01 00:00:00","2026-01-15 00:00:00","2026-01-16","2026-01-15"
"5378","449","2026-02-01","160.15","1040.98","Paid","2026-02-03 00:00:00","2026-02-12 00:00:00","2026-02-16","2026-02-12"
"5379","449","2026-03-01","816.03","4488.16","Pending","2026-03-03 00:00:00","2026-03-13 00:00:00","2026-03-16",""
"5380","449","2026-04-01","179.36","1165.84","Pending","2026-04-03 00:00:00","2026-04-13 00:00:00","2026-04-16",""
"5381","449","2026-05-01","123.2","739.2","Overdue","2026-05-02 00:00:00","2026-05-22 00:00:00","2026-05-16","2026-05-22"
"5382","449","2026-06-01","166.38","1081.47","Paid","2026-06-03 00:00:00","2026-06-12 00:00:00","2026-06-16","2026-06-12"
"5383","449","2026-07-01","842.82","4635.51","Paid","2026-07-03 00:00:00","2026-07-13 00:00:00","2026-07-16","2026-07-13"
"5384","449","2026-08-01","674.24","4045.44","Pending","2026-08-01 00:00:00","2026-08-11 00:00:00","2026-08-16",""
"5385","449","2026-09-01","174.07","1044.42","Paid","2026-09-01 00:00:00","2026-09-11 00:00:00","2026-09-16","2026-09-11"
"5386","449","2026-10-01","608.42","4258.94","Paid","2026-10-03 00:00:00","2026-10-11 00:00:00","2026-10-16","2026-10-11"
"5387","449","2026-11-01","888.39","6218.73","Overdue","2026-11-01 00:00:00","2026-11-23 00:00:00","2026-11-16","2026-11-23"
"5388","449","2026-12-01","540.06","3780.42","Paid","2026-12-02 00:00:00","2026-12-14 00:00:00","2026-12-16","2026-12-14"
"5389","450","2026-01-01","443.97","2441.84","Pending","2026-01-02 00:00:00","2026-01-12 00:00:00","2026-01-16",""
"5390","450","2026-02-01","605.07","3327.89","Overdue","2026-02-03 00:00:00","2026-02-26 00:00:00","2026-02-16","2026-02-26"
"5391","450","2026-03-01","272.25","1633.5","Overdue","2026-03-01 00:00:00","2026-03-20 00:00:00","2026-03-16","2026-03-20"
"5392","450","2026-04-01","658.46","4609.22","Overdue","2026-04-01 00:00:00","2026-04-23 00:00:00","2026-04-16","2026-04-23"
"5393","450","2026-05-01","395.53","2373.18","Paid","2026-05-02 00:00:00","2026-05-13 00:00:00","2026-05-16","2026-05-13"
"5394","450","2026-06-01","435.88","3269.1","Paid","2026-06-03 00:00:00","2026-06-11 00:00:00","2026-06-16","2026-06-11"
"5395","450","2026-07-01","650.65","4229.22","Paid","2026-07-02 00:00:00","2026-07-15 00:00:00","2026-07-16","2026-07-15"
"5396","450","2026-08-01","292.8","1756.8","Pending","2026-08-02 00:00:00","2026-08-12 00:00:00","2026-08-16",""
"5397","450","2026-09-01","819.88","4509.34","Paid","2026-09-02 00:00:00","2026-09-16 00:00:00","2026-09-16","2026-09-16"
"5398","450","2026-10-01","93.15","558.9","Overdue","2026-10-01 00:00:00","2026-10-24 00:00:00","2026-10-16","2026-10-24"
"5399","450","2026-11-01","141.67","779.18","Paid","2026-11-03 00:00:00","2026-11-15 00:00:00","2026-11-16","2026-11-15"
"5400","450","2026-12-01","446.63","3349.72","Paid","2026-12-02 00:00:00","2026-12-16 00:00:00","2026-12-16","2026-12-16"
"5401","451","2026-01-01","461.73","3001.24","Paid","2026-01-02 00:00:00","2026-01-15 00:00:00","2026-01-16","2026-01-15"
"5402","451","2026-02-01","353.91","1946.51","Paid","2026-02-01 00:00:00","2026-02-14 00:00:00","2026-02-16","2026-02-14"
"5403","451","2026-03-01","722.95","5422.12","Pending","2026-03-02 00:00:00","2026-03-12 00:00:00","2026-03-16",""
"5404","451","2026-04-01","265.01","1855.07","Pending","2026-04-01 00:00:00","2026-04-11 00:00:00","2026-04-16",""
"5405","451","2026-05-01","592.89","4446.68","Paid","2026-05-03 00:00:00","2026-05-16 00:00:00","2026-05-16","2026-05-16"
"5406","451","2026-06-01","610.3","4577.25","Paid","2026-06-01 00:00:00","2026-06-12 00:00:00","2026-06-16","2026-06-12"
"5407","451","2026-07-01","619.63","4337.41","Paid","2026-07-01 00:00:00","2026-07-16 00:00:00","2026-07-16","2026-07-16"
"5408","451","2026-08-01","257.88","1547.28","Pending","2026-08-03 00:00:00","2026-08-13 00:00:00","2026-08-16",""
"5409","451","2026-09-01","479.34","3595.05","Paid","2026-09-01 00:00:00","2026-09-13 00:00:00","2026-09-16","2026-09-13"
"5410","451","2026-10-01","427.08","3203.1","Pending","2026-10-02 00:00:00","2026-10-12 00:00:00","2026-10-16",""
"5411","451","2026-11-01","318.57","1752.13","Overdue","2026-11-02 00:00:00","2026-11-24 00:00:00","2026-11-16","2026-11-24"
"5412","451","2026-12-01","305.44","2138.08","Paid","2026-12-01 00:00:00","2026-12-15 00:00:00","2026-12-16","2026-12-15"
"5413","452","2026-01-01","322.45","2257.15","Paid","2026-01-01 00:00:00","2026-01-16 00:00:00","2026-01-16","2026-01-16"
"5414","452","2026-02-01","149.89","1124.17","Overdue","2026-02-01 00:00:00","2026-02-19 00:00:00","2026-02-16","2026-02-19"
"5415","452","2026-03-01","477.96","3584.7","Paid","2026-03-03 00:00:00","2026-03-12 00:00:00","2026-03-16","2026-03-12"
"5416","452","2026-04-01","87.35","480.42","Pending","2026-04-02 00:00:00","2026-04-12 00:00:00","2026-04-16",""
"5417","452","2026-05-01","525.76","3943.2","Pending","2026-05-03 00:00:00","2026-05-13 00:00:00","2026-05-16",""
"5418","452","2026-06-01","244.46","1588.99","Paid","2026-06-02 00:00:00","2026-06-11 00:00:00","2026-06-16","2026-06-11"
"5419","452","2026-07-01","370.64","2594.48","Paid","2026-07-03 00:00:00","2026-07-14 00:00:00","2026-07-16","2026-07-14"
"5420","452","2026-08-01","885.7","6642.75","Paid","2026-08-01 00:00:00","2026-08-16 00:00:00","2026-08-16","2026-08-16"
"5421","452","2026-09-01","165.87","912.29","Overdue","2026-09-03 00:00:00","2026-09-18 00:00:00","2026-09-16","2026-09-18"
"5422","452","2026-10-01","322.26","2094.69","Pending","2026-10-01 00:00:00","2026-10-11 00:00:00","2026-10-16",""
"5423","452","2026-11-01","361.45","1987.97","Paid","2026-11-02 00:00:00","2026-11-15 00:00:00","2026-11-16","2026-11-15"
"5424","452","2026-12-01","235.83","1297.07","Pending","2026-12-01 00:00:00","2026-12-11 00:00:00","2026-12-16",""
"5425","453","2026-01-01","221.22","1216.71","Paid","2026-01-03 00:00:00","2026-01-13 00:00:00","2026-01-16","2026-01-13"
"5426","453","2026-02-01","598.17","3888.1","Paid","2026-02-02 00:00:00","2026-02-13 00:00:00","2026-02-16","2026-02-13"
"5427","453","2026-03-01","366.04","2013.22","Paid","2026-03-03 00:00:00","2026-03-13 00:00:00","2026-03-16","2026-03-13"
"5428","453","2026-04-01","419.87","3149.03","Paid","2026-04-03 00:00:00","2026-04-11 00:00:00","2026-04-16","2026-04-11"
"5429","453","2026-05-01","121.44","910.8","Paid","2026-05-03 00:00:00","2026-05-16 00:00:00","2026-05-16","2026-05-16"
"5430","453","2026-06-01","384.33","2882.47","Paid","2026-06-02 00:00:00","2026-06-13 00:00:00","2026-06-16","2026-06-13"
"5431","453","2026-07-01","433.88","3037.16","Overdue","2026-07-02 00:00:00","2026-07-23 00:00:00","2026-07-16","2026-07-23"
"5432","453","2026-08-01","365.57","2558.99","Paid","2026-08-01 00:00:00","2026-08-12 00:00:00","2026-08-16","2026-08-12"
"5433","453","2026-09-01","504.23","3529.61","Pending","2026-09-03 00:00:00","2026-09-13 00:00:00","2026-09-16",""
"5434","453","2026-10-01","543.56","3804.92","Pending","2026-10-02 00:00:00","2026-10-12 00:00:00","2026-10-16",""
"5435","453","2026-11-01","867.84","6508.8","Paid","2026-11-01 00:00:00","2026-11-15 00:00:00","2026-11-16","2026-11-15"
"5436","453","2026-12-01","380.69","2474.49","Pending","2026-12-01 00:00:00","2026-12-11 00:00:00","2026-12-16",""
"5437","454","2026-01-01","508.28","2795.54","Paid","2026-01-01 00:00:00","2026-01-16 00:00:00","2026-01-16","2026-01-16"
"5438","454","2026-02-01","761.59","4950.34","Pending","2026-02-01 00:00:00","2026-02-11 00:00:00","2026-02-16",""
"5439","454","2026-03-01","639.4","3836.4","Pending","2026-03-01 00:00:00","2026-03-11 00:00:00","2026-03-16",""
"5440","454","2026-04-01","747.26","4109.93","Paid","2026-04-02 00:00:00","2026-04-13 00:00:00","2026-04-16","2026-04-13"
"5441","454","2026-05-01","686.22","4117.32","Paid","2026-05-03 00:00:00","2026-05-12 00:00:00","2026-05-16","2026-05-12"
"5442","454","2026-06-01","307.46","1691.03","Pending","2026-06-02 00:00:00","2026-06-12 00:00:00","2026-06-16",""
"5443","454","2026-07-01","125.02","750.12","Paid","2026-07-03 00:00:00","2026-07-14 00:00:00","2026-07-16","2026-07-14"
"5444","454","2026-08-01","552.61","3039.36","Paid","2026-08-03 00:00:00","2026-08-15 00:00:00","2026-08-16","2026-08-15"
"5445","454","2026-09-01","237.03","1422.18","Paid","2026-09-01 00:00:00","2026-09-11 00:00:00","2026-09-16","2026-09-11"
"5446","454","2026-10-01","577.35","3464.1","Paid","2026-10-02 00:00:00","2026-10-15 00:00:00","2026-10-16","2026-10-15"
"5447","454","2026-11-01","847.86","4663.23","Overdue","2026-11-03 00:00:00","2026-11-24 00:00:00","2026-11-16","2026-11-24"
"5448","454","2026-12-01","164.43","986.58","Paid","2026-12-02 00:00:00","2026-12-16 00:00:00","2026-12-16","2026-12-16"
"5449","455","2026-01-01","306.99","2302.43","Paid","2026-01-01 00:00:00","2026-01-14 00:00:00","2026-01-16","2026-01-14"
"5450","455","2026-02-01","357.54","2145.24","Paid","2026-02-03 00:00:00","2026-02-15 00:00:00","2026-02-16","2026-02-15"
"5451","455","2026-03-01","769.15","4614.9","Paid","2026-03-01 00:00:00","2026-03-14 00:00:00","2026-03-16","2026-03-14"
"5452","455","2026-04-01","128.37","770.22","Pending","2026-04-02 00:00:00","2026-04-12 00:00:00","2026-04-16",""
"5453","455","2026-05-01","758.7","5310.9","Overdue","2026-05-03 00:00:00","2026-05-19 00:00:00","2026-05-16","2026-05-19"
"5454","455","2026-06-01","826.76","5787.32","Paid","2026-06-03 00:00:00","2026-06-16 00:00:00","2026-06-16","2026-06-16"
"5455","455","2026-07-01","635.77","4768.27","Overdue","2026-07-03 00:00:00","2026-07-24 00:00:00","2026-07-16","2026-07-24"
"5456","455","2026-08-01","585.58","3513.48","Overdue","2026-08-03 00:00:00","2026-08-17 00:00:00","2026-08-16","2026-08-17"
"5457","455","2026-09-01","456.12","2736.72","Overdue","2026-09-02 00:00:00","2026-09-24 00:00:00","2026-09-16","2026-09-24"
"5458","455","2026-10-01","464.23","3249.61","Pending","2026-10-02 00:00:00","2026-10-12 00:00:00","2026-10-16",""
"5459","455","2026-11-01","477.81","3344.67","Paid","2026-11-02 00:00:00","2026-11-11 00:00:00","2026-11-16","2026-11-11"
"5460","455","2026-12-01","783.8","4702.8","Paid","2026-12-03 00:00:00","2026-12-12 00:00:00","2026-12-16","2026-12-12"
"5461","456","2026-01-01","88.89","488.89","Paid","2026-01-01 00:00:00","2026-01-11 00:00:00","2026-01-16","2026-01-11"
"5462","456","2026-02-01","572.48","3721.12","Paid","2026-02-02 00:00:00","2026-02-16 00:00:00","2026-02-16","2026-02-16"
"5463","456","2026-03-01","641.94","4493.58","Paid","2026-03-02 00:00:00","2026-03-16 00:00:00","2026-03-16","2026-03-16"
"5464","456","2026-04-01","199.96","1499.7","Paid","2026-04-03 00:00:00","2026-04-13 00:00:00","2026-04-16","2026-04-13"
"5465","456","2026-05-01","317.11","1744.11","Pending","2026-05-03 00:00:00","2026-05-13 00:00:00","2026-05-16",""
"5466","456","2026-06-01","706.82","5301.15","Paid","2026-06-02 00:00:00","2026-06-13 00:00:00","2026-06-16","2026-06-13"
"5467","456","2026-07-01","509.32","3565.24","Paid","2026-07-03 00:00:00","2026-07-15 00:00:00","2026-07-16","2026-07-15"
"5468","456","2026-08-01","713.67","4995.69","Paid","2026-08-02 00:00:00","2026-08-13 00:00:00","2026-08-16","2026-08-13"
"5469","456","2026-09-01","476.53","2859.18","Paid","2026-09-01 00:00:00","2026-09-13 00:00:00","2026-09-16","2026-09-13"
"5470","456","2026-10-01","767.7","5373.9","Paid","2026-10-03 00:00:00","2026-10-14 00:00:00","2026-10-16","2026-10-14"
"5471","456","2026-11-01","596.72","3281.96","Paid","2026-11-02 00:00:00","2026-11-14 00:00:00","2026-11-16","2026-11-14"
"5472","456","2026-12-01","330.01","2310.07","Paid","2026-12-02 00:00:00","2026-12-12 00:00:00","2026-12-16","2026-12-12"
"5473","457","2026-01-01","826.85","5787.95","Paid","2026-01-02 00:00:00","2026-01-15 00:00:00","2026-01-16","2026-01-15"
"5474","457","2026-02-01","116.1","870.75","Overdue","2026-02-01 00:00:00","2026-02-19 00:00:00","2026-02-16","2026-02-19"
"5475","457","2026-03-01","442.89","3321.67","Paid","2026-03-02 00:00:00","2026-03-12 00:00:00","2026-03-16","2026-03-12"
"5476","457","2026-04-01","542.74","3256.44","Paid","2026-04-03 00:00:00","2026-04-14 00:00:00","2026-04-16","2026-04-14"
"5477","457","2026-05-01","265.33","1591.98","Paid","2026-05-03 00:00:00","2026-05-16 00:00:00","2026-05-16","2026-05-16"
"5478","457","2026-06-01","357.31","2501.17","Pending","2026-06-03 00:00:00","2026-06-13 00:00:00","2026-06-16",""
"5479","457","2026-07-01","796.21","4379.16","Overdue","2026-07-01 00:00:00","2026-07-24 00:00:00","2026-07-16","2026-07-24"
"5480","457","2026-08-01","542.48","2983.64","Pending","2026-08-01 00:00:00","2026-08-11 00:00:00","2026-08-16",""
"5481","457","2026-09-01","458.91","3441.83","Overdue","2026-09-01 00:00:00","2026-09-22 00:00:00","2026-09-16","2026-09-22"
"5482","457","2026-10-01","137.0","890.5","Overdue","2026-10-01 00:00:00","2026-10-26 00:00:00","2026-10-16","2026-10-26"
"5483","457","2026-11-01","747.87","4113.28","Overdue","2026-11-01 00:00:00","2026-11-20 00:00:00","2026-11-16","2026-11-20"
"5484","457","2026-12-01","574.15","3444.9","Pending","2026-12-03 00:00:00","2026-12-13 00:00:00","2026-12-16",""
"5485","458","2026-01-01","401.78","2812.46","Pending","2026-01-01 00:00:00","2026-01-11 00:00:00","2026-01-16",""
"5486","458","2026-02-01","816.24","5305.56","Paid","2026-02-01 00:00:00","2026-02-13 00:00:00","2026-02-16","2026-02-13"
"5487","458","2026-03-01","119.53","657.41","Paid","2026-03-01 00:00:00","2026-03-13 00:00:00","2026-03-16","2026-03-13"
"5488","458","2026-04-01","625.16","3750.96","Pending","2026-04-02 00:00:00","2026-04-12 00:00:00","2026-04-16",""
"5489","458","2026-05-01","276.27","1657.62","Pending","2026-05-03 00:00:00","2026-05-13 00:00:00","2026-05-16",""
"5490","458","2026-06-01","608.89","4262.23","Pending","2026-06-01 00:00:00","2026-06-11 00:00:00","2026-06-16",""
"5491","458","2026-07-01","455.66","3189.62","Paid","2026-07-02 00:00:00","2026-07-11 00:00:00","2026-07-16","2026-07-11"
"5492","458","2026-08-01","114.7","630.85","Paid","2026-08-03 00:00:00","2026-08-11 00:00:00","2026-08-16","2026-08-11"
"5493","458","2026-09-01","228.16","1368.96","Overdue","2026-09-02 00:00:00","2026-09-17 00:00:00","2026-09-16","2026-09-17"
"5494","458","2026-10-01","849.11","5943.77","Paid","2026-10-03 00:00:00","2026-10-12 00:00:00","2026-10-16","2026-10-12"
"5495","458","2026-11-01","442.52","3318.9","Overdue","2026-11-02 00:00:00","2026-11-20 00:00:00","2026-11-16","2026-11-20"
"5496","458","2026-12-01","855.96","5991.72","Pending","2026-12-02 00:00:00","2026-12-12 00:00:00","2026-12-16",""
"5497","459","2026-01-01","877.76","6144.32","Paid","2026-01-03 00:00:00","2026-01-11 00:00:00","2026-01-16","2026-01-11"
"5498","459","2026-02-01","261.73","1570.38","Paid","2026-02-03 00:00:00","2026-02-14 00:00:00","2026-02-16","2026-02-14"
"5499","459","2026-03-01","269.27","1750.25","Pending","2026-03-01 00:00:00","2026-03-11 00:00:00","2026-03-16",""
"5500","459","2026-04-01","298.01","1788.06","Pending","2026-04-02 00:00:00","2026-04-12 00:00:00","2026-04-16",""
"5501","459","2026-05-01","853.16","5972.12","Paid","2026-05-03 00:00:00","2026-05-14 00:00:00","2026-05-16","2026-05-14"
"5502","459","2026-06-01","871.43","6100.01","Paid","2026-06-02 00:00:00","2026-06-16 00:00:00","2026-06-16","2026-06-16"
"5503","459","2026-07-01","857.76","6004.32","Paid","2026-07-02 00:00:00","2026-07-14 00:00:00","2026-07-16","2026-07-14"
"5504","459","2026-08-01","746.86","4107.73","Paid","2026-08-02 00:00:00","2026-08-15 00:00:00","2026-08-16","2026-08-15"
"5505","459","2026-09-01","488.06","3172.39","Paid","2026-09-02 00:00:00","2026-09-11 00:00:00","2026-09-16","2026-09-11"
"5506","459","2026-10-01","853.83","5122.98","Paid","2026-10-02 00:00:00","2026-10-11 00:00:00","2026-10-16","2026-10-11"
"5507","459","2026-11-01","751.92","4135.56","Overdue","2026-11-02 00:00:00","2026-11-23 00:00:00","2026-11-16","2026-11-23"
"5508","459","2026-12-01","722.26","5055.82","Paid","2026-12-03 00:00:00","2026-12-14 00:00:00","2026-12-16","2026-12-14"
"5509","460","2026-01-01","657.8","4933.5","Overdue","2026-01-01 00:00:00","2026-01-23 00:00:00","2026-01-16","2026-01-23"
"5510","460","2026-02-01","580.11","4060.77","Pending","2026-02-03 00:00:00","2026-02-13 00:00:00","2026-02-16",""
"5511","460","2026-03-01","558.08","3906.56","Paid","2026-03-03 00:00:00","2026-03-11 00:00:00","2026-03-16","2026-03-11"
"5512","460","2026-04-01","365.48","2741.1","Overdue","2026-04-03 00:00:00","2026-04-20 00:00:00","2026-04-16","2026-04-20"
"5513","460","2026-05-01","244.78","1346.29","Paid","2026-05-03 00:00:00","2026-05-11 00:00:00","2026-05-16","2026-05-11"
"5514","460","2026-06-01","453.38","3173.66","Paid","2026-06-03 00:00:00","2026-06-15 00:00:00","2026-06-16","2026-06-15"
"5515","460","2026-07-01","778.26","5058.69","Paid","2026-07-02 00:00:00","2026-07-15 00:00:00","2026-07-16","2026-07-15"
"5516","460","2026-08-01","726.41","4358.46","Paid","2026-08-02 00:00:00","2026-08-15 00:00:00","2026-08-16","2026-08-15"
"5517","460","2026-09-01","400.5","2603.25","Paid","2026-09-01 00:00:00","2026-09-13 00:00:00","2026-09-16","2026-09-13"
"5518","460","2026-10-01","698.69","3842.8","Overdue","2026-10-01 00:00:00","2026-10-18 00:00:00","2026-10-16","2026-10-18"
"5519","460","2026-11-01","417.86","2298.23","Overdue","2026-11-03 00:00:00","2026-11-24 00:00:00","2026-11-16","2026-11-24"
"5520","460","2026-12-01","831.53","4573.41","Paid","2026-12-02 00:00:00","2026-12-11 00:00:00","2026-12-16","2026-12-11"
"5521","461","2026-01-01","639.02","4792.65","Overdue","2026-01-01 00:00:00","2026-01-20 00:00:00","2026-01-16","2026-01-20"
"5522","461","2026-02-01","812.83","4876.98","Paid","2026-02-03 00:00:00","2026-02-13 00:00:00","2026-02-16","2026-02-13"
"5523","461","2026-03-01","546.52","3005.86","Paid","2026-03-01 00:00:00","2026-03-11 00:00:00","2026-03-16","2026-03-11"
"5524","461","2026-04-01","717.53","3946.41","Paid","2026-04-02 00:00:00","2026-04-13 00:00:00","2026-04-16","2026-04-13"
"5525","461","2026-05-01","485.29","2669.1","Pending","2026-05-03 00:00:00","2026-05-13 00:00:00","2026-05-16",""
"5526","461","2026-06-01","549.37","4120.27","Paid","2026-06-02 00:00:00","2026-06-12 00:00:00","2026-06-16","2026-06-12"
"5527","461","2026-07-01","120.68","905.1","Paid","2026-07-01 00:00:00","2026-07-14 00:00:00","2026-07-16","2026-07-14"
"5528","461","2026-08-01","851.38","5959.66","Pending","2026-08-01 00:00:00","2026-08-11 00:00:00","2026-08-16",""
"5529","461","2026-09-01","886.6","6649.5","Paid","2026-09-02 00:00:00","2026-09-13 00:00:00","2026-09-16","2026-09-13"
"5530","461","2026-10-01","652.12","4890.9","Paid","2026-10-03 00:00:00","2026-10-13 00:00:00","2026-10-16","2026-10-13"
"5531","461","2026-11-01","165.12","1238.4","Paid","2026-11-03 00:00:00","2026-11-16 00:00:00","2026-11-16","2026-11-16"
"5532","461","2026-12-01","618.69","3712.14","Pending","2026-12-02 00:00:00","2026-12-12 00:00:00","2026-12-16",""
"5533","462","2026-01-01","423.63","3177.22","Paid","2026-01-03 00:00:00","2026-01-12 00:00:00","2026-01-16","2026-01-12"
"5534","462","2026-02-01","189.31","1325.17","Paid","2026-02-02 00:00:00","2026-02-15 00:00:00","2026-02-16","2026-02-15"
"5535","462","2026-03-01","896.44","5826.86","Paid","2026-03-01 00:00:00","2026-03-16 00:00:00","2026-03-16","2026-03-16"
"5536","462","2026-04-01","150.24","826.32","Paid","2026-04-03 00:00:00","2026-04-16 00:00:00","2026-04-16","2026-04-16"
"5537","462","2026-05-01","762.36","5717.7","Overdue","2026-05-02 00:00:00","2026-05-25 00:00:00","2026-05-16","2026-05-25"
"5538","462","2026-06-01","538.34","3768.38","Overdue","2026-06-03 00:00:00","2026-06-21 00:00:00","2026-06-16","2026-06-21"
"5539","462","2026-07-01","794.48","5958.6","Paid","2026-07-03 00:00:00","2026-07-12 00:00:00","2026-07-16","2026-07-12"
"5540","462","2026-08-01","154.41","1158.08","Paid","2026-08-03 00:00:00","2026-08-16 00:00:00","2026-08-16","2026-08-16"
"5541","462","2026-09-01","550.83","3580.4","Paid","2026-09-03 00:00:00","2026-09-11 00:00:00","2026-09-16","2026-09-11"
"5542","462","2026-10-01","898.7","6740.25","Overdue","2026-10-03 00:00:00","2026-10-26 00:00:00","2026-10-16","2026-10-26"
"5543","462","2026-11-01","760.95","4185.23","Pending","2026-11-03 00:00:00","2026-11-13 00:00:00","2026-11-16",""
"5544","462","2026-12-01","567.52","3688.88","Pending","2026-12-02 00:00:00","2026-12-12 00:00:00","2026-12-16",""
"5545","463","2026-01-01","389.43","2141.87","Overdue","2026-01-02 00:00:00","2026-01-17 00:00:00","2026-01-16","2026-01-17"
"5546","463","2026-02-01","718.71","3952.91","Pending","2026-02-01 00:00:00","2026-02-11 00:00:00","2026-02-16",""
"5547","463","2026-03-01","467.7","3040.05","Paid","2026-03-01 00:00:00","2026-03-13 00:00:00","2026-03-16","2026-03-13"
"5548","463","2026-04-01","257.82","1675.83","Paid","2026-04-02 00:00:00","2026-04-16 00:00:00","2026-04-16","2026-04-16"
"5549","463","2026-05-01","120.9","906.75","Paid","2026-05-02 00:00:00","2026-05-15 00:00:00","2026-05-16","2026-05-15"
"5550","463","2026-06-01","795.96","4377.78","Overdue","2026-06-01 00:00:00","2026-06-20 00:00:00","2026-06-16","2026-06-20"
"5551","463","2026-07-01","738.41","4061.25","Paid","2026-07-01 00:00:00","2026-07-11 00:00:00","2026-07-16","2026-07-11"
"5552","463","2026-08-01","786.08","5895.6","Paid","2026-08-02 00:00:00","2026-08-12 00:00:00","2026-08-16","2026-08-12"
"5553","463","2026-09-01","352.15","1936.82","Paid","2026-09-01 00:00:00","2026-09-12 00:00:00","2026-09-16","2026-09-12"
"5554","463","2026-10-01","218.57","1420.7","Paid","2026-10-02 00:00:00","2026-10-16 00:00:00","2026-10-16","2026-10-16"
"5555","463","2026-11-01","415.45","2700.42","Paid","2026-11-02 00:00:00","2026-11-13 00:00:00","2026-11-16","2026-11-13"
"5556","463","2026-12-01","418.38","2928.66","Paid","2026-12-02 00:00:00","2026-12-12 00:00:00","2026-12-16","2026-12-12"
"5557","464","2026-01-01","846.53","5079.18","Pending","2026-01-01 00:00:00","2026-01-11 00:00:00","2026-01-16",""
"5558","464","2026-02-01","326.15","2446.12","Pending","2026-02-02 00:00:00","2026-02-12 00:00:00","2026-02-16",""
"5559","464","2026-03-01","682.55","5119.12","Paid","2026-03-03 00:00:00","2026-03-14 00:00:00","2026-03-16","2026-03-14"
"5560","464","2026-04-01","270.95","1490.22","Pending","2026-04-02 00:00:00","2026-04-12 00:00:00","2026-04-16",""
"5561","464","2026-05-01","847.76","4662.68","Paid","2026-05-03 00:00:00","2026-05-13 00:00:00","2026-05-16","2026-05-13"
"5562","464","2026-06-01","880.65","4843.57","Pending","2026-06-03 00:00:00","2026-06-13 00:00:00","2026-06-16",""
"5563","464","2026-07-01","703.51","3869.3","Overdue","2026-07-02 00:00:00","2026-07-25 00:00:00","2026-07-16","2026-07-25"
"5564","464","2026-08-01","801.82","4410.01","Pending","2026-08-02 00:00:00","2026-08-12 00:00:00","2026-08-16",""
"5565","464","2026-09-01","793.03","5947.72","Overdue","2026-09-03 00:00:00","2026-09-25 00:00:00","2026-09-16","2026-09-25"
"5566","464","2026-10-01","177.86","978.23","Overdue","2026-10-03 00:00:00","2026-10-19 00:00:00","2026-10-16","2026-10-19"
"5567","464","2026-11-01","755.77","4156.73","Pending","2026-11-02 00:00:00","2026-11-12 00:00:00","2026-11-16",""
"5568","464","2026-12-01","145.8","1093.5","Pending","2026-12-03 00:00:00","2026-12-13 00:00:00","2026-12-16",""
"5569","465","2026-01-01","675.4","5065.5","Paid","2026-01-03 00:00:00","2026-01-14 00:00:00","2026-01-16","2026-01-14"
"5570","465","2026-02-01","698.61","3842.36","Paid","2026-02-01 00:00:00","2026-02-15 00:00:00","2026-02-16","2026-02-15"
"5571","465","2026-03-01","804.44","5631.08","Paid","2026-03-03 00:00:00","2026-03-12 00:00:00","2026-03-16","2026-03-12"
"5572","465","2026-04-01","359.19","2155.14","Pending","2026-04-01 00:00:00","2026-04-11 00:00:00","2026-04-16",""
"5573","465","2026-05-01","887.88","5771.22","Paid","2026-05-03 00:00:00","2026-05-12 00:00:00","2026-05-16","2026-05-12"
"5574","465","2026-06-01","789.91","5134.41","Overdue","2026-06-02 00:00:00","2026-06-20 00:00:00","2026-06-16","2026-06-20"
"5575","465","2026-07-01","682.18","4434.17","Paid","2026-07-01 00:00:00","2026-07-13 00:00:00","2026-07-16","2026-07-13"
"5576","465","2026-08-01","185.2","1389.0","Paid","2026-08-03 00:00:00","2026-08-13 00:00:00","2026-08-16","2026-08-13"
"5577","465","2026-09-01","277.82","1528.01","Paid","2026-09-02 00:00:00","2026-09-14 00:00:00","2026-09-16","2026-09-14"
"5578","465","2026-10-01","382.78","2870.85","Overdue","2026-10-02 00:00:00","2026-10-21 00:00:00","2026-10-16","2026-10-21"
"5579","465","2026-11-01","130.27","846.76","Paid","2026-11-01 00:00:00","2026-11-15 00:00:00","2026-11-16","2026-11-15"
"5580","465","2026-12-01","352.02","2288.13","Paid","2026-12-02 00:00:00","2026-12-13 00:00:00","2026-12-16","2026-12-13"
"5581","466","2026-01-01","457.33","2515.32","Paid","2026-01-01 00:00:00","2026-01-13 00:00:00","2026-01-16","2026-01-13"
"5582","466","2026-02-01","583.89","4087.23","Paid","2026-02-02 00:00:00","2026-02-13 00:00:00","2026-02-16","2026-02-13"
"5583","466","2026-03-01","758.83","4932.4","Overdue","2026-03-03 00:00:00","2026-03-23 00:00:00","2026-03-16","2026-03-23"
"5584","466","2026-04-01","877.59","5704.34","Paid","2026-04-01 00:00:00","2026-04-15 00:00:00","2026-04-16","2026-04-15"
"5585","466","2026-05-01","83.51","626.33","Paid","2026-05-02 00:00:00","2026-05-14 00:00:00","2026-05-16","2026-05-14"
"5586","466","2026-06-01","235.26","1646.82","Paid","2026-06-02 00:00:00","2026-06-12 00:00:00","2026-06-16","2026-06-12"
"5587","466","2026-07-01","625.66","4692.45","Paid","2026-07-01 00:00:00","2026-07-15 00:00:00","2026-07-16","2026-07-15"
"5588","466","2026-08-01","241.75","1813.12","Paid","2026-08-02 00:00:00","2026-08-15 00:00:00","2026-08-16","2026-08-15"
"5589","466","2026-09-01","164.43","986.58","Overdue","2026-09-02 00:00:00","2026-09-26 00:00:00","2026-09-16","2026-09-26"
"5590","466","2026-10-01","163.31","1143.17","Paid","2026-10-03 00:00:00","2026-10-11 00:00:00","2026-10-16","2026-10-11"
"5591","466","2026-11-01","410.76","2669.94","Overdue","2026-11-02 00:00:00","2026-11-25 00:00:00","2026-11-16","2026-11-25"
"5592","466","2026-12-01","195.83","1272.89","Overdue","2026-12-01 00:00:00","2026-12-21 00:00:00","2026-12-16","2026-12-21"
"5593","467","2026-01-01","348.25","2611.88","Paid","2026-01-03 00:00:00","2026-01-14 00:00:00","2026-01-16","2026-01-14"
"5594","467","2026-02-01","349.19","2095.14","Overdue","2026-02-01 00:00:00","2026-02-25 00:00:00","2026-02-16","2026-02-25"
"5595","467","2026-03-01","383.5","2492.75","Overdue","2026-03-02 00:00:00","2026-03-18 00:00:00","2026-03-16","2026-03-18"
"5596","467","2026-04-01","231.22","1618.54","Paid","2026-04-03 00:00:00","2026-04-12 00:00:00","2026-04-16","2026-04-12"
"5597","467","2026-05-01","165.31","909.21","Paid","2026-05-02 00:00:00","2026-05-13 00:00:00","2026-05-16","2026-05-13"
"5598","467","2026-06-01","353.45","2120.7","Paid","2026-06-01 00:00:00","2026-06-12 00:00:00","2026-06-16","2026-06-12"
"5599","467","2026-07-01","369.67","2587.69","Overdue","2026-07-02 00:00:00","2026-07-19 00:00:00","2026-07-16","2026-07-19"
"5600","467","2026-08-01","432.84","2813.46","Paid","2026-08-02 00:00:00","2026-08-12 00:00:00","2026-08-16","2026-08-12"
"5601","467","2026-09-01","697.68","4186.08","Paid","2026-09-03 00:00:00","2026-09-16 00:00:00","2026-09-16","2026-09-16"
"5602","467","2026-10-01","127.94","767.64","Paid","2026-10-01 00:00:00","2026-10-11 00:00:00","2026-10-16","2026-10-11"
"5603","467","2026-11-01","722.13","5415.98","Paid","2026-11-02 00:00:00","2026-11-15 00:00:00","2026-11-16","2026-11-15"
"5604","467","2026-12-01","565.55","3958.85","Paid","2026-12-02 00:00:00","2026-12-13 00:00:00","2026-12-16","2026-12-13"
"5605","468","2026-01-01","649.73","4872.98","Pending","2026-01-03 00:00:00","2026-01-13 00:00:00","2026-01-16",""
"5606","468","2026-02-01","121.48","850.36","Overdue","2026-02-03 00:00:00","2026-02-23 00:00:00","2026-02-16","2026-02-23"
"5607","468","2026-03-01","450.2","2476.1","Pending","2026-03-02 00:00:00","2026-03-12 00:00:00","2026-03-16",""
"5608","468","2026-04-01","608.85","3348.68","Pending","2026-04-02 00:00:00","2026-04-12 00:00:00","2026-04-16",""
"5609","468","2026-05-01","777.43","4664.58","Paid","2026-05-01 00:00:00","2026-05-11 00:00:00","2026-05-16","2026-05-11"
"5610","468","2026-06-01","86.07","645.52","Overdue","2026-06-02 00:00:00","2026-06-20 00:00:00","2026-06-16","2026-06-20"
"5611","468","2026-07-01","762.46","4193.53","Paid","2026-07-03 00:00:00","2026-07-14 00:00:00","2026-07-16","2026-07-14"
"5612","468","2026-08-01","365.96","2378.74","Paid","2026-08-03 00:00:00","2026-08-11 00:00:00","2026-08-16","2026-08-11"
"5613","468","2026-09-01","840.08","5880.56","Paid","2026-09-03 00:00:00","2026-09-15 00:00:00","2026-09-16","2026-09-15"
"5614","468","2026-10-01","199.23","1294.99","Overdue","2026-10-01 00:00:00","2026-10-18 00:00:00","2026-10-16","2026-10-18"
"5615","468","2026-11-01","711.96","5339.7","Paid","2026-11-02 00:00:00","2026-11-16 00:00:00","2026-11-16","2026-11-16"
"5616","468","2026-12-01","738.9","5541.75","Overdue","2026-12-01 00:00:00","2026-12-23 00:00:00","2026-12-16","2026-12-23"
"5617","469","2026-01-01","324.4","2433.0","Paid","2026-01-02 00:00:00","2026-01-16 00:00:00","2026-01-16","2026-01-16"
"5618","469","2026-02-01","287.23","2010.61","Paid","2026-02-01 00:00:00","2026-02-16 00:00:00","2026-02-16","2026-02-16"
"5619","469","2026-03-01","270.24","1486.32","Pending","2026-03-03 00:00:00","2026-03-13 00:00:00","2026-03-16",""
"5620","469","2026-04-01","576.32","3457.92","Paid","2026-04-03 00:00:00","2026-04-14 00:00:00","2026-04-16","2026-04-14"
"5621","469","2026-05-01","685.54","4456.01","Overdue","2026-05-02 00:00:00","2026-05-19 00:00:00","2026-05-16","2026-05-19"
"5622","469","2026-06-01","317.92","2066.48","Overdue","2026-06-03 00:00:00","2026-06-19 00:00:00","2026-06-16","2026-06-19"
"5623","469","2026-07-01","176.8","1237.6","Pending","2026-07-01 00:00:00","2026-07-11 00:00:00","2026-07-16",""
"5624","469","2026-08-01","653.86","3923.16","Overdue","2026-08-01 00:00:00","2026-08-17 00:00:00","2026-08-16","2026-08-17"
"5625","469","2026-09-01","642.3","4174.95","Pending","2026-09-03 00:00:00","2026-09-13 00:00:00","2026-09-16",""
"5626","469","2026-10-01","653.62","4248.53","Overdue","2026-10-02 00:00:00","2026-10-26 00:00:00","2026-10-16","2026-10-26"
"5627","469","2026-11-01","761.06","4566.36","Paid","2026-11-02 00:00:00","2026-11-11 00:00:00","2026-11-16","2026-11-11"
"5628","469","2026-12-01","365.86","2743.95","Paid","2026-12-03 00:00:00","2026-12-15 00:00:00","2026-12-16","2026-12-15"
"5629","470","2026-01-01","587.48","3231.14","Overdue","2026-01-01 00:00:00","2026-01-21 00:00:00","2026-01-16","2026-01-21"
"5630","470","2026-02-01","600.64","3603.84","Paid","2026-02-03 00:00:00","2026-02-14 00:00:00","2026-02-16","2026-02-14"
"5631","470","2026-03-01","606.91","4551.82","Paid","2026-03-03 00:00:00","2026-03-13 00:00:00","2026-03-16","2026-03-13"
"5632","470","2026-04-01","189.61","1327.27","Paid","2026-04-02 00:00:00","2026-04-15 00:00:00","2026-04-16","2026-04-15"
"5633","470","2026-05-01","194.82","1461.15","Overdue","2026-05-02 00:00:00","2026-05-24 00:00:00","2026-05-16","2026-05-24"
"5634","470","2026-06-01","734.4","4039.2","Paid","2026-06-03 00:00:00","2026-06-14 00:00:00","2026-06-16","2026-06-14"
"5635","470","2026-07-01","452.66","3168.62","Paid","2026-07-01 00:00:00","2026-07-14 00:00:00","2026-07-16","2026-07-14"
"5636","470","2026-08-01","369.49","2586.43","Paid","2026-08-01 00:00:00","2026-08-11 00:00:00","2026-08-16","2026-08-11"
"5637","470","2026-09-01","884.49","4864.69","Paid","2026-09-01 00:00:00","2026-09-12 00:00:00","2026-09-16","2026-09-12"
"5638","470","2026-10-01","405.13","2430.78","Pending","2026-10-02 00:00:00","2026-10-12 00:00:00","2026-10-16",""
"5639","470","2026-11-01","117.91","707.46","Pending","2026-11-01 00:00:00","2026-11-11 00:00:00","2026-11-16",""
"5640","470","2026-12-01","874.43","6558.22","Paid","2026-12-03 00:00:00","2026-12-14 00:00:00","2026-12-16","2026-12-14"
"5641","471","2026-01-01","147.14","1029.98","Paid","2026-01-02 00:00:00","2026-01-15 00:00:00","2026-01-16","2026-01-15"
"5642","471","2026-02-01","674.2","5056.5","Paid","2026-02-03 00:00:00","2026-02-13 00:00:00","2026-02-16","2026-02-13"
"5643","471","2026-03-01","399.6","2197.8","Overdue","2026-03-02 00:00:00","2026-03-26 00:00:00","2026-03-16","2026-03-26"
"5644","471","2026-04-01","340.08","2550.6","Paid","2026-04-03 00:00:00","2026-04-15 00:00:00","2026-04-16","2026-04-15"
"5645","471","2026-05-01","516.2","2839.1","Paid","2026-05-01 00:00:00","2026-05-11 00:00:00","2026-05-16","2026-05-11"
"5646","471","2026-06-01","825.86","6193.95","Paid","2026-06-02 00:00:00","2026-06-11 00:00:00","2026-06-16","2026-06-11"
"5647","471","2026-07-01","349.07","2094.42","Pending","2026-07-03 00:00:00","2026-07-13 00:00:00","2026-07-16",""
"5648","471","2026-08-01","463.93","2783.58","Paid","2026-08-02 00:00:00","2026-08-15 00:00:00","2026-08-16","2026-08-15"
"5649","471","2026-09-01","380.84","2094.62","Paid","2026-09-01 00:00:00","2026-09-15 00:00:00","2026-09-16","2026-09-15"
"5650","471","2026-10-01","202.25","1213.5","Paid","2026-10-03 00:00:00","2026-10-16 00:00:00","2026-10-16","2026-10-16"
"5651","471","2026-11-01","110.32","606.76","Paid","2026-11-02 00:00:00","2026-11-16 00:00:00","2026-11-16","2026-11-16"
"5652","471","2026-12-01","334.02","2004.12","Paid","2026-12-02 00:00:00","2026-12-13 00:00:00","2026-12-16","2026-12-13"
"5653","472","2026-01-01","485.91","3401.37","Pending","2026-01-02 00:00:00","2026-01-12 00:00:00","2026-01-16",""
"5654","472","2026-02-01","761.82","4570.92","Overdue","2026-02-03 00:00:00","2026-02-22 00:00:00","2026-02-16","2026-02-22"
"5655","472","2026-03-01","308.97","2008.31","Pending","2026-03-01 00:00:00","2026-03-11 00:00:00","2026-03-16",""
"5656","472","2026-04-01","383.27","2874.52","Pending","2026-04-01 00:00:00","2026-04-11 00:00:00","2026-04-16",""
"5657","472","2026-05-01","485.1","3395.7","Paid","2026-05-03 00:00:00","2026-05-16 00:00:00","2026-05-16","2026-05-16"
"5658","472","2026-06-01","708.36","4604.34","Paid","2026-06-01 00:00:00","2026-06-14 00:00:00","2026-06-16","2026-06-14"
"5659","472","2026-07-01","453.46","2947.49","Paid","2026-07-02 00:00:00","2026-07-11 00:00:00","2026-07-16","2026-07-11"
"5660","472","2026-08-01","697.33","3835.32","Paid","2026-08-02 00:00:00","2026-08-16 00:00:00","2026-08-16","2026-08-16"
"5661","472","2026-09-01","174.54","1047.24","Paid","2026-09-01 00:00:00","2026-09-13 00:00:00","2026-09-16","2026-09-13"
"5662","472","2026-10-01","794.45","5561.15","Paid","2026-10-02 00:00:00","2026-10-15 00:00:00","2026-10-16","2026-10-15"
"5663","472","2026-11-01","439.02","2853.63","Overdue","2026-11-03 00:00:00","2026-11-21 00:00:00","2026-11-16","2026-11-21"
"5664","472","2026-12-01","183.28","1099.68","Paid","2026-12-01 00:00:00","2026-12-13 00:00:00","2026-12-16","2026-12-13"
"5665","473","2026-01-01","889.95","6229.65","Pending","2026-01-02 00:00:00","2026-01-12 00:00:00","2026-01-16",""
"5666","473","2026-02-01","551.32","3583.58","Paid","2026-02-01 00:00:00","2026-02-15 00:00:00","2026-02-16","2026-02-15"
"5667","473","2026-03-01","685.66","4799.62","Paid","2026-03-02 00:00:00","2026-03-15 00:00:00","2026-03-16","2026-03-15"
"5668","473","2026-04-01","623.02","3426.61","Overdue","2026-04-03 00:00:00","2026-04-19 00:00:00","2026-04-16","2026-04-19"
"5669","473","2026-05-01","445.76","2897.44","Paid","2026-05-01 00:00:00","2026-05-15 00:00:00","2026-05-16","2026-05-15"
"5670","473","2026-06-01","824.47","5771.29","Overdue","2026-06-03 00:00:00","2026-06-21 00:00:00","2026-06-16","2026-06-21"
"5671","473","2026-07-01","124.71","810.62","Paid","2026-07-03 00:00:00","2026-07-16 00:00:00","2026-07-16","2026-07-16"
"5672","473","2026-08-01","783.79","4310.84","Paid","2026-08-01 00:00:00","2026-08-13 00:00:00","2026-08-16","2026-08-13"
"5673","473","2026-09-01","566.81","3684.26","Paid","2026-09-01 00:00:00","2026-09-15 00:00:00","2026-09-16","2026-09-15"
"5674","473","2026-10-01","153.75","1153.12","Paid","2026-10-02 00:00:00","2026-10-13 00:00:00","2026-10-16","2026-10-13"
"5675","473","2026-11-01","479.84","2879.04","Paid","2026-11-01 00:00:00","2026-11-16 00:00:00","2026-11-16","2026-11-16"
"5676","473","2026-12-01","897.83","6733.73","Paid","2026-12-01 00:00:00","2026-12-14 00:00:00","2026-12-16","2026-12-14"
"5677","474","2026-01-01","129.98","779.88","Overdue","2026-01-01 00:00:00","2026-01-21 00:00:00","2026-01-16","2026-01-21"
"5678","474","2026-02-01","864.99","5622.44","Paid","2026-02-03 00:00:00","2026-02-16 00:00:00","2026-02-16","2026-02-16"
"5679","474","2026-03-01","613.67","4602.52","Paid","2026-03-01 00:00:00","2026-03-13 00:00:00","2026-03-16","2026-03-13"
"5680","474","2026-04-01","402.7","2416.2","Paid","2026-04-03 00:00:00","2026-04-12 00:00:00","2026-04-16","2026-04-12"
"5681","474","2026-05-01","101.17","607.02","Paid","2026-05-03 00:00:00","2026-05-15 00:00:00","2026-05-16","2026-05-15"
"5682","474","2026-06-01","155.64","1011.66","Paid","2026-06-03 00:00:00","2026-06-12 00:00:00","2026-06-16","2026-06-12"
"5683","474","2026-07-01","254.93","1784.51","Paid","2026-07-02 00:00:00","2026-07-11 00:00:00","2026-07-16","2026-07-11"
"5684","474","2026-08-01","772.95","5797.12","Paid","2026-08-02 00:00:00","2026-08-13 00:00:00","2026-08-16","2026-08-13"
"5685","474","2026-09-01","652.32","4892.4","Paid","2026-09-02 00:00:00","2026-09-12 00:00:00","2026-09-16","2026-09-12"
"5686","474","2026-10-01","583.33","3499.98","Paid","2026-10-01 00:00:00","2026-10-13 00:00:00","2026-10-16","2026-10-13"
"5687","474","2026-11-01","862.4","6468.0","Pending","2026-11-03 00:00:00","2026-11-13 00:00:00","2026-11-16",""
"5688","474","2026-12-01","783.35","5091.78","Paid","2026-12-03 00:00:00","2026-12-15 00:00:00","2026-12-16","2026-12-15"
"5689","475","2026-01-01","688.48","4819.36","Pending","2026-01-01 00:00:00","2026-01-11 00:00:00","2026-01-16",""
"5690","475","2026-02-01","559.8","4198.5","Pending","2026-02-03 00:00:00","2026-02-13 00:00:00","2026-02-16",""
"5691","475","2026-03-01","383.28","2491.32","Overdue","2026-03-02 00:00:00","2026-03-24 00:00:00","2026-03-16","2026-03-24"
"5692","475","2026-04-01","380.9","2666.3","Overdue","2026-04-01 00:00:00","2026-04-22 00:00:00","2026-04-16","2026-04-22"
"5693","475","2026-05-01","231.57","1505.2","Paid","2026-05-03 00:00:00","2026-05-11 00:00:00","2026-05-16","2026-05-11"
"5694","475","2026-06-01","845.78","5497.57","Paid","2026-06-01 00:00:00","2026-06-13 00:00:00","2026-06-16","2026-06-13"
"5695","475","2026-07-01","688.87","5166.52","Paid","2026-07-03 00:00:00","2026-07-14 00:00:00","2026-07-16","2026-07-14"
"5696","475","2026-08-01","244.56","1711.92","Paid","2026-08-02 00:00:00","2026-08-15 00:00:00","2026-08-16","2026-08-15"
"5697","475","2026-09-01","370.72","2780.4","Paid","2026-09-03 00:00:00","2026-09-14 00:00:00","2026-09-16","2026-09-14"
"5698","475","2026-10-01","440.95","2866.17","Paid","2026-10-02 00:00:00","2026-10-11 00:00:00","2026-10-16","2026-10-11"
"5699","475","2026-11-01","879.45","6595.88","Overdue","2026-11-02 00:00:00","2026-11-20 00:00:00","2026-11-16","2026-11-20"
"5700","475","2026-12-01","269.76","1618.56","Paid","2026-12-03 00:00:00","2026-12-12 00:00:00","2026-12-16","2026-12-12"
"5701","476","2026-01-01","566.5","3399.0","Pending","2026-01-03 00:00:00","2026-01-13 00:00:00","2026-01-16",""
"5702","476","2026-02-01","686.25","4803.75","Paid","2026-02-01 00:00:00","2026-02-15 00:00:00","2026-02-16","2026-02-15"
"5703","476","2026-03-01","702.87","4217.22","Paid","2026-03-01 00:00:00","2026-03-14 00:00:00","2026-03-16","2026-03-14"
"5704","476","2026-04-01","717.44","5380.8","Pending","2026-04-01 00:00:00","2026-04-11 00:00:00","2026-04-16",""
"5705","476","2026-05-01","378.08","2457.52","Overdue","2026-05-02 00:00:00","2026-05-19 00:00:00","2026-05-16","2026-05-19"
"5706","476","2026-06-01","325.39","1789.64","Overdue","2026-06-03 00:00:00","2026-06-19 00:00:00","2026-06-16","2026-06-19"
"5707","476","2026-07-01","493.39","3207.03","Paid","2026-07-03 00:00:00","2026-07-12 00:00:00","2026-07-16","2026-07-12"
"5708","476","2026-08-01","160.79","884.34","Paid","2026-08-01 00:00:00","2026-08-15 00:00:00","2026-08-16","2026-08-15"
"5709","476","2026-09-01","274.48","1784.12","Paid","2026-09-02 00:00:00","2026-09-12 00:00:00","2026-09-16","2026-09-12"
"5710","476","2026-10-01","830.95","6232.12","Paid","2026-10-03 00:00:00","2026-10-11 00:00:00","2026-10-16","2026-10-11"
"5711","476","2026-11-01","87.92","615.44","Pending","2026-11-01 00:00:00","2026-11-11 00:00:00","2026-11-16",""
"5712","476","2026-12-01","364.11","2730.83","Pending","2026-12-01 00:00:00","2026-12-11 00:00:00","2026-12-16",""
"5713","477","2026-01-01","421.33","2527.98","Pending","2026-01-01 00:00:00","2026-01-11 00:00:00","2026-01-16",""
"5714","477","2026-02-01","860.28","5161.68","Overdue","2026-02-02 00:00:00","2026-02-18 00:00:00","2026-02-16","2026-02-18"
"5715","477","2026-03-01","203.92","1223.52","Overdue","2026-03-02 00:00:00","2026-03-19 00:00:00","2026-03-16","2026-03-19"
"5716","477","2026-04-01","112.29","786.03","Overdue","2026-04-01 00:00:00","2026-04-23 00:00:00","2026-04-16","2026-04-23"
"5717","477","2026-05-01","867.57","4771.64","Overdue","2026-05-01 00:00:00","2026-05-21 00:00:00","2026-05-16","2026-05-21"
"5718","477","2026-06-01","804.17","6031.27","Pending","2026-06-03 00:00:00","2026-06-13 00:00:00","2026-06-16",""
"5719","477","2026-07-01","147.27","809.99","Paid","2026-07-02 00:00:00","2026-07-14 00:00:00","2026-07-16","2026-07-14"
"5720","477","2026-08-01","851.11","6383.32","Paid","2026-08-03 00:00:00","2026-08-14 00:00:00","2026-08-16","2026-08-14"
"5721","477","2026-09-01","253.72","1902.9","Pending","2026-09-01 00:00:00","2026-09-11 00:00:00","2026-09-16",""
"5722","477","2026-10-01","460.2","3221.4","Pending","2026-10-01 00:00:00","2026-10-11 00:00:00","2026-10-16",""
"5723","477","2026-11-01","303.83","1974.89","Overdue","2026-11-01 00:00:00","2026-11-21 00:00:00","2026-11-16","2026-11-21"
"5724","477","2026-12-01","529.82","3708.74","Overdue","2026-12-03 00:00:00","2026-12-24 00:00:00","2026-12-16","2026-12-24"
"5725","478","2026-01-01","399.9","2199.45","Paid","2026-01-03 00:00:00","2026-01-14 00:00:00","2026-01-16","2026-01-14"
"5726","478","2026-02-01","249.12","1494.72","Paid","2026-02-01 00:00:00","2026-02-11 00:00:00","2026-02-16","2026-02-11"
"5727","478","2026-03-01","876.19","6571.43","Overdue","2026-03-01 00:00:00","2026-03-24 00:00:00","2026-03-16","2026-03-24"
"5728","478","2026-04-01","604.11","3624.66","Paid","2026-04-02 00:00:00","2026-04-14 00:00:00","2026-04-16","2026-04-14"
"5729","478","2026-05-01","781.76","5472.32","Paid","2026-05-03 00:00:00","2026-05-14 00:00:00","2026-05-16","2026-05-14"
"5730","478","2026-06-01","884.25","5305.5","Paid","2026-06-03 00:00:00","2026-06-15 00:00:00","2026-06-16","2026-06-15"
"5731","478","2026-07-01","885.84","4872.12","Paid","2026-07-02 00:00:00","2026-07-16 00:00:00","2026-07-16","2026-07-16"
"5732","478","2026-08-01","436.42","2400.31","Pending","2026-08-03 00:00:00","2026-08-13 00:00:00","2026-08-16",""
"5733","478","2026-09-01","217.67","1523.69","Paid","2026-09-02 00:00:00","2026-09-12 00:00:00","2026-09-16","2026-09-12"
"5734","478","2026-10-01","889.6","4892.8","Paid","2026-10-01 00:00:00","2026-10-13 00:00:00","2026-10-16","2026-10-13"
"5735","478","2026-11-01","790.07","5530.49","Paid","2026-11-02 00:00:00","2026-11-15 00:00:00","2026-11-16","2026-11-15"
"5736","478","2026-12-01","825.47","4952.82","Paid","2026-12-03 00:00:00","2026-12-15 00:00:00","2026-12-16","2026-12-15"
"5737","479","2026-01-01","422.63","2324.47","Paid","2026-01-03 00:00:00","2026-01-11 00:00:00","2026-01-16","2026-01-11"
"5738","479","2026-02-01","892.7","5802.55","Pending","2026-02-03 00:00:00","2026-02-13 00:00:00","2026-02-16",""
"5739","479","2026-03-01","351.25","2458.75","Paid","2026-03-03 00:00:00","2026-03-15 00:00:00","2026-03-16","2026-03-15"
"5740","479","2026-04-01","635.3","4129.45","Overdue","2026-04-03 00:00:00","2026-04-26 00:00:00","2026-04-16","2026-04-26"
"5741","479","2026-05-01","185.83","1114.98","Paid","2026-05-02 00:00:00","2026-05-14 00:00:00","2026-05-16","2026-05-14"
"5742","479","2026-06-01","417.86","3133.95","Overdue","2026-06-03 00:00:00","2026-06-26 00:00:00","2026-06-16","2026-06-26"
"5743","479","2026-07-01","522.53","3135.18","Overdue","2026-07-01 00:00:00","2026-07-21 00:00:00","2026-07-16","2026-07-21"
"5744","479","2026-08-01","228.37","1484.4","Paid","2026-08-01 00:00:00","2026-08-14 00:00:00","2026-08-16","2026-08-14"
"5745","479","2026-09-01","605.51","3633.06","Paid","2026-09-01 00:00:00","2026-09-11 00:00:00","2026-09-16","2026-09-11"
"5746","479","2026-10-01","642.34","4175.21","Paid","2026-10-03 00:00:00","2026-10-11 00:00:00","2026-10-16","2026-10-11"
"5747","479","2026-11-01","399.17","2993.78","Overdue","2026-11-01 00:00:00","2026-11-26 00:00:00","2026-11-16","2026-11-26"
"5748","479","2026-12-01","771.55","4243.52","Pending","2026-12-01 00:00:00","2026-12-11 00:00:00","2026-12-16",""
"5749","480","2026-01-01","323.5","2426.25","Paid","2026-01-02 00:00:00","2026-01-11 00:00:00","2026-01-16","2026-01-11"
"5750","480","2026-02-01","659.03","3624.66","Paid","2026-02-01 00:00:00","2026-02-11 00:00:00","2026-02-16","2026-02-11"
"5751","480","2026-03-01","239.43","1556.3","Overdue","2026-03-03 00:00:00","2026-03-20 00:00:00","2026-03-16","2026-03-20"
"5752","480","2026-04-01","896.23","5825.49","Paid","2026-04-03 00:00:00","2026-04-15 00:00:00","2026-04-16","2026-04-15"
"5753","480","2026-05-01","899.9","5849.35","Pending","2026-05-02 00:00:00","2026-05-12 00:00:00","2026-05-16",""
"5754","480","2026-06-01","210.9","1159.95","Pending","2026-06-01 00:00:00","2026-06-11 00:00:00","2026-06-16",""
"5755","480","2026-07-01","717.32","3945.26","Overdue","2026-07-01 00:00:00","2026-07-24 00:00:00","2026-07-16","2026-07-24"
"5756","480","2026-08-01","548.97","4117.28","Paid","2026-08-03 00:00:00","2026-08-14 00:00:00","2026-08-16","2026-08-14"
"5757","480","2026-09-01","424.92","3186.9","Pending","2026-09-02 00:00:00","2026-09-12 00:00:00","2026-09-16",""
"5758","480","2026-10-01","328.24","2461.8","Paid","2026-10-03 00:00:00","2026-10-11 00:00:00","2026-10-16","2026-10-11"
"5759","480","2026-11-01","846.27","4654.48","Pending","2026-11-02 00:00:00","2026-11-12 00:00:00","2026-11-16",""
"5760","480","2026-12-01","386.04","2123.22","Paid","2026-12-03 00:00:00","2026-12-16 00:00:00","2026-12-16","2026-12-16"
"5761","481","2026-01-01","449.43","2921.3","Paid","2026-01-03 00:00:00","2026-01-11 00:00:00","2026-01-16","2026-01-11"
"5762","481","2026-02-01","457.63","2974.59","Overdue","2026-02-03 00:00:00","2026-02-26 00:00:00","2026-02-16","2026-02-26"
"5763","481","2026-03-01","463.85","3015.03","Paid","2026-03-01 00:00:00","2026-03-16 00:00:00","2026-03-16","2026-03-16"
"5764","481","2026-04-01","268.61","1745.97","Paid","2026-04-03 00:00:00","2026-04-11 00:00:00","2026-04-16","2026-04-11"
"5765","481","2026-05-01","670.15","3685.82","Paid","2026-05-03 00:00:00","2026-05-11 00:00:00","2026-05-16","2026-05-11"
"5766","481","2026-06-01","315.5","2208.5","Paid","2026-06-01 00:00:00","2026-06-12 00:00:00","2026-06-16","2026-06-12"
"5767","481","2026-07-01","883.27","5299.62","Pending","2026-07-01 00:00:00","2026-07-11 00:00:00","2026-07-16",""
"5768","481","2026-08-01","793.51","4761.06","Paid","2026-08-03 00:00:00","2026-08-15 00:00:00","2026-08-16","2026-08-15"
"5769","481","2026-09-01","111.99","783.93","Pending","2026-09-01 00:00:00","2026-09-11 00:00:00","2026-09-16",""
"5770","481","2026-10-01","335.23","1843.77","Paid","2026-10-03 00:00:00","2026-10-12 00:00:00","2026-10-16","2026-10-12"
"5771","481","2026-11-01","578.83","3472.98","Pending","2026-11-01 00:00:00","2026-11-11 00:00:00","2026-11-16",""
"5772","481","2026-12-01","487.06","3409.42","Paid","2026-12-01 00:00:00","2026-12-12 00:00:00","2026-12-16","2026-12-12"
"5773","482","2026-01-01","458.11","3206.77","Paid","2026-01-03 00:00:00","2026-01-14 00:00:00","2026-01-16","2026-01-14"
"5774","482","2026-02-01","798.7","4792.2","Overdue","2026-02-02 00:00:00","2026-02-23 00:00:00","2026-02-16","2026-02-23"
"5775","482","2026-03-01","214.85","1181.67","Paid","2026-03-01 00:00:00","2026-03-16 00:00:00","2026-03-16","2026-03-16"
"5776","482","2026-04-01","380.07","2660.49","Pending","2026-04-02 00:00:00","2026-04-12 00:00:00","2026-04-16",""
"5777","482","2026-05-01","840.53","5043.18","Pending","2026-05-03 00:00:00","2026-05-13 00:00:00","2026-05-16",""
"5778","482","2026-06-01","764.41","4586.46","Pending","2026-06-01 00:00:00","2026-06-11 00:00:00","2026-06-16",""
"5779","482","2026-07-01","357.14","2499.98","Paid","2026-07-01 00:00:00","2026-07-15 00:00:00","2026-07-16","2026-07-15"
"5780","482","2026-08-01","858.84","6011.88","Overdue","2026-08-03 00:00:00","2026-08-18 00:00:00","2026-08-16","2026-08-18"
"5781","482","2026-09-01","206.85","1137.67","Paid","2026-09-02 00:00:00","2026-09-14 00:00:00","2026-09-16","2026-09-14"
"5782","482","2026-10-01","706.32","4591.08","Paid","2026-10-02 00:00:00","2026-10-11 00:00:00","2026-10-16","2026-10-11"
"5783","482","2026-11-01","402.32","2413.92","Pending","2026-11-01 00:00:00","2026-11-11 00:00:00","2026-11-16",""
"5784","482","2026-12-01","376.38","2822.85","Overdue","2026-12-02 00:00:00","2026-12-20 00:00:00","2026-12-16","2026-12-20"
"5785","483","2026-01-01","677.01","5077.57","Paid","2026-01-03 00:00:00","2026-01-16 00:00:00","2026-01-16","2026-01-16"
"5786","483","2026-02-01","815.39","4892.34","Paid","2026-02-01 00:00:00","2026-02-11 00:00:00","2026-02-16","2026-02-11"
"5787","483","2026-03-01","165.48","910.14","Paid","2026-03-02 00:00:00","2026-03-12 00:00:00","2026-03-16","2026-03-12"
"5788","483","2026-04-01","618.39","4328.73","Pending","2026-04-01 00:00:00","2026-04-11 00:00:00","2026-04-16",""
"5789","483","2026-05-01","266.03","1463.16","Pending","2026-05-03 00:00:00","2026-05-13 00:00:00","2026-05-16",""
"5790","483","2026-06-01","241.96","1693.72","Pending","2026-06-02 00:00:00","2026-06-12 00:00:00","2026-06-16",""
"5791","483","2026-07-01","229.53","1377.18","Paid","2026-07-01 00:00:00","2026-07-13 00:00:00","2026-07-16","2026-07-13"
"5792","483","2026-08-01","830.08","6225.6","Paid","2026-08-03 00:00:00","2026-08-14 00:00:00","2026-08-16","2026-08-14"
"5793","483","2026-09-01","304.08","1976.52","Overdue","2026-09-01 00:00:00","2026-09-19 00:00:00","2026-09-16","2026-09-19"
"5794","483","2026-10-01","416.65","2708.22","Paid","2026-10-03 00:00:00","2026-10-11 00:00:00","2026-10-16","2026-10-11"
"5795","483","2026-11-01","299.47","1946.56","Overdue","2026-11-02 00:00:00","2026-11-22 00:00:00","2026-11-16","2026-11-22"
"5796","483","2026-12-01","619.03","4642.72","Pending","2026-12-03 00:00:00","2026-12-13 00:00:00","2026-12-16",""
"5797","484","2026-01-01","818.41","4910.46","Pending","2026-01-01 00:00:00","2026-01-11 00:00:00","2026-01-16",""
"5798","484","2026-02-01","836.15","5853.05","Paid","2026-02-03 00:00:00","2026-02-15 00:00:00","2026-02-16","2026-02-15"
"5799","484","2026-03-01","766.01","4979.06","Paid","2026-03-03 00:00:00","2026-03-11 00:00:00","2026-03-16","2026-03-11"
"5800","484","2026-04-01","426.03","2556.18","Pending","2026-04-01 00:00:00","2026-04-11 00:00:00","2026-04-16",""
"5801","484","2026-05-01","786.19","4324.05","Overdue","2026-05-02 00:00:00","2026-05-21 00:00:00","2026-05-16","2026-05-21"
"5802","484","2026-06-01","659.24","4944.3","Pending","2026-06-02 00:00:00","2026-06-12 00:00:00","2026-06-16",""
"5803","484","2026-07-01","658.99","4942.43","Pending","2026-07-01 00:00:00","2026-07-11 00:00:00","2026-07-16",""
"5804","484","2026-08-01","669.24","4350.06","Paid","2026-08-03 00:00:00","2026-08-15 00:00:00","2026-08-16","2026-08-15"
"5805","484","2026-09-01","828.69","4557.8","Paid","2026-09-03 00:00:00","2026-09-15 00:00:00","2026-09-16","2026-09-15"
"5806","484","2026-10-01","225.12","1463.28","Paid","2026-10-02 00:00:00","2026-10-13 00:00:00","2026-10-16","2026-10-13"
"5807","484","2026-11-01","394.92","2764.44","Paid","2026-11-01 00:00:00","2026-11-15 00:00:00","2026-11-16","2026-11-15"
"5808","484","2026-12-01","264.2","1585.2","Paid","2026-12-03 00:00:00","2026-12-12 00:00:00","2026-12-16","2026-12-12"
"5809","485","2026-01-01","422.37","2745.41","Paid","2026-01-02 00:00:00","2026-01-15 00:00:00","2026-01-16","2026-01-15"
"5810","485","2026-02-01","666.84","4334.46","Paid","2026-02-03 00:00:00","2026-02-16 00:00:00","2026-02-16","2026-02-16"
"5811","485","2026-03-01","645.46","3550.03","Paid","2026-03-01 00:00:00","2026-03-14 00:00:00","2026-03-16","2026-03-14"
"5812","485","2026-04-01","294.7","1915.55","Pending","2026-04-01 00:00:00","2026-04-11 00:00:00","2026-04-16",""
"5813","485","2026-05-01","147.85","1108.88","Paid","2026-05-02 00:00:00","2026-05-12 00:00:00","2026-05-16","2026-05-12"
"5814","485","2026-06-01","697.33","5229.98","Overdue","2026-06-03 00:00:00","2026-06-26 00:00:00","2026-06-16","2026-06-26"
"5815","485","2026-07-01","609.37","3960.91","Pending","2026-07-02 00:00:00","2026-07-12 00:00:00","2026-07-16",""
"5816","485","2026-08-01","133.31","799.86","Pending","2026-08-02 00:00:00","2026-08-12 00:00:00","2026-08-16",""
"5817","485","2026-09-01","102.46","665.99","Paid","2026-09-03 00:00:00","2026-09-16 00:00:00","2026-09-16","2026-09-16"
"5818","485","2026-10-01","352.12","2640.9","Overdue","2026-10-03 00:00:00","2026-10-26 00:00:00","2026-10-16","2026-10-26"
"5819","485","2026-11-01","835.58","5431.27","Paid","2026-11-02 00:00:00","2026-11-16 00:00:00","2026-11-16","2026-11-16"
"5820","485","2026-12-01","258.13","1548.78","Pending","2026-12-02 00:00:00","2026-12-12 00:00:00","2026-12-16",""
"5821","486","2026-01-01","154.83","1083.81","Paid","2026-01-02 00:00:00","2026-01-11 00:00:00","2026-01-16","2026-01-11"
"5822","486","2026-02-01","347.6","1911.8","Pending","2026-02-01 00:00:00","2026-02-11 00:00:00","2026-02-16",""
"5823","486","2026-03-01","355.78","2312.57","Paid","2026-03-01 00:00:00","2026-03-13 00:00:00","2026-03-16","2026-03-13"
"5824","486","2026-04-01","367.56","2756.7","Paid","2026-04-03 00:00:00","2026-04-11 00:00:00","2026-04-16","2026-04-11"
"5825","486","2026-05-01","300.76","2105.32","Paid","2026-05-03 00:00:00","2026-05-14 00:00:00","2026-05-16","2026-05-14"
"5826","486","2026-06-01","681.74","4090.44","Overdue","2026-06-02 00:00:00","2026-06-22 00:00:00","2026-06-16","2026-06-22"
"5827","486","2026-07-01","209.83","1573.73","Overdue","2026-07-01 00:00:00","2026-07-21 00:00:00","2026-07-16","2026-07-21"
"5828","486","2026-08-01","203.51","1424.57","Paid","2026-08-03 00:00:00","2026-08-15 00:00:00","2026-08-16","2026-08-15"
"5829","486","2026-09-01","136.06","1020.45","Paid","2026-09-01 00:00:00","2026-09-15 00:00:00","2026-09-16","2026-09-15"
"5830","486","2026-10-01","552.97","3317.82","Paid","2026-10-02 00:00:00","2026-10-11 00:00:00","2026-10-16","2026-10-11"
"5831","486","2026-11-01","392.38","2746.66","Pending","2026-11-01 00:00:00","2026-11-11 00:00:00","2026-11-16",""
"5832","486","2026-12-01","238.89","1791.67","Paid","2026-12-01 00:00:00","2026-12-11 00:00:00","2026-12-16","2026-12-11"
"5833","487","2026-01-01","540.25","3781.75","Pending","2026-01-01 00:00:00","2026-01-11 00:00:00","2026-01-16",""
"5834","487","2026-02-01","819.97","5739.79","Paid","2026-02-02 00:00:00","2026-02-12 00:00:00","2026-02-16","2026-02-12"
"5835","487","2026-03-01","868.11","4774.61","Paid","2026-03-02 00:00:00","2026-03-12 00:00:00","2026-03-16","2026-03-12"
"5836","487","2026-04-01","657.56","3945.36","Paid","2026-04-02 00:00:00","2026-04-11 00:00:00","2026-04-16","2026-04-11"
"5837","487","2026-05-01","329.22","1975.32","Paid","2026-05-02 00:00:00","2026-05-15 00:00:00","2026-05-16","2026-05-15"
"5838","487","2026-06-01","473.86","3080.09","Pending","2026-06-03 00:00:00","2026-06-13 00:00:00","2026-06-16",""
"5839","487","2026-07-01","738.79","4802.14","Paid","2026-07-02 00:00:00","2026-07-14 00:00:00","2026-07-16","2026-07-14"
"5840","487","2026-08-01","684.78","5135.85","Paid","2026-08-03 00:00:00","2026-08-15 00:00:00","2026-08-16","2026-08-15"
"5841","487","2026-09-01","757.02","4920.63","Overdue","2026-09-02 00:00:00","2026-09-22 00:00:00","2026-09-16","2026-09-22"
"5842","487","2026-10-01","395.27","2173.98","Paid","2026-10-02 00:00:00","2026-10-13 00:00:00","2026-10-16","2026-10-13"
"5843","487","2026-11-01","688.63","4820.41","Paid","2026-11-03 00:00:00","2026-11-12 00:00:00","2026-11-16","2026-11-12"
"5844","487","2026-12-01","570.3","3421.8","Paid","2026-12-03 00:00:00","2026-12-16 00:00:00","2026-12-16","2026-12-16"
"5845","488","2026-01-01","271.5","1900.5","Pending","2026-01-01 00:00:00","2026-01-11 00:00:00","2026-01-16",""
"5846","488","2026-02-01","87.17","566.61","Paid","2026-02-02 00:00:00","2026-02-13 00:00:00","2026-02-16","2026-02-13"
"5847","488","2026-03-01","340.11","2040.66","Pending","2026-03-03 00:00:00","2026-03-13 00:00:00","2026-03-16",""
"5848","488","2026-04-01","603.62","3621.72","Paid","2026-04-03 00:00:00","2026-04-12 00:00:00","2026-04-16","2026-04-12"
"5849","488","2026-05-01","100.66","654.29","Paid","2026-05-01 00:00:00","2026-05-14 00:00:00","2026-05-16","2026-05-14"
"5850","488","2026-06-01","727.19","4726.74","Pending","2026-06-01 00:00:00","2026-06-11 00:00:00","2026-06-16",""
"5851","488","2026-07-01","879.98","5719.87","Paid","2026-07-03 00:00:00","2026-07-14 00:00:00","2026-07-16","2026-07-14"
"5852","488","2026-08-01","284.62","1850.03","Paid","2026-08-03 00:00:00","2026-08-11 00:00:00","2026-08-16","2026-08-11"
"5853","488","2026-09-01","806.13","4836.78","Paid","2026-09-01 00:00:00","2026-09-11 00:00:00","2026-09-16","2026-09-11"
"5854","488","2026-10-01","845.35","5072.1","Paid","2026-10-02 00:00:00","2026-10-11 00:00:00","2026-10-16","2026-10-11"
"5855","488","2026-11-01","591.3","3843.45","Paid","2026-11-02 00:00:00","2026-11-14 00:00:00","2026-11-16","2026-11-14"
"5856","488","2026-12-01","321.78","1930.68","Paid","2026-12-02 00:00:00","2026-12-12 00:00:00","2026-12-16","2026-12-12"
"5857","489","2026-01-01","271.62","1765.53","Paid","2026-01-03 00:00:00","2026-01-16 00:00:00","2026-01-16","2026-01-16"
"5858","489","2026-02-01","744.92","4469.52","Paid","2026-02-01 00:00:00","2026-02-11 00:00:00","2026-02-16","2026-02-11"
"5859","489","2026-03-01","118.64","771.16","Paid","2026-03-01 00:00:00","2026-03-16 00:00:00","2026-03-16","2026-03-16"
"5860","489","2026-04-01","856.97","4713.34","Pending","2026-04-02 00:00:00","2026-04-12 00:00:00","2026-04-16",""
"5861","489","2026-05-01","102.06","663.39","Overdue","2026-05-01 00:00:00","2026-05-25 00:00:00","2026-05-16","2026-05-25"
"5862","489","2026-06-01","447.75","3358.12","Paid","2026-06-01 00:00:00","2026-06-13 00:00:00","2026-06-16","2026-06-13"
"5863","489","2026-07-01","352.42","2290.73","Overdue","2026-07-01 00:00:00","2026-07-19 00:00:00","2026-07-16","2026-07-19"
"5864","489","2026-08-01","260.27","1821.89","Overdue","2026-08-03 00:00:00","2026-08-25 00:00:00","2026-08-16","2026-08-25"
"5865","489","2026-09-01","518.8","3631.6","Paid","2026-09-03 00:00:00","2026-09-12 00:00:00","2026-09-16","2026-09-12"
"5866","489","2026-10-01","856.8","5997.6","Overdue","2026-10-01 00:00:00","2026-10-19 00:00:00","2026-10-16","2026-10-19"
"5867","489","2026-11-01","261.17","1436.44","Paid","2026-11-03 00:00:00","2026-11-15 00:00:00","2026-11-16","2026-11-15"
"5868","489","2026-12-01","747.43","4858.3","Paid","2026-12-01 00:00:00","2026-12-12 00:00:00","2026-12-16","2026-12-12"
"5869","490","2026-01-01","568.03","3408.18","Overdue","2026-01-03 00:00:00","2026-01-21 00:00:00","2026-01-16","2026-01-21"
"5870","490","2026-02-01","700.24","4901.68","Paid","2026-02-02 00:00:00","2026-02-16 00:00:00","2026-02-16","2026-02-16"
"5871","490","2026-03-01","498.55","3240.58","Pending","2026-03-02 00:00:00","2026-03-12 00:00:00","2026-03-16",""
"5872","490","2026-04-01","659.97","4619.79","Paid","2026-04-03 00:00:00","2026-04-16 00:00:00","2026-04-16","2026-04-16"
"5873","490","2026-05-01","745.46","4472.76","Pending","2026-05-02 00:00:00","2026-05-12 00:00:00","2026-05-16",""
"5874","490","2026-06-01","327.46","1801.03","Pending","2026-06-01 00:00:00","2026-06-11 00:00:00","2026-06-16",""
"5875","490","2026-07-01","498.04","3486.28","Paid","2026-07-03 00:00:00","2026-07-14 00:00:00","2026-07-16","2026-07-14"
"5876","490","2026-08-01","349.18","1920.49","Overdue","2026-08-03 00:00:00","2026-08-18 00:00:00","2026-08-16","2026-08-18"
"5877","490","2026-09-01","163.95","1229.62","Paid","2026-09-03 00:00:00","2026-09-14 00:00:00","2026-09-16","2026-09-14"
"5878","490","2026-10-01","607.24","4250.68","Paid","2026-10-03 00:00:00","2026-10-12 00:00:00","2026-10-16","2026-10-12"
"5879","490","2026-11-01","517.41","3104.46","Paid","2026-11-02 00:00:00","2026-11-12 00:00:00","2026-11-16","2026-11-12"
"5880","490","2026-12-01","518.2","3109.2","Paid","2026-12-03 00:00:00","2026-12-14 00:00:00","2026-12-16","2026-12-14"
"5881","491","2026-01-01","89.15","668.62","Paid","2026-01-02 00:00:00","2026-01-11 00:00:00","2026-01-16","2026-01-11"
"5882","491","2026-02-01","457.87","2747.22","Paid","2026-02-03 00:00:00","2026-02-16 00:00:00","2026-02-16","2026-02-16"
"5883","491","2026-03-01","655.67","4589.69","Paid","2026-03-01 00:00:00","2026-03-12 00:00:00","2026-03-16","2026-03-12"
"5884","491","2026-04-01","285.53","2141.47","Overdue","2026-04-02 00:00:00","2026-04-23 00:00:00","2026-04-16","2026-04-23"
"5885","491","2026-05-01","335.21","2514.07","Pending","2026-05-02 00:00:00","2026-05-12 00:00:00","2026-05-16",""
"5886","491","2026-06-01","421.24","2527.44","Paid","2026-06-02 00:00:00","2026-06-16 00:00:00","2026-06-16","2026-06-16"
"5887","491","2026-07-01","93.8","703.5","Paid","2026-07-02 00:00:00","2026-07-14 00:00:00","2026-07-16","2026-07-14"
"5888","491","2026-08-01","168.22","1177.54","Paid","2026-08-01 00:00:00","2026-08-15 00:00:00","2026-08-16","2026-08-15"
"5889","491","2026-09-01","102.82","668.33","Overdue","2026-09-02 00:00:00","2026-09-18 00:00:00","2026-09-16","2026-09-18"
"5890","491","2026-10-01","447.92","2911.48","Paid","2026-10-02 00:00:00","2026-10-16 00:00:00","2026-10-16","2026-10-16"
"5891","491","2026-11-01","665.61","4659.27","Overdue","2026-11-01 00:00:00","2026-11-22 00:00:00","2026-11-16","2026-11-22"
"5892","491","2026-12-01","428.12","2996.84","Pending","2026-12-02 00:00:00","2026-12-12 00:00:00","2026-12-16",""
"5893","492","2026-01-01","819.39","6145.43","Paid","2026-01-02 00:00:00","2026-01-14 00:00:00","2026-01-16","2026-01-14"
"5894","492","2026-02-01","895.5","5820.75","Paid","2026-02-02 00:00:00","2026-02-12 00:00:00","2026-02-16","2026-02-12"
"5895","492","2026-03-01","626.59","4699.43","Pending","2026-03-01 00:00:00","2026-03-11 00:00:00","2026-03-16",""
"5896","492","2026-04-01","348.97","2268.31","Overdue","2026-04-02 00:00:00","2026-04-20 00:00:00","2026-04-16","2026-04-20"
"5897","492","2026-05-01","272.5","1771.25","Paid","2026-05-02 00:00:00","2026-05-13 00:00:00","2026-05-16","2026-05-13"
"5898","492","2026-06-01","646.55","3556.02","Overdue","2026-06-01 00:00:00","2026-06-18 00:00:00","2026-06-16","2026-06-18"
"5899","492","2026-07-01","451.67","3161.69","Overdue","2026-07-03 00:00:00","2026-07-18 00:00:00","2026-07-16","2026-07-18"
"5900","492","2026-08-01","824.83","6186.23","Paid","2026-08-03 00:00:00","2026-08-15 00:00:00","2026-08-16","2026-08-15"
"5901","492","2026-09-01","513.51","3594.57","Pending","2026-09-01 00:00:00","2026-09-11 00:00:00","2026-09-16",""
"5902","492","2026-10-01","622.41","4668.07","Overdue","2026-10-02 00:00:00","2026-10-25 00:00:00","2026-10-16","2026-10-25"
"5903","492","2026-11-01","831.58","4573.69","Pending","2026-11-03 00:00:00","2026-11-13 00:00:00","2026-11-16",""
"5904","492","2026-12-01","421.83","2320.07","Overdue","2026-12-01 00:00:00","2026-12-17 00:00:00","2026-12-16","2026-12-17"
"5905","493","2026-01-01","372.45","2420.92","Paid","2026-01-02 00:00:00","2026-01-13 00:00:00","2026-01-16","2026-01-13"
"5906","493","2026-02-01","477.99","3345.93","Paid","2026-02-01 00:00:00","2026-02-15 00:00:00","2026-02-16","2026-02-15"
"5907","493","2026-03-01","343.48","1889.14","Overdue","2026-03-01 00:00:00","2026-03-20 00:00:00","2026-03-16","2026-03-20"
"5908","493","2026-04-01","182.54","1369.05","Paid","2026-04-03 00:00:00","2026-04-12 00:00:00","2026-04-16","2026-04-12"
"5909","493","2026-05-01","754.85","4151.68","Overdue","2026-05-02 00:00:00","2026-05-19 00:00:00","2026-05-16","2026-05-19"
"5910","493","2026-06-01","291.88","1605.34","Paid","2026-06-03 00:00:00","2026-06-16 00:00:00","2026-06-16","2026-06-16"
"5911","493","2026-07-01","540.18","3781.26","Overdue","2026-07-03 00:00:00","2026-07-23 00:00:00","2026-07-16","2026-07-23"
"5912","493","2026-08-01","260.4","1432.2","Paid","2026-08-02 00:00:00","2026-08-14 00:00:00","2026-08-16","2026-08-14"
"5913","493","2026-09-01","733.56","4034.58","Paid","2026-09-01 00:00:00","2026-09-15 00:00:00","2026-09-16","2026-09-15"
"5914","493","2026-10-01","787.16","5903.7","Paid","2026-10-02 00:00:00","2026-10-16 00:00:00","2026-10-16","2026-10-16"
"5915","493","2026-11-01","662.59","4969.43","Paid","2026-11-02 00:00:00","2026-11-13 00:00:00","2026-11-16","2026-11-13"
"5916","493","2026-12-01","346.67","2426.69","Pending","2026-12-02 00:00:00","2026-12-12 00:00:00","2026-12-16",""
"5917","494","2026-01-01","464.03","3480.22","Paid","2026-01-03 00:00:00","2026-01-11 00:00:00","2026-01-16","2026-01-11"
"5918","494","2026-02-01","629.1","4718.25","Paid","2026-02-02 00:00:00","2026-02-15 00:00:00","2026-02-16","2026-02-15"
"5919","494","2026-03-01","100.62","603.72","Paid","2026-03-02 00:00:00","2026-03-15 00:00:00","2026-03-16","2026-03-15"
"5920","494","2026-04-01","437.87","2846.16","Pending","2026-04-01 00:00:00","2026-04-11 00:00:00","2026-04-16",""
"5921","494","2026-05-01","880.28","4841.54","Paid","2026-05-03 00:00:00","2026-05-14 00:00:00","2026-05-16","2026-05-14"
"5922","494","2026-06-01","845.18","5493.67","Paid","2026-06-01 00:00:00","2026-06-13 00:00:00","2026-06-16","2026-06-13"
"5923","494","2026-07-01","773.32","5026.58","Pending","2026-07-03 00:00:00","2026-07-13 00:00:00","2026-07-16",""
"5924","494","2026-08-01","567.78","3690.57","Paid","2026-08-01 00:00:00","2026-08-13 00:00:00","2026-08-16","2026-08-13"
"5925","494","2026-09-01","382.71","2678.97","Paid","2026-09-02 00:00:00","2026-09-11 00:00:00","2026-09-16","2026-09-11"
"5926","494","2026-10-01","817.79","4497.84","Paid","2026-10-02 00:00:00","2026-10-16 00:00:00","2026-10-16","2026-10-16"
"5927","494","2026-11-01","508.95","3308.17","Paid","2026-11-02 00:00:00","2026-11-16 00:00:00","2026-11-16","2026-11-16"
"5928","494","2026-12-01","254.44","1399.42","Paid","2026-12-01 00:00:00","2026-12-15 00:00:00","2026-12-16","2026-12-15"
"5929","495","2026-01-01","738.0","4059.0","Paid","2026-01-02 00:00:00","2026-01-15 00:00:00","2026-01-16","2026-01-15"
"5930","495","2026-02-01","744.74","4096.07","Overdue","2026-02-02 00:00:00","2026-02-18 00:00:00","2026-02-16","2026-02-18"
"5931","495","2026-03-01","542.55","4069.12","Overdue","2026-03-02 00:00:00","2026-03-22 00:00:00","2026-03-16","2026-03-22"
"5932","495","2026-04-01","525.76","3154.56","Paid","2026-04-03 00:00:00","2026-04-14 00:00:00","2026-04-16","2026-04-14"
"5933","495","2026-05-01","303.21","2274.07","Overdue","2026-05-03 00:00:00","2026-05-25 00:00:00","2026-05-16","2026-05-25"
"5934","495","2026-06-01","349.68","2447.76","Overdue","2026-06-03 00:00:00","2026-06-21 00:00:00","2026-06-16","2026-06-21"
"5935","495","2026-07-01","484.3","3147.95","Overdue","2026-07-01 00:00:00","2026-07-26 00:00:00","2026-07-16","2026-07-26"
"5936","495","2026-08-01","463.28","3011.32","Paid","2026-08-02 00:00:00","2026-08-11 00:00:00","2026-08-16","2026-08-11"
"5937","495","2026-09-01","782.54","4695.24","Pending","2026-09-02 00:00:00","2026-09-12 00:00:00","2026-09-16",""
"5938","495","2026-10-01","598.51","4189.57","Pending","2026-10-02 00:00:00","2026-10-12 00:00:00","2026-10-16",""
"5939","495","2026-11-01","211.15","1266.9","Overdue","2026-11-03 00:00:00","2026-11-19 00:00:00","2026-11-16","2026-11-19"
"5940","495","2026-12-01","788.97","4733.82","Paid","2026-12-03 00:00:00","2026-12-13 00:00:00","2026-12-16","2026-12-13"
"5941","496","2026-01-01","185.92","1394.4","Paid","2026-01-02 00:00:00","2026-01-16 00:00:00","2026-01-16","2026-01-16"
"5942","496","2026-02-01","532.01","3458.07","Pending","2026-02-03 00:00:00","2026-02-13 00:00:00","2026-02-16",""
"5943","496","2026-03-01","768.77","4228.23","Pending","2026-03-01 00:00:00","2026-03-11 00:00:00","2026-03-16",""
"5944","496","2026-04-01","546.92","3554.98","Paid","2026-04-03 00:00:00","2026-04-15 00:00:00","2026-04-16","2026-04-15"
"5945","496","2026-05-01","565.94","3678.61","Paid","2026-05-03 00:00:00","2026-05-11 00:00:00","2026-05-16","2026-05-11"
"5946","496","2026-06-01","218.95","1642.12","Paid","2026-06-01 00:00:00","2026-06-14 00:00:00","2026-06-16","2026-06-14"
"5947","496","2026-07-01","353.37","2473.59","Paid","2026-07-01 00:00:00","2026-07-15 00:00:00","2026-07-16","2026-07-15"
"5948","496","2026-08-01","574.52","3447.12","Paid","2026-08-02 00:00:00","2026-08-16 00:00:00","2026-08-16","2026-08-16"
"5949","496","2026-09-01","702.38","3863.09","Paid","2026-09-02 00:00:00","2026-09-13 00:00:00","2026-09-16","2026-09-13"
"5950","496","2026-10-01","697.84","3838.12","Paid","2026-10-03 00:00:00","2026-10-11 00:00:00","2026-10-16","2026-10-11"
"5951","496","2026-11-01","458.95","3442.12","Paid","2026-11-01 00:00:00","2026-11-15 00:00:00","2026-11-16","2026-11-15"
"5952","496","2026-12-01","574.86","4311.45","Overdue","2026-12-01 00:00:00","2026-12-17 00:00:00","2026-12-16","2026-12-17"
"5953","497","2026-01-01","877.79","5266.74","Paid","2026-01-03 00:00:00","2026-01-11 00:00:00","2026-01-16","2026-01-11"
"5954","497","2026-02-01","140.98","986.86","Paid","2026-02-02 00:00:00","2026-02-11 00:00:00","2026-02-16","2026-02-11"
"5955","497","2026-03-01","489.81","3673.57","Overdue","2026-03-01 00:00:00","2026-03-24 00:00:00","2026-03-16","2026-03-24"
"5956","497","2026-04-01","483.29","2658.1","Paid","2026-04-01 00:00:00","2026-04-13 00:00:00","2026-04-16","2026-04-13"
"5957","497","2026-05-01","842.86","4635.73","Paid","2026-05-01 00:00:00","2026-05-12 00:00:00","2026-05-16","2026-05-12"
"5958","497","2026-06-01","650.55","4879.12","Overdue","2026-06-01 00:00:00","2026-06-26 00:00:00","2026-06-16","2026-06-26"
"5959","497","2026-07-01","795.84","5172.96","Paid","2026-07-03 00:00:00","2026-07-12 00:00:00","2026-07-16","2026-07-12"
"5960","497","2026-08-01","508.28","3557.96","Paid","2026-08-02 00:00:00","2026-08-12 00:00:00","2026-08-16","2026-08-12"
"5961","497","2026-09-01","505.9","3541.3","Paid","2026-09-01 00:00:00","2026-09-15 00:00:00","2026-09-16","2026-09-15"
"5962","497","2026-10-01","289.86","2173.95","Paid","2026-10-01 00:00:00","2026-10-11 00:00:00","2026-10-16","2026-10-11"
"5963","497","2026-11-01","173.37","953.54","Pending","2026-11-03 00:00:00","2026-11-13 00:00:00","2026-11-16",""
"5964","497","2026-12-01","471.49","3536.18","Overdue","2026-12-02 00:00:00","2026-12-20 00:00:00","2026-12-16","2026-12-20"
"5965","498","2026-01-01","306.26","2143.82","Paid","2026-01-01 00:00:00","2026-01-13 00:00:00","2026-01-16","2026-01-13"
"5966","498","2026-02-01","586.59","4106.13","Paid","2026-02-03 00:00:00","2026-02-13 00:00:00","2026-02-16","2026-02-13"
"5967","498","2026-03-01","281.58","1971.06","Paid","2026-03-01 00:00:00","2026-03-13 00:00:00","2026-03-16","2026-03-13"
"5968","498","2026-04-01","521.29","3388.38","Overdue","2026-04-01 00:00:00","2026-04-17 00:00:00","2026-04-16","2026-04-17"
"5969","498","2026-05-01","308.51","1851.06","Paid","2026-05-01 00:00:00","2026-05-13 00:00:00","2026-05-16","2026-05-13"
"5970","498","2026-06-01","92.98","557.88","Paid","2026-06-01 00:00:00","2026-06-13 00:00:00","2026-06-16","2026-06-13"
"5971","498","2026-07-01","393.92","2560.48","Overdue","2026-07-01 00:00:00","2026-07-17 00:00:00","2026-07-16","2026-07-17"
"5972","498","2026-08-01","535.19","3478.74","Paid","2026-08-02 00:00:00","2026-08-16 00:00:00","2026-08-16","2026-08-16"
"5973","498","2026-09-01","566.2","3114.1","Overdue","2026-09-02 00:00:00","2026-09-18 00:00:00","2026-09-16","2026-09-18"
"5974","498","2026-10-01","541.74","2979.57","Paid","2026-10-01 00:00:00","2026-10-11 00:00:00","2026-10-16","2026-10-11"
"5975","498","2026-11-01","754.43","5658.22","Paid","2026-11-02 00:00:00","2026-11-13 00:00:00","2026-11-16","2026-11-13"
"5976","498","2026-12-01","181.04","1176.76","Pending","2026-12-03 00:00:00","2026-12-13 00:00:00","2026-12-16",""
"5977","499","2026-01-01","559.92","3359.52","Paid","2026-01-02 00:00:00","2026-01-13 00:00:00","2026-01-16","2026-01-13"
"5978","499","2026-02-01","569.87","4274.02","Pending","2026-02-01 00:00:00","2026-02-11 00:00:00","2026-02-16",""
"5979","499","2026-03-01","309.13","1700.21","Paid","2026-03-02 00:00:00","2026-03-15 00:00:00","2026-03-16","2026-03-15"
"5980","499","2026-04-01","535.13","4013.47","Paid","2026-04-01 00:00:00","2026-04-15 00:00:00","2026-04-16","2026-04-15"
"5981","499","2026-05-01","500.52","3503.64","Paid","2026-05-01 00:00:00","2026-05-16 00:00:00","2026-05-16","2026-05-16"
"5982","499","2026-06-01","843.26","5481.19","Paid","2026-06-01 00:00:00","2026-06-12 00:00:00","2026-06-16","2026-06-12"
"5983","499","2026-07-01","447.87","2463.28","Pending","2026-07-02 00:00:00","2026-07-12 00:00:00","2026-07-16",""
"5984","499","2026-08-01","162.83","1139.81","Paid","2026-08-03 00:00:00","2026-08-15 00:00:00","2026-08-16","2026-08-15"
"5985","499","2026-09-01","313.26","1879.56","Paid","2026-09-02 00:00:00","2026-09-12 00:00:00","2026-09-16","2026-09-12"
"5986","499","2026-10-01","110.89","776.23","Pending","2026-10-02 00:00:00","2026-10-12 00:00:00","2026-10-16",""
"5987","499","2026-11-01","599.7","3298.35","Overdue","2026-11-01 00:00:00","2026-11-23 00:00:00","2026-11-16","2026-11-23"
"5988","499","2026-12-01","238.63","1670.41","Pending","2026-12-01 00:00:00","2026-12-11 00:00:00","2026-12-16",""
"5989","500","2026-01-01","171.06","1026.36","Paid","2026-01-02 00:00:00","2026-01-16 00:00:00","2026-01-16","2026-01-16"
"5990","500","2026-02-01","771.95","5403.65","Paid","2026-02-01 00:00:00","2026-02-15 00:00:00","2026-02-16","2026-02-15"
"5991","500","2026-03-01","179.15","1254.05","Paid","2026-03-01 00:00:00","2026-03-16 00:00:00","2026-03-16","2026-03-16"
"5992","500","2026-04-01","807.57","4845.42","Paid","2026-04-03 00:00:00","2026-04-14 00:00:00","2026-04-16","2026-04-14"
"5993","500","2026-05-01","380.77","2284.62","Pending","2026-05-03 00:00:00","2026-05-13 00:00:00","2026-05-16",""
"5994","500","2026-06-01","530.88","2919.84","Paid","2026-06-02 00:00:00","2026-06-12 00:00:00","2026-06-16","2026-06-12"
"5995","500","2026-07-01","408.81","2861.67","Paid","2026-07-01 00:00:00","2026-07-13 00:00:00","2026-07-16","2026-07-13"
"5996","500","2026-08-01","295.51","1773.06","Paid","2026-08-03 00:00:00","2026-08-16 00:00:00","2026-08-16","2026-08-16"
"5997","500","2026-09-01","295.19","1623.55","Paid","2026-09-02 00:00:00","2026-09-13 00:00:00","2026-09-16","2026-09-13"
"5998","500","2026-10-01","298.04","1788.24","Pending","2026-10-01 00:00:00","2026-10-11 00:00:00","2026-10-16",""
"5999","500","2026-11-01","373.11","2798.33","Paid","2026-11-02 00:00:00","2026-11-14 00:00:00","2026-11-16","2026-11-14"
"6000","500","2026-12-01","417.8","2715.7","Overdue","2026-12-02 00:00:00","2026-12-22 00:00:00","2026-12-16","2026-12-22"
